# cryogen dump manifest v1: key<TAB>size<TAB>mtime<TAB>crc32
0	1505	1784088786163	2888558648
1	1508	1784088786164	3198069163
10	1534	1784088786175	3222223097
100	1509	1784088786296	831261389
1000	1457	1784088791228	1023578099
10000	1609	1784088797328	3546344054
10001	1512	1784088797329	4046779258
10002	1608	1784088797329	2165973708
10003	1511	1784088797329	2733600760
10004	1608	1784088797330	2208669811
10005	1511	1784088797330	2703336496
10006	1532	1784088797331	1214254230
10007	1519	1784088797331	1004537878
10008	1559	1784088797331	56135479
10009	1533	1784088797333	992706394
1001	1457	1784088791229	1571664319
10010	1609	1784088797333	2164760835
10011	1585	1784088797333	1609810897
10012	1562	1784088797334	3459418008
10013	1552	1784088797334	1831729338
10014	1607	1784088797335	2079310282
10015	1508	1784088797335	2263258993
10016	1608	1784088797335	315778489
10017	1507	1784088797335	4195089107
10018	1614	1784088797336	2778965844
10019	1513	1784088797336	270308611
1002	1462	1784088791229	2367981716
10020	1606	1784088797337	530283582
10021	1507	1784088797337	2613404653
10022	1472	1784088797337	4068364898
10023	1550	1784088797338	2531878323
10024	1567	1784088797339	550016912
10025	1722	1784088797339	2003784223
10026	1535	1784088797339	1859093272
10027	1491	1784088797340	2344088143
10028	1491	1784088797340	323515694
10029	1740	1784088797341	2080692724
1003	1459	1784088791230	2754713147
10030	1714	1784088797341	2007757463
10031	1550	1784088797341	921157323
10032	1537	1784088797343	588397129
10033	1639	1784088797343	3802688680
10034	1829	1784088797343	3858528123
10035	1629	1784088797344	3799032939
10036	1616	1784088797344	2825980644
10037	1620	1784088797345	2160439491
10038	1602	1784088797345	1827089350
10039	1631	1784088797345	2637747604
1004	1458	1784088791230	1684268385
10040	1611	1784088797345	400907333
10041	1633	1784088797346	81148371
10042	1617	1784088797346	3858772656
10043	1619	1784088797347	247154251
10044	1604	1784088797347	665749056
10045	1635	1784088797348	3221262483
10046	1612	1784088797348	1783652603
10047	1627	1784088797348	426267433
10048	1617	1784088797349	2653284971
10049	1626	1784088797349	1035328404
1005	1599	1784088791231	1429022169
10050	1603	1784088797350	3387623863
10051	1634	1784088797350	248119901
10052	1617	1784088797350	3967797770
10053	1686	1784088797351	504246441
10054	1589	1784088797351	3404895924
10055	1605	1784088797351	3863825589
10056	1589	1784088797353	1531697427
10057	1757	1784088797353	1256246607
10058	1620	1784088797353	275859157
10059	1740	1784088797355	2866592612
1006	1504	1784088791231	968098556
10060	1620	1784088797355	1556644598
10061	1779	1784088797355	2513913420
10062	1622	1784088797356	2783114971
10063	1741	1784088797357	3861183745
10064	1621	1784088797357	78565882
10065	1747	1784088797358	837392893
10066	1590	1784088797358	2103709301
10067	1733	1784088797358	2715159331
10068	1590	1784088797359	2537854732
10069	1708	1784088797360	2607455548
1007	1769	1784088791231	1968969074
10070	1697	1784088797360	414468845
10071	1811	1784088797360	3958837356
10072	1698	1784088797361	3116851642
10073	1691	1784088797361	425269133
10074	1794	1784088797361	758496996
10075	1819	1784088797363	2601940662
10076	1722	1784088797363	3491885819
10077	1704	1784088797364	4105045045
10078	1686	1784088797364	4207732401
10079	1827	1784088797364	1179712614
1008	1657	1784088791231	4033848594
10080	1724	1784088797365	2011353822
10081	1847	1784088797365	490684435
10082	1723	1784088797365	2670518236
10083	1843	1784088797366	1430783701
10084	1723	1784088797366	4065377104
10085	1842	1784088797367	1077799711
10086	1725	1784088797367	2085888844
10087	1527	1784088797368	582839373
10088	1607	1784088797368	1346043567
10089	1610	1784088797368	147070515
1009	1600	1784088791233	719124506
10090	1611	1784088797369	4137596941
10091	1611	1784088797370	3165481448
10092	1468	1784088797370	2318155491
10093	1521	1784088797371	3216603943
10094	1512	1784088797371	3145973667
10095	1520	1784088797371	2426108931
10096	1506	1784088797373	1039159852
10097	1519	1784088797373	1003466838
10098	1512	1784088797374	1249579148
10099	1517	1784088797374	2691351362
101	1603	1784088786297	3449200665
1010	1508	1784088791233	2855864335
10100	1506	1784088797374	2020010698
10101	1523	1784088797375	4027055670
10102	1511	1784088797375	1332765083
10103	1517	1784088797375	4003668949
10104	1505	1784088797376	2817058016
10105	1644	1784088797376	866883788
10106	1507	1784088797377	1182834703
10107	1646	1784088797377	3690883794
10108	1513	1784088797378	3391226557
10109	1521	1784088797378	2697209241
1011	1858	1784088791233	1739555569
10110	1508	1784088797378	4283899550
10111	1523	1784088797379	1492088691
10112	1513	1784088797379	1856507392
10113	1515	1784088797380	1724956468
10114	1507	1784088797380	645560368
10115	1604	1784088797380	3801920633
10116	1511	1784088797381	3822959495
10117	1619	1784088797381	254067601
10118	1526	1784088797382	2978095552
10119	1619	1784088797382	2972510648
1012	1684	1784088791234	1527441817
10120	1527	1784088797383	1949284821
10121	1619	1784088797383	1186191954
10122	1527	1784088797383	2129894222
10123	1618	1784088797384	779143408
10124	1526	1784088797384	1604263571
10125	1523	1784088797385	832222282
10126	1514	1784088797385	4222922156
10127	1624	1784088797386	3186674849
10128	1514	1784088797386	3363530191
10129	1748	1784088797386	1439340102
1013	1831	1784088791234	2582546077
10130	1718	1784088797387	1807451768
10131	1480	1784088797387	4062172929
10132	1559	1784088797388	2661010485
10133	1543	1784088797388	2737229885
10134	1513	1784088797388	2764938935
10135	1506	1784088797389	2291218617
10136	1517	1784088797389	2010927374
10137	1508	1784088797390	4016503862
10138	1650	1784088797390	32604492
10139	1511	1784088797391	1941408376
1014	1662	1784088791236	424013643
10140	1608	1784088797391	2443354684
10141	1468	1784088797397	2149312856
10142	1696	1784088797397	3917368972
10143	1701	1784088797398	3174097670
10144	1698	1784088797398	4097399923
10145	1700	1784088797399	1813984488
10146	1737	1784088797399	3574541357
10147	1857	1784088797399	2885616236
10148	1851	1784088797400	311146057
10149	1858	1784088797400	928101850
1015	1857	1784088791236	3777778639
10150	1570	1784088797401	811251943
10151	1536	1784088797401	1636874018
10152	1463	1784088797401	2448191071
10153	1463	1784088797402	329279884
10154	1463	1784088797402	715551287
10155	1463	1784088797402	2833937892
10156	1660	1784088797403	1310198846
10157	1630	1784088797403	1315478014
10158	1690	1784088797403	2102720206
10159	1575	1784088797404	2916865912
1016	1683	1784088791236	2078871988
10160	1718	1784088797404	3613545233
10161	1715	1784088797405	2920235971
10162	1717	1784088797405	84076783
10163	1712	1784088797406	1726601963
10164	1465	1784088797406	1047712019
10165	1474	1784088797408	1686247145
10166	1474	1784088797408	1382417978
10167	1712	1784088797408	2723535167
10168	1510	1784088797409	4230713681
10169	1506	1784088797409	4287339767
1017	1787	1784088791237	1309982202
10170	1502	1784088797410	3680861048
10171	1516	1784088797410	1961249462
10172	1518	1784088797411	3568618001
10173	1508	1784088797411	788966630
10174	1524	1784088797412	1571095730
10175	1629	1784088797412	577744681
10176	1631	1784088797413	2672817809
10177	1629	1784088797413	2588122966
10178	1516	1784088797414	694154704
10179	1516	1784088797414	687379011
1018	1677	1784088791237	3748144472
10180	1515	1784088797415	3466929098
10181	1517	1784088797415	2948065213
10182	1515	1784088797416	1385274664
10183	1517	1784088797416	4012274796
10184	1515	1784088797417	767383631
10185	1517	1784088797417	781500447
10186	1515	1784088797418	2978604717
10187	1517	1784088797418	1845842894
10188	1515	1784088797419	3554988673
10189	1517	1784088797419	1988144824
1019	1785	1784088791238	584207701
10190	1515	1784088797420	3924391999
10191	1517	1784088797420	986013045
10192	1515	1784088797420	1977468637
10193	1517	1784088797421	2052378276
10194	1515	1784088797421	183567290
10195	1517	1784088797422	3152444119
10196	1515	1784088797422	2529541464
10197	1517	1784088797422	4218939654
10198	1515	1784088797423	4104685940
10199	1517	1784088797423	3824292976
102	1508	1784088786298	45632459
1020	1657	1784088791238	4132083761
10200	1515	1784088797424	2732008250
10201	1517	1784088797424	3138087538
10202	1515	1784088797424	1055104472
10203	1517	1784088797425	4221237667
10204	1515	1784088797425	1104107711
10205	1517	1784088797426	975719888
10206	1515	1784088797426	3724273245
10207	1517	1784088797426	2059001345
10208	1515	1784088797427	3214332529
10209	1517	1784088797427	1648108407
1021	1788	1784088791239	24198142
10210	1515	1784088797428	2241558735
10211	1517	1784088797428	779735226
10212	1515	1784088797428	430949933
10213	1517	1784088797429	1860715371
10214	1515	1784088797429	1719862090
10215	1517	1784088797430	2941974296
10216	1515	1784088797430	4206345640
10217	1517	1784088797431	4023084233
10218	1515	1784088797431	2564458884
10219	1517	1784088797431	4149123519
1022	1657	1784088791239	3789433356
10220	1515	1784088797433	3964638416
10221	1517	1784088797433	1251940771
10222	1515	1784088797434	1887119922
10223	1517	1784088797434	168725106
10224	1515	1784088797435	257421141
10225	1517	1784088797435	3418111489
10226	1515	1784088797435	2472759735
10227	1517	1784088797436	2335026640
10228	1515	1784088797436	4044252571
10229	1517	1784088797437	2477281446
1023	1791	1784088791240	4153062994
10230	1515	1784088797437	3406024485
10231	1517	1784088797437	3756893035
10232	1515	1784088797438	1463251399
10233	1517	1784088797438	2675716282
10234	1515	1784088797439	2929595987
10235	1517	1784088797439	4005085805
10236	1515	1784088797440	850045105
10237	1517	1784088797440	2921943484
10238	1515	1784088797441	1355259037
10239	1517	1784088797441	3064769738
1024	1657	1784088791240	3094794641
10240	1515	1784088797441	3110333981
10241	1517	1784088797442	858049845
10242	1515	1784088797442	626479359
10243	1517	1784088797443	1941266148
10244	1515	1784088797443	1518048664
10245	1517	1784088797443	2986863255
10246	1515	1784088797444	3327077242
10247	1517	1784088797444	4069947718
10248	1515	1784088797445	2753699670
10249	1517	1784088797445	3927147568
1025	1527	1784088791241	1009265273
10250	1515	1784088797445	2653926888
10251	1517	1784088797445	2790684669
10252	1515	1784088797447	35326730
10253	1517	1784088797447	3871859756
10254	1517	1784088797448	3007733796
10255	1519	1784088797448	1557572747
10256	1517	1784088797449	4091016181
10257	1519	1784088797449	2918439610
10258	1517	1784088797449	3948023427
10259	1519	1784088797450	396006126
1026	1514	1784088791241	1268702092
10260	1517	1784088797451	1451462303
10261	1519	1784088797451	475394370
10262	1517	1784088797451	370285902
10263	1519	1784088797451	3983574899
10264	1517	1784088797452	3617630525
10265	1519	1784088797452	627972961
10266	1517	1784088797453	2536585964
10267	1519	1784088797453	3561712976
10268	1517	1784088797454	2410989466
10269	1519	1784088797454	1847731460
1027	1791	1784088791244	4280211552
10270	1517	1784088797455	3287364695
10271	1519	1784088797455	885154788
10272	1517	1784088797455	2204149638
10273	1519	1784088797455	3320255957
10274	1517	1784088797457	1121063925
10275	1519	1784088797457	234457543
10276	1517	1784088797458	37978148
10277	1519	1784088797458	4242341878
10278	1517	1784088797459	449215826
10279	1519	1784088797459	1186314146
1028	1657	1784088791244	187115179
10280	1648	1784088797459	81187919
10281	1630	1784088797460	2267477644
10282	1809	1784088797460	16371784
10283	1627	1784088797461	1244269264
10284	1830	1784088797461	1614739763
10285	1643	1784088797461	1689472672
10286	1864	1784088797461	2824235959
10287	1724	1784088797462	2572713282
10288	1864	1784088797462	1964367542
10289	1724	1784088797463	1598775592
1029	1791	1784088791245	1390509385
10290	1864	1784088797463	1857197155
10291	1724	1784088797464	483467859
10292	1864	1784088797464	3946912652
10293	1724	1784088797465	73632591
10294	1864	1784088797465	2441913150
10295	1724	1784088797465	3787176102
10296	1867	1784088797465	613715852
10297	1726	1784088797467	3122683129
10298	1867	1784088797467	1723682436
10299	1726	1784088797468	2606371597
103	1603	1784088786299	2876790810
1030	1657	1784088791246	1248966665
10300	1867	1784088797468	1741145910
10301	1726	1784088797469	2277468835
10302	1867	1784088797469	2035968104
10303	1726	1784088797470	3457364269
10304	1867	1784088797470	2039177373
10305	1726	1784088797470	391677195
10306	1795	1784088797471	2859365834
10307	1696	1784088797471	3576117793
10308	1795	1784088797471	3133124896
10309	1696	1784088797472	3453736778
1031	1788	1784088791246	467260759
10310	1795	1784088797472	4206948
10311	1696	1784088797472	3145408999
10312	1795	1784088797473	4042475332
10313	1696	1784088797473	1991675377
10314	1795	1784088797474	1599724544
10315	1696	1784088797474	1422804256
10316	1656	1784088797475	2027891014
10317	1502	1784088797475	3596068075
10318	1661	1784088797475	1734479464
10319	1502	1784088797477	44945412
1032	1657	1784088791247	1908599024
10320	1661	1784088797477	304530879
10321	1502	1784088797478	255588523
10322	1648	1784088797478	4186837183
10323	1502	1784088797479	3941948543
10324	1661	1784088797479	2088433981
10325	1502	1784088797480	534230850
10326	1627	1784088797480	3824496267
10327	1622	1784088797481	4146326037
10328	1594	1784088797481	3240452921
10329	1603	1784088797482	47059495
1033	1774	1784088791247	3838395645
10330	1789	1784088797482	2056317884
10331	1759	1784088797482	3020192046
10332	1783	1784088797483	313872769
10333	1760	1784088797483	468730606
10334	1791	1784088797484	404280838
10335	1754	1784088797484	1639733218
10336	1775	1784088797485	1548549108
10337	1752	1784088797485	2687200794
10338	1663	1784088797485	1802375837
10339	1643	1784088797485	1354747489
1034	1665	1784088791247	1859456734
10340	1659	1784088797487	1979786391
10341	1639	1784088797487	3596215753
10342	1678	1784088797488	2210808414
10343	1641	1784088797488	3993439045
10344	1618	1784088797489	2657122821
10345	1598	1784088797489	1040766277
10346	1697	1784088797490	1078754299
10347	1682	1784088797490	3546364587
10348	1701	1784088797491	773062447
10349	1683	1784088797491	3161211413
1035	1776	1784088791248	4207277673
10350	1707	1784088797491	1582572556
10351	1682	1784088797491	2349127195
10352	1706	1784088797493	3226460042
10353	1684	1784088797493	2703191647
10354	1902	1784088797494	1687872582
10355	1785	1784088797494	1445544029
10356	1887	1784088797495	3790163025
10357	1769	1784088797495	4151253548
10358	1887	1784088797496	4282024935
10359	1769	1784088797496	2886501160
1036	1679	1784088791248	1110020480
10360	1887	1784088797496	565818403
10361	1769	1784088797497	912933864
10362	1819	1784088797497	2266126380
10363	1702	1784088797498	4182105930
10364	1650	1784088797498	3738563995
10365	1533	1784088797499	4184827165
10366	1647	1784088797499	465854617
10367	1529	1784088797499	2659752870
10368	1889	1784088797500	769097895
10369	1749	1784088797500	3419310418
1037	1527	1784088791249	909834369
10370	1957	1784088797501	3923541097
10371	1752	1784088797501	994260047
10372	1947	1784088797501	2999490056
10373	1752	1784088797501	2629301266
10374	1913	1784088797503	4018092007
10375	1695	1784088797503	188622036
10376	1891	1784088797504	432405317
10377	1748	1784088797504	565859826
10378	1901	1784088797505	15255806
10379	1751	1784088797505	1375979487
1038	1534	1784088791249	1175309822
10380	1891	1784088797505	3365301358
10381	1751	1784088797506	1177388807
10382	1897	1784088797506	3483129679
10383	1694	1784088797506	1181036014
10384	1897	1784088797507	102921728
10385	1751	1784088797507	2475127736
10386	1970	1784088797508	4217905219
10387	1754	1784088797508	3161797123
10388	1960	1784088797508	1687972824
10389	1754	1784088797509	238991579
1039	1518	1784088791250	1359340627
10390	1926	1784088797510	2624255814
10391	1697	1784088797510	2136080875
10392	1537	1784088797510	780159896
10393	1510	1784088797511	50861699
10394	1527	1784088797511	2852849399
10395	1511	1784088797511	3455688817
10396	1522	1784088797513	498480717
10397	1506	1784088797513	3991234955
10398	1532	1784088797513	3290631761
10399	1508	1784088797514	339326366
104	1511	1784088786301	3972019232
1040	1621	1784088791250	3852746967
10400	1535	1784088797514	2115689218
10401	1515	1784088797515	1232583680
10402	1529	1784088797515	3457712097
10403	1514	1784088797516	2619050134
10404	1709	1784088797516	504409895
10405	1513	1784088797516	2716461114
10406	1703	1784088797517	2078117590
10407	1512	1784088797517	2200826887
10408	1716	1784088797518	3994738854
10409	1514	1784088797518	151169481
1041	1521	1784088791251	1822801137
10410	1710	1784088797519	1591414760
10411	1513	1784088797519	3234708320
10412	1717	1784088797519	1490578700
10413	1515	1784088797520	3762531699
10414	1711	1784088797520	2995100693
10415	1514	1784088797521	1030992773
10416	1718	1784088797521	424317389
10417	1516	1784088797521	1145636717
10418	1712	1784088797521	3571512889
10419	1515	1784088797523	3288204612
1042	1619	1784088791251	142078460
10420	1536	1784088797523	285458736
10421	1516	1784088797524	1128314670
10422	1530	1784088797524	932915719
10423	1515	1784088797525	789528157
10424	1693	1784088797525	3512264089
10425	1514	1784088797526	1297135904
10426	1687	1784088797526	1016947511
10427	1513	1784088797526	1928339807
10428	1698	1784088797527	3329582974
10429	1515	1784088797527	3576974011
1043	1519	1784088791252	2601935649
10430	1692	1784088797527	3261514797
10431	1514	1784088797528	4214248059
10432	1699	1784088797528	985492211
10433	1516	1784088797529	1701664212
10434	1693	1784088797530	2003352388
10435	1515	1784088797530	1784848287
10436	1700	1784088797531	2526852710
10437	1517	1784088797531	3181440526
10438	1694	1784088797532	3648369479
10439	1516	1784088797532	3861018176
1044	1622	1784088791252	231285197
10440	1755	1784088797532	2588792530
10441	1740	1784088797533	3761066832
10442	1752	1784088797533	303937965
10443	1737	1784088797534	29256608
10444	1763	1784088797534	2318571477
10445	1738	1784088797534	262401313
10446	1654	1784088797535	3213190210
10447	1640	1784088797536	337033356
10448	1651	1784088797536	1695529331
10449	1637	1784088797536	4061231135
1045	1520	1784088791253	1515082611
10450	1652	1784088797536	1311239294
10451	1638	1784088797537	1883643961
10452	1814	1784088797537	317226249
10453	1621	1784088797538	2283186989
10454	1811	1784088797538	3739621063
10455	1618	1784088797539	71175016
10456	1648	1784088797539	138547956
10457	1619	1784088797539	2360980588
10458	1734	1784088797540	2492729401
10459	1595	1784088797541	216695423
1046	1621	1784088791253	4244294906
10460	1608	1784088797541	3020403388
10461	1593	1784088797541	3876750906
10462	1731	1784088797543	1800027838
10463	1592	1784088797543	762291886
10464	1735	1784088797544	1208900232
10465	1596	1784088797544	3831963546
10466	1732	1784088797545	692614044
10467	1593	1784088797545	2045094484
10468	1609	1784088797546	473763914
10469	1594	1784088797546	3651835445
1047	1521	1784088791254	2402798921
10470	1596	1784088797547	3993410330
10471	1579	1784088797547	409272748
10472	1593	1784088797547	3586885094
10473	1576	1784088797548	3955544504
10474	1594	1784088797548	2062696278
10475	1577	1784088797549	2070804929
10476	1734	1784088797549	1735058475
10477	1460	1784088797550	136724739
10478	1460	1784088797550	3751645199
10479	1460	1784088797550	3642471131
1048	1618	1784088791254	370999096
10480	1460	1784088797551	1221904719
10481	1460	1784088797551	3113317976
10482	1466	1784088797552	3771783473
10483	1462	1784088797552	3307408652
10484	1463	1784088797553	520200132
10485	1504	1784088797553	1876863510
10486	1507	1784088797553	3719652697
10487	1732	1784088797554	3810469523
10488	1529	1784088797554	438514259
10489	1513	1784088797555	1498861337
1049	1520	1784088791254	368941858
10490	1519	1784088797555	467468555
10491	1713	1784088797556	2888196331
10492	1524	1784088797556	2237347248
10493	1519	1784088797557	2218843223
10494	1511	1784088797557	4188574668
10495	1520	1784088797558	1800404033
10496	1519	1784088797559	569252404
10497	1459	1784088797559	2532973996
10498	1654	1784088797560	3711470431
10499	1657	1784088797560	4267639060
105	1602	1784088786302	788534310
1050	1536	1784088791255	642708963
10500	1523	1784088797561	4148078516
10501	1776	1784088797561	41800363
10502	1458	1784088797561	3962296508
10503	1458	1784088797562	3458167891
10504	1458	1784088797562	1013714261
10505	1458	1784088797563	4255006047
10506	1482	1784088797563	1370037198
10507	1562	1784088797563	604440595
10508	1522	1784088797564	2728847090
10509	1465	1784088797564	164520377
1051	1517	1784088791255	1548003311
10510	1459	1784088797565	730207102
10511	1562	1784088797565	715476513
10512	1559	1784088797566	2474114425
10513	1467	1784088797566	2341578976
10514	1463	1784088797567	2362607979
10515	1467	1784088797567	93092702
10516	1493	1784088797567	3227436307
10517	1493	1784088797568	169800282
10518	1493	1784088797568	4110014827
10519	1493	1784088797569	1052372514
1052	1690	1784088791256	763551328
10520	1493	1784088797569	1226595
10521	1474	1784088797569	4288774058
10522	1475	1784088797570	3983924785
10523	1477	1784088797570	2294586956
10524	1478	1784088797571	687472524
10525	1482	1784088797571	1881450852
10526	1580	1784088797572	2577283781
10527	1580	1784088797572	2940340170
10528	1580	1784088797573	1120295646
10529	1580	1784088797574	1947887569
1053	1614	1784088791256	1969759233
10530	1580	1784088797574	3219092811
10531	1549	1784088797574	396135667
10532	1545	1784088797575	3499860075
10533	1548	1784088797575	1988770615
10534	1547	1784088797576	2024127993
10535	1470	1784088797576	3648247528
10536	1475	1784088797577	63412135
10537	1466	1784088797577	20751981
10538	1578	1784088797578	1294930123
10539	1554	1784088797578	3386625011
1054	1510	1784088791257	945068631
10540	1578	1784088797579	2513973165
10541	1575	1784088797579	3327280126
10542	1478	1784088797579	3382261991
10543	1478	1784088797580	3069935987
10544	1485	1784088797580	1417419346
10545	1478	1784088797581	3102513993
10546	1474	1784088797581	1099367499
10547	1749	1784088797582	2741026718
10548	1749	1784088797582	1508527242
10549	1749	1784088797582	3587900051
1055	1613	1784088791257	3309413657
10550	1743	1784088797583	1444063215
10551	1749	1784088797583	2539484256
10552	1727	1784088797584	1062651405
10553	1807	1784088797584	2521490166
10554	1807	1784088797585	1579143096
10555	1733	1784088797585	1681846963
10556	1470	1784088797586	3684112800
10557	1472	1784088797586	337976415
10558	1475	1784088797586	2108683344
10559	1479	1784088797587	2523557147
1056	1509	1784088791258	4056651444
10560	1591	1784088797587	442948009
10561	1460	1784088797588	3305654170
10562	1473	1784088797588	1669695526
10563	1540	1784088797589	2017636989
10564	1724	1784088797589	3560907522
10565	1703	1784088797589	1988481960
10566	1674	1784088797590	4012137064
10567	1588	1784088797590	1298662153
10568	1458	1784088797591	3363071962
10569	1588	1784088797591	849663199
1057	1528	1784088791259	556238024
10570	1458	1784088797592	3996369579
10571	1588	1784088797592	3423825129
10572	1458	1784088797592	3466956967
10573	1588	1784088797593	652310218
10574	1458	1784088797593	2841502629
10575	1588	1784088797594	335048522
10576	1458	1784088797594	4001715975
10577	1588	1784088797594	678708429
10578	1458	1784088797595	1722615201
10579	1588	1784088797595	3661430859
1058	1508	1784088791259	3385287504
10580	1458	1784088797596	3443613980
10581	1686	1784088797596	2645025676
10582	1690	1784088797597	1830227186
10583	1691	1784088797597	40888090
10584	1692	1784088797597	234312702
10585	1510	1784088797598	2767000486
10586	1515	1784088797598	1426776057
10587	1472	1784088797599	172638178
10588	1677	1784088797599	1359555012
10589	1729	1784088797599	1820535940
1059	1712	1784088791260	3848976228
10590	1701	1784088797600	2517184627
10591	1474	1784088797600	3271273713
10592	1527	1784088797601	96569341
10593	1516	1784088797601	2232805534
10594	1521	1784088797602	2514743712
10595	1516	1784088797602	996662454
10596	1519	1784088797603	3223035969
10597	1515	1784088797604	1193837816
10598	1642	1784088797604	2643818766
10599	1640	1784088797605	3649756527
106	1510	1784088786303	2861921010
1060	1696	1784088791260	3389623775
10600	1511	1784088797606	3688519038
10601	1537	1784088797606	2712002077
10602	1677	1784088797607	167354242
10603	1681	1784088797607	1912670097
10604	1593	1784088797608	1770397101
10605	1542	1784088797608	2816333799
10606	1595	1784088797609	1046924056
10607	1523	1784088797609	1654572400
10608	1599	1784088797610	2633645376
10609	1712	1784088797610	2086230603
1061	1782	1784088791260	401280611
10610	1674	1784088797611	3820081290
10611	1643	1784088797611	2143829690
10612	1561	1784088797612	2381844585
10613	1647	1784088797612	1748260143
10614	1636	1784088797613	1038648993
10615	1650	1784088797613	1185234057
10616	1669	1784088797614	3858658063
10617	1481	1784088797614	3830673194
10618	1768	1784088797614	1849846970
10619	1772	1784088797615	3029071764
1062	1681	1784088791261	1908385569
10620	1773	1784088797615	1949701852
10621	1473	1784088797616	669681288
10622	1557	1784088797616	1112652711
10623	1556	1784088797617	3779573974
10624	1563	1784088797617	1467108620
10625	1555	1784088797617	2318585895
10626	1641	1784088797618	1048479112
10627	1661	1784088797618	2388271542
10628	1660	1784088797619	3642405719
10629	1476	1784088797620	1262792692
1063	1718	1784088791261	450547022
10630	1556	1784088797620	849777022
10631	1472	1784088797621	2335272148
10632	1554	1784088797621	1664726983
10633	1475	1784088797622	3325576118
10634	1735	1784088797622	3342087349
10635	1662	1784088797622	1738667868
10636	1562	1784088797623	3671594636
10637	1657	1784088797623	1151360472
10638	1640	1784088797624	4129441335
10639	1779	1784088797624	506096131
1064	1700	1784088791262	3959720861
10640	1785	1784088797624	1157240705
10641	1784	1784088797625	790888936
10642	1784	1784088797625	2277959075
10643	1779	1784088797626	1045705117
10644	1780	1784088797626	1663641400
10645	1786	1784088797627	2030961681
10646	1781	1784088797627	3022087990
10647	1789	1784088797628	3813117410
10648	1784	1784088797628	1875986999
10649	1785	1784088797628	923861897
1065	1850	1784088791262	3497876191
10650	1785	1784088797628	1277159381
10651	1783	1784088797629	2008715438
10652	1786	1784088797629	2298570501
10653	1776	1784088797630	1568544309
10654	1785	1784088797630	3173168808
10655	1783	1784088797631	955781028
10656	1785	1784088797631	289349085
10657	1784	1784088797631	872535567
10658	1784	1784088797631	3579781491
10659	1785	1784088797633	1100857760
1066	1723	1784088791263	3383898076
10660	1786	1784088797633	1056514031
10661	1784	1784088797634	230508032
10662	1774	1784088797634	2785554098
10663	1661	1784088797634	2203125093
10664	1764	1784088797635	2757469521
10665	1746	1784088797636	4109453095
10666	1793	1784088797636	4269870510
10667	1790	1784088797637	4201733349
10668	1747	1784088797637	2570083815
10669	1793	1784088797638	1522660665
1067	1792	1784088791263	1764704814
10670	1790	1784088797638	3919768317
10671	1746	1784088797639	2539172560
10672	1793	1784088797639	2100190435
10673	1790	1784088797639	1820512382
10674	1746	1784088797640	399757369
10675	1793	1784088797640	4126386741
10676	1790	1784088797641	20350867
10677	1746	1784088797641	407386653
10678	1793	1784088797642	266743749
10679	1790	1784088797642	511226279
1068	1665	1784088791263	1582011656
10680	1724	1784088797642	1552091268
10681	1724	1784088797643	2818077970
10682	1733	1784088797644	1581605836
10683	1734	1784088797644	1921259346
10684	1776	1784088797645	2015484172
10685	1777	1784088797645	1059351697
10686	1771	1784088797646	1870376132
10687	1768	1784088797646	2340802397
10688	1535	1784088797647	1810752956
10689	1712	1784088797647	3586550176
1069	1804	1784088791264	3562947945
10690	1776	1784088797648	2067611076
10691	1778	1784088797648	507369244
10692	1471	1784088797648	3317186967
10693	1568	1784088797649	1254237154
10694	1565	1784088797649	730524015
10695	1567	1784088797650	788100577
10696	1666	1784088797650	1713296990
10697	1787	1784088797650	2973984282
10698	1786	1784088797651	3063515563
10699	1734	1784088797652	4211537993
107	1607	1784088786304	3622304818
1070	1709	1784088791264	1080199855
10700	1734	1784088797652	825816789
10701	1734	1784088797652	1840321516
10702	1734	1784088797653	2167145130
10703	1734	1784088797653	3783393897
10704	1775	1784088797654	893711559
10705	1775	1784088797654	2605076256
10706	1775	1784088797655	612840397
10707	1775	1784088797655	1825908230
10708	1775	1784088797656	4253051316
10709	1778	1784088797656	3888519846
1071	1876	1784088791265	1629401466
10710	1778	1784088797657	481285597
10711	1778	1784088797657	958381927
10712	1778	1784088797657	1520506897
10713	1778	1784088797658	3184265673
10714	1611	1784088797658	3105076032
10715	1616	1784088797659	187746783
10716	1616	1784088797659	1728915671
10717	1603	1784088797660	2458587923
10718	1616	1784088797660	3750161502
10719	1783	1784088797660	788054137
1072	1740	1784088791265	1634916692
10720	1718	1784088797661	3428024824
10721	1468	1784088797661	3727208378
10722	1474	1784088797662	283230441
10723	1496	1784088797662	3746436368
10724	1482	1784088797662	2805686840
10725	1486	1784088797663	2373189245
10726	1480	1784088797663	541570724
10727	1485	1784088797664	4195626771
10728	1486	1784088797664	758838553
10729	1478	1784088797665	362459494
1073	1862	1784088791266	3062770561
10730	1604	1784088797665	3993993180
10731	1487	1784088797665	4136251863
10732	1716	1784088797666	1476787284
10733	1468	1784088797666	373501331
10734	1470	1784088797667	1956778708
10735	1673	1784088797667	3322054962
10736	1631	1784088797667	2740169599
10737	1457	1784088797668	3908192369
10738	1628	1784088797668	1978579658
10739	1457	1784088797669	2563449619
1074	1726	1784088791267	1019643731
10740	1489	1784088797669	3652162085
10741	1457	1784088797670	564409087
10742	1479	1784088797670	2410446665
10743	1457	1784088797670	3146552287
10744	1474	1784088797671	3642565102
10745	1457	1784088797671	3464787710
10746	1484	1784088797671	673240704
10747	1457	1784088797673	1420613598
10748	1484	1784088797673	3653201221
10749	1457	1784088797673	613792956
1075	1795	1784088791267	350294589
10750	1660	1784088797674	3677540494
10751	1457	1784088797674	3521557995
10752	1666	1784088797675	426423362
10753	1457	1784088797675	1271796939
10754	1666	1784088797676	303948666
10755	1457	1784088797676	1053225450
10756	1666	1784088797677	914089696
10757	1457	1784088797677	2767081674
10758	1487	1784088797677	336751772
10759	1457	1784088797677	3570875304
1076	1662	1784088791268	291671750
10760	1573	1784088797678	1564102133
10761	1457	1784088797678	441465494
10762	1573	1784088797679	901541546
10763	1457	1784088797679	2155387830
10764	1572	1784088797680	4257689064
10765	1457	1784088797680	4117790359
10766	1569	1784088797680	2241330864
10767	1457	1784088797681	1868095415
10768	1575	1784088797681	2322970948
10769	1457	1784088797681	526496981
1077	1862	1784088791268	2681042016
10770	1573	1784088797683	106548860
10771	1457	1784088797684	3927096706
10772	1579	1784088797684	324691243
10773	1457	1784088797685	1882856610
10774	1480	1784088797685	2548196993
10775	1457	1784088797686	87226755
10776	1790	1784088797686	2249812621
10777	1457	1784088797687	2669303971
10778	1806	1784088797687	2276294815
10779	1457	1784088797687	4012061633
1078	1738	1784088791269	2493399817
10780	1791	1784088797687	1922135610
10781	1457	1784088797688	3114009481
10782	1781	1784088797688	2866938859
10783	1457	1784088797689	599040681
10784	1673	1784088797689	1689406938
10785	1457	1784088797690	1455179656
10786	1547	1784088797690	1333099621
10787	1457	1784088797691	3432310440
10788	1670	1784088797691	2737622656
10789	1457	1784088797691	3165490634
1079	1863	1784088791269	1852263030
10790	1844	1784088797693	3020286628
10791	1457	1784088797693	1239319709
10792	1857	1784088797693	1548205370
10793	1457	1784088797694	3556124093
10794	1788	1784088797694	1268778056
10795	1457	1784088797695	2801713308
10796	1655	1784088797695	745202142
10797	1457	1784088797695	1020682684
10798	1786	1784088797696	2859031500
10799	1457	1784088797696	1290734302
108	1513	1784088786304	567331171
1080	1724	1784088791270	3905395724
10800	1787	1784088797697	2955505436
10801	1457	1784088797697	3251467547
10802	1485	1784088797697	3058257005
10803	1457	1784088797698	1541788731
10804	1570	1784088797698	774588141
10805	1457	1784088797699	787296538
10806	1568	1784088797699	2804271421
10807	1457	1784088797700	3032846394
10808	1648	1784088797700	4055709124
10809	1512	1784088797701	3052860216
1081	1775	1784088791270	3403082324
10810	1656	1784088797701	2119069672
10811	1511	1784088797701	3331019694
10812	1512	1784088797703	1740905872
10813	1504	1784088797703	2553955084
10814	1588	1784088797704	1878366815
10815	1499	1784088797704	850083057
10816	1509	1784088797705	1500787198
10817	1505	1784088797705	1944462101
10818	1514	1784088797706	1099755703
10819	1502	1784088797706	1619550760
1082	1666	1784088791271	3288615387
10820	1524	1784088797707	2146931826
10821	1509	1784088797707	501930129
10822	1821	1784088797707	3081170766
10823	1721	1784088797707	2226849506
10824	1718	1784088797708	4092352307
10825	1708	1784088797709	3967388428
10826	1857	1784088797709	1738118613
10827	1732	1784088797710	2337677879
10828	1709	1784088797710	3788009074
10829	1528	1784088797711	3829122801
1083	1803	1784088791271	1934524433
10830	1525	1784088797711	3318620358
10831	1539	1784088797711	2793816426
10832	1539	1784088797711	2937658859
10833	1540	1784088797713	661080877
10834	1539	1784088797713	340403106
10835	1542	1784088797714	2040816939
10836	1600	1784088797714	50554397
10837	1600	1784088797715	4038822587
10838	1583	1784088797715	3195900685
10839	1574	1784088797715	3994278405
1084	1710	1784088791272	379743614
10840	1578	1784088797716	3271583838
10841	1476	1784088797716	1394796905
10842	1551	1784088797717	2054178426
10843	1694	1784088797717	540060186
10844	1621	1784088797717	1618050282
10845	1613	1784088797717	2674342615
10846	1477	1784088797718	2366295206
10847	1621	1784088797718	2848721352
10848	1563	1784088797719	3048121320
10849	1479	1784088797719	1132586892
1085	1856	1784088791272	3013585184
10850	1561	1784088797719	290024719
10851	1563	1784088797720	1515806321
10852	1474	1784088797720	2637473166
10853	1474	1784088797721	3287240706
10854	1474	1784088797721	2421506291
10855	1474	1784088797721	1181651094
10856	1514	1784088797723	398364488
10857	1531	1784088797723	297709792
10858	1710	1784088797723	809684260
10859	1519	1784088797724	2181229288
1086	1741	1784088791273	3594580213
10860	1469	1784088797724	4075652306
10861	1470	1784088797725	3505087468
10862	1529	1784088797725	1371543770
10863	1483	1784088797725	1244892499
10864	1481	1784088797726	1009952632
10865	1486	1784088797726	919317810
10866	1704	1784088797727	3782431444
10867	1458	1784088797727	3484719480
10868	1458	1784088797727	3524772314
10869	1458	1784088797727	333836752
1087	1776	1784088791273	2876822923
10870	1515	1784088797728	1855607931
10871	1502	1784088797729	870123473
10872	1511	1784088797730	2763735298
10873	1511	1784088797730	3143661459
10874	1509	1784088797731	3443916359
10875	1510	1784088797731	205718697
10876	1506	1784088797731	3719762665
10877	1541	1784088797733	1938456602
10878	1693	1784088797733	2469108627
10879	1689	1784088797733	199115899
1088	1663	1784088791274	3909868259
10880	1682	1784088797734	359164565
10881	1688	1784088797734	527094328
10882	1692	1784088797735	1276135466
10883	1485	1784088797735	3621519874
10884	1617	1784088797736	806782749
10885	1502	1784088797736	716764158
10886	1597	1784088797737	3989512842
10887	1732	1784088797737	3331463945
10888	1525	1784088797737	281625763
10889	1521	1784088797738	554867151
1089	1846	1784088791274	2244424900
10890	1525	1784088797738	2285665441
10891	1467	1784088797739	294507732
10892	1460	1784088797739	1910149256
10893	1513	1784088797739	593901313
10894	1514	1784088797740	159835186
10895	1507	1784088797740	278774652
10896	1513	1784088797741	618662711
10897	1512	1784088797741	2630185643
10898	1502	1784088797742	637367776
10899	1714	1784088797742	1421367839
109	1609	1784088786305	3146089556
1090	1739	1784088791274	1492514580
10900	1466	1784088797742	2182007973
10901	1465	1784088797742	1403240496
10902	1464	1784088797744	2919927252
10903	1464	1784088797744	3866987524
10904	1714	1784088797745	3420602508
10905	1459	1784088797745	2903629406
10906	1459	1784088797746	1802267252
10907	1459	1784088797747	2978103807
10908	1459	1784088797747	1694923461
10909	1611	1784088797748	656276264
1091	1842	1784088791275	4065688755
10910	1516	1784088797748	1596689972
10911	1611	1784088797748	3678269458
10912	1516	1784088797749	3538574225
10913	1611	1784088797749	2459387922
10914	1516	1784088797750	2581147645
10915	1611	1784088797750	2480623829
10916	1516	1784088797751	1499099799
10917	1609	1784088797751	469057261
10918	1516	1784088797751	196052541
10919	1609	1784088797751	1956164660
1092	1727	1784088791275	2766982709
10920	1516	1784088797752	1507893294
10921	1609	1784088797752	1510217265
10922	1516	1784088797753	1396666403
10923	1609	1784088797753	508161370
10924	1516	1784088797754	2818899755
10925	1607	1784088797754	1550471871
10926	1512	1784088797755	3859510564
10927	1607	1784088797755	1478928821
10928	1512	1784088797755	981239488
10929	1607	1784088797756	3464582527
1093	1843	1784088791276	2653880032
10930	1512	1784088797756	786277542
10931	1607	1784088797757	2314538168
10932	1512	1784088797757	2774386488
10933	1587	1784088797758	2055082390
10934	1479	1784088797758	4118285156
10935	1583	1784088797759	352151201
10936	1585	1784088797759	3749254126
10937	1518	1784088797759	2244614326
10938	1512	1784088797760	3910844141
10939	1583	1784088797760	808531313
1094	1725	1784088791276	735941409
10940	1479	1784088797761	2299912170
10941	1498	1784088797761	2863898499
10942	1472	1784088797762	1945724020
10943	1576	1784088797762	2333591693
10944	1578	1784088797763	4288105684
10945	1481	1784088797763	4175989921
10946	1458	1784088797764	4106328127
10947	1454	1784088797764	2912795150
10948	1457	1784088797765	3595478477
10949	1460	1784088797765	1013581009
1095	1667	1784088791277	3234231266
10950	1473	1784088797766	3096996978
10951	1473	1784088797766	157555080
10952	1560	1784088797767	2277836959
10953	1537	1784088797767	700063742
10954	1762	1784088797768	1059812362
10955	1742	1784088797768	3830253255
10956	1753	1784088797769	2212780488
10957	1735	1784088797769	1685120814
10958	1709	1784088797770	3999028131
10959	1693	1784088797770	549750613
1096	1655	1784088791277	3295098710
10960	1475	1784088797771	1165443127
10961	1474	1784088797771	3096017537
10962	1469	1784088797772	2830846738
10963	1476	1784088797772	2279875918
10964	1467	1784088797773	2291120552
10965	1471	1784088797773	3418409865
10966	1474	1784088797775	2477055328
10967	1474	1784088797776	2187385328
10968	1466	1784088797777	3969587355
10969	1477	1784088797778	1437183919
1097	1822	1784088791278	759410074
10970	1467	1784088797779	368741643
10971	1466	1784088797779	2320390445
10972	1479	1784088797780	1375665765
10973	1541	1784088797780	2337273960
10974	1535	1784088797781	402743937
10975	1467	1784088797782	3474036039
10976	1471	1784088797782	1302926808
10977	1465	1784088797783	1335471318
10978	1517	1784088797784	2592275458
10979	1503	1784088797785	3951644350
1098	1732	1784088791279	2985746043
10980	1471	1784088797786	64900844
10981	1521	1784088797787	1427814923
10982	1510	1784088797788	562552918
10983	1501	1784088797789	872080586
10984	1501	1784088797789	2918698826
10985	1503	1784088797790	2471281859
10986	1503	1784088797791	3211416454
10987	1501	1784088797791	3256009579
10988	1501	1784088797792	2391159183
10989	1505	1784088797793	265103753
1099	1740	1784088791279	3580895491
10990	1505	1784088797793	3456510999
10991	1512	1784088797794	2321732271
10992	1512	1784088797794	2382452179
10993	1505	1784088797795	937024662
10994	1505	1784088797795	2172480927
10995	1473	1784088797796	1909599935
10996	1480	1784088797796	3880524738
10997	1472	1784088797797	2188571152
10998	1472	1784088797797	1138992376
10999	1522	1784088797798	1760052957
11	1522	1784088786176	442284837
110	1514	1784088786306	19008446
1100	1725	1784088791280	4221666351
11000	1457	1784088797798	1700587237
11001	1528	1784088797799	447036450
11002	1525	1784088797799	430061104
11003	1731	1784088797800	102021144
11004	1513	1784088797800	3365499882
11005	1513	1784088797801	3603127094
11006	1522	1784088797801	597975738
11007	1522	1784088797802	748609051
11008	1512	1784088797803	3959729922
11009	1599	1784088797803	93353107
1101	1688	1784088791280	2088588078
11010	1517	1784088797804	4289464028
11011	1520	1784088797804	1007856598
11012	1509	1784088797805	1841211070
11013	1517	1784088797805	2951790358
11014	1668	1784088797806	1755030534
11015	1482	1784088797806	392243826
11016	1485	1784088797807	2507025144
11017	1492	1784088797808	293461551
11018	1476	1784088797808	4115304512
11019	1532	1784088797809	2253497615
1102	1678	1784088791281	4237558116
11020	1539	1784088797809	1880087591
11021	1535	1784088797810	3213414147
11022	1523	1784088797810	1641511162
11023	1510	1784088797810	3742885723
11024	1518	1784088797811	1657444026
11025	1519	1784088797811	1019805772
11026	1514	1784088797812	1051843822
11027	1519	1784088797812	2131822475
11028	1519	1784088797813	1753861365
11029	1519	1784088797813	3115017480
1103	1805	1784088791281	1517103957
11030	1519	1784088797814	1081836988
11031	1514	1784088797814	106743715
11032	1511	1784088797815	1081567228
11033	1513	1784088797815	4034775285
11034	1521	1784088797816	3638916964
11035	1520	1784088797816	2474339074
11036	1510	1784088797816	2160627193
11037	1753	1784088797817	4204686583
11038	1730	1784088797817	666187262
11039	1507	1784088797818	1239383527
1104	1677	1784088791281	3081686634
11040	1502	1784088797818	3985094917
11041	1507	1784088797819	4229875553
11042	1507	1784088797819	2787949842
11043	1507	1784088797820	63589650
11044	1521	1784088797820	2012890999
11045	1481	1784088797821	441516906
11046	1522	1784088797821	2019482877
11047	1471	1784088797822	2945656159
11048	1509	1784088797822	1133901678
11049	1515	1784088797823	3401104026
1105	1717	1784088791283	2551384923
11050	1512	1784088797823	767544173
11051	1511	1784088797824	3016151676
11052	1525	1784088797824	1108377341
11053	1514	1784088797825	2125938548
11054	1514	1784088797825	3613058669
11055	1519	1784088797826	609904968
11056	1513	1784088797826	1645620262
11057	1519	1784088797827	4107828110
11058	1508	1784088797827	563964640
11059	1508	1784088797828	1687648541
1106	1707	1784088791283	2312552844
11060	1587	1784088797828	4022075831
11061	1798	1784088797829	815089644
11062	1521	1784088797829	3604687470
11063	1475	1784088797831	2918422367
11064	1774	1784088797831	2503808529
11065	1549	1784088797832	76207704
11066	1523	1784088797832	458150287
11067	1564	1784088797833	2996846465
11068	1555	1784088797833	286857697
11069	1626	1784088797834	845341993
1107	1859	1784088791283	4115779075
11070	1524	1784088797834	1471888005
11071	1556	1784088797835	3545695607
11072	1617	1784088797835	1462863373
11073	1514	1784088797836	4161822730
11074	1636	1784088797836	3322945203
11075	1533	1784088797837	3037184854
11076	1616	1784088797837	1724044103
11077	1513	1784088797838	1949363593
11078	1556	1784088797839	1472444429
11079	1641	1784088797839	1150223275
1108	1738	1784088791284	1280871476
11080	1538	1784088797840	2407722990
11081	1642	1784088797840	3779489383
11082	1538	1784088797840	429247454
11083	1641	1784088797841	3690328797
11084	1538	1784088797841	3753638458
11085	1611	1784088797842	3866585715
11086	1510	1784088797842	297152490
11087	1554	1784088797843	757610104
11088	1650	1784088797843	1439212612
11089	1549	1784088797844	3210811254
1109	1871	1784088791284	3865692578
11090	1602	1784088797844	1529238388
11091	1513	1784088797845	3856218680
11092	1614	1784088797845	1291651701
11093	1513	1784088797845	2704506205
11094	1554	1784088797846	2349268063
11095	1660	1784088797846	1410117238
11096	1556	1784088797847	2637113468
11097	1645	1784088797847	790709633
11098	1540	1784088797848	2154773456
11099	1645	1784088797848	2988192985
111	1605	1784088786308	1477740809
1110	1740	1784088791284	864166637
11100	1540	1784088797849	2439222675
11101	1645	1784088797849	1699895382
11102	1540	1784088797850	3560776442
11103	1660	1784088797850	3554815261
11104	1556	1784088797851	2634982241
11105	1720	1784088797851	297371272
11106	1629	1784088797852	3607774367
11107	1705	1784088797852	1880976739
11108	1613	1784088797852	2346884473
11109	1705	1784088797853	4035776939
1111	1856	1784088791285	1949643457
11110	1613	1784088797853	3242537137
11111	1705	1784088797854	4002778516
11112	1613	1784088797855	2590630412
11113	1622	1784088797855	1956966417
11114	1531	1784088797856	2756035896
11115	1616	1784088797857	2827329943
11116	1513	1784088797858	3918307923
11117	1556	1784088797859	1064522902
11118	1882	1784088797859	1374412114
11119	1779	1784088797860	2634320459
1112	1725	1784088791285	303030630
11120	1867	1784088797860	3428931695
11121	1763	1784088797861	584227893
11122	1867	1784088797861	689040396
11123	1763	1784088797862	1024141731
11124	1867	1784088797862	3723572968
11125	1763	1784088797863	492959513
11126	1783	1784088797863	4249163644
11127	1680	1784088797864	2978519900
11128	1689	1784088797864	822380488
11129	1673	1784088797865	1842983127
1113	1857	1784088791286	2366306326
11130	1657	1784088797865	3451592612
11131	1512	1784088797866	835694227
11132	1595	1784088797866	2609980077
11133	1807	1784088797867	3731336234
11134	1662	1784088797867	364813544
11135	1483	1784088797868	3144094156
11136	1675	1784088797868	710439111
11137	1631	1784088797869	3268016324
11138	1871	1784088797870	4092428852
11139	1631	1784088797870	3485769424
1114	1723	1784088791286	1767747490
11140	1900	1784088797871	2424763331
11141	1631	1784088797871	3942034464
11142	1458	1784088797872	3394931521
11143	1458	1784088797872	974654549
11144	1458	1784088797873	2252772346
11145	1458	1784088797873	1979978990
11146	1458	1784088797874	3182599059
11147	1458	1784088797874	1307581575
11148	1458	1784088797875	511615628
11149	1458	1784088797875	3996919192
1115	1812	1784088791287	2381808900
11150	1458	1784088797876	3951302098
11151	1623	1784088797876	3407172735
11152	1623	1784088797877	323327208
11153	1622	1784088797877	3902853637
11154	1617	1784088797878	841657981
11155	1606	1784088797878	2378560943
11156	1526	1784088797878	1175203889
11157	1515	1784088797879	1286530299
11158	1529	1784088797879	784044687
11159	1514	1784088797880	4249812159
1116	1680	1784088791287	1285396113
11160	1566	1784088797880	2511683710
11161	1566	1784088797881	1720164860
11162	1566	1784088797881	1754910499
11163	1566	1784088797882	3195133760
11164	1514	1784088797882	2700259702
11165	1625	1784088797882	1230089657
11166	1594	1784088797883	2473812213
11167	1702	1784088797883	3181021543
11168	1594	1784088797884	701045338
11169	1468	1784088797884	2649175154
1117	1817	1784088791287	3610118903
11170	1460	1784088797885	98520385
11171	1468	1784088797886	2055779409
11172	1460	1784088797886	2757325836
11173	1528	1784088797886	2326597791
11174	1525	1784088797887	2421347874
11175	1484	1784088797887	1211709480
11176	1469	1784088797888	2910846211
11177	1473	1784088797888	1496182292
11178	1467	1784088797889	217815116
11179	1461	1784088797889	2025051169
1118	1681	1784088791288	2291977572
11180	1466	1784088797889	3578162112
11181	1465	1784088797890	2492083465
11182	1464	1784088797890	3297862683
11183	1469	1784088797891	1313673460
11184	1475	1784088797891	2622125072
11185	1616	1784088797892	4180923926
11186	1616	1784088797892	446249519
11187	1616	1784088797893	1140891192
11188	1616	1784088797894	2682506855
11189	1616	1784088797894	3246025328
1119	1810	1784088791288	1242594068
11190	1605	1784088797895	2302463138
11191	1605	1784088797895	894517735
11192	1605	1784088797895	1398060392
11193	1605	1784088797896	2533055788
11194	1605	1784088797896	3869063543
11195	1551	1784088797897	4164081511
11196	1697	1784088797897	2748906642
11197	1520	1784088797898	3414509872
11198	1515	1784088797898	1977256105
11199	1521	1784088797898	2194519553
112	1511	1784088786311	4185606619
1120	1710	1784088791289	4283448335
11200	1741	1784088797899	3727135212
11201	1710	1784088797899	1441235756
11202	1519	1784088797900	1814836488
11203	1515	1784088797901	3282968224
11204	1535	1784088797902	2011783955
11205	1721	1784088797902	1877380388
11206	1462	1784088797903	1358826587
11207	1462	1784088797903	1339649143
11208	1462	1784088797903	1008429571
11209	1462	1784088797904	1616925793
1121	1880	1784088791289	260231222
11210	1516	1784088797904	1582789737
11211	1523	1784088797905	2291629981
11212	1777	1784088797905	1276399314
11213	1459	1784088797906	3465988366
11214	1459	1784088797906	134939307
11215	1459	1784088797906	3177554683
11216	1459	1784088797907	1887733512
11217	1784	1784088797907	3376731117
11218	1460	1784088797908	3484234421
11219	1460	1784088797908	328936289
1122	1742	1784088791290	3373436030
11220	1460	1784088797909	1014496163
11221	1460	1784088797909	988928375
11222	1784	1784088797909	1955410429
11223	1461	1784088797910	4285706091
11224	1461	1784088797910	3423482130
11225	1461	1784088797911	2375341651
11226	1461	1784088797911	3572945176
11227	1781	1784088797912	2161112377
11228	1782	1784088797912	203429912
11229	1783	1784088797913	3200208379
1123	1866	1784088791291	2472529821
11230	1621	1784088797913	2978201710
11231	1625	1784088797914	3639347445
11232	1515	1784088797914	3332270759
11233	1626	1784088797915	1098206669
11234	1627	1784088797916	309170122
11235	1655	1784088797916	591950857
11236	1635	1784088797917	2291081661
11237	1723	1784088797917	1702201486
11238	1723	1784088797918	3170982288
11239	1531	1784088797918	725785697
1124	1728	1784088791291	1499716703
11240	1719	1784088797919	4075143448
11241	1532	1784088797919	3256865676
11242	1721	1784088797920	4268006886
11243	1533	1784088797920	3154419528
11244	1721	1784088797920	2850305487
11245	1532	1784088797921	3907564041
11246	1723	1784088797921	429184745
11247	1531	1784088797922	1778497519
11248	1727	1784088797922	3415838190
11249	1535	1784088797923	577318557
1125	1870	1784088791291	2609968242
11250	1725	1784088797923	1072447893
11251	1533	1784088797924	3587395671
11252	1722	1784088797925	1822552510
11253	1533	1784088797925	2484959623
11254	1552	1784088797926	1421272941
11255	1532	1784088797926	3717164562
11256	1720	1784088797926	2233542722
11257	1533	1784088797927	3124062829
11258	1497	1784088797927	2084752727
11259	1556	1784088797928	1810817161
1126	1740	1784088791293	706621995
11260	1515	1784088797928	2017969413
11261	1505	1784088797929	4131548346
11262	1520	1784088797929	1307282366
11263	1508	1784088797929	425739542
11264	1518	1784088797930	405083633
11265	1506	1784088797930	3266367253
11266	1512	1784088797931	1994912
11267	1463	1784088797931	2419239080
11268	1471	1784088797931	2565471758
11269	1468	1784088797932	3503358962
1127	1880	1784088791293	787377324
11270	1457	1784088797933	2758079870
11271	1471	1784088797934	952241918
11272	1458	1784088797935	2672741041
11273	1631	1784088797935	1901249675
11274	1601	1784088797936	3036230545
11275	1506	1784088797936	2951863428
11276	1517	1784088797937	2077344595
11277	1483	1784088797938	1072253930
11278	1480	1784088797938	3109734505
11279	1528	1784088797939	3134852316
1128	1739	1784088791293	3416584846
11280	1580	1784088797939	696171084
11281	1469	1784088797940	2632084650
11282	1567	1784088797940	4056904284
11283	1750	1784088797941	725211860
11284	1765	1784088797941	4043208014
11285	1740	1784088797941	2887527507
11286	1533	1784088797942	3386493632
11287	1514	1784088797942	2031705140
11288	1464	1784088797943	1785200742
11289	1547	1784088797943	2716048494
1129	1679	1784088791294	206536415
11290	1547	1784088797944	4161413497
11291	1545	1784088797944	3851982939
11292	1547	1784088797944	985607984
11293	1547	1784088797945	3821234359
11294	1547	1784088797945	3541149968
11295	1544	1784088797946	2482319305
11296	1545	1784088797947	3130759526
11297	1546	1784088797947	3727611457
11298	1547	1784088797948	1830437030
11299	1547	1784088798353	1765647987
113	1625	1784088786311	861744121
1130	1670	1784088791294	1398432065
11300	1547	1784088798354	1427023542
11301	1547	1784088798355	998680941
11302	1547	1784088798355	425907961
11303	1546	1784088798356	2321578794
11304	1547	1784088798356	531847502
11305	1546	1784088798357	4174691226
11306	1549	1784088798358	3972605811
11307	1548	1784088798358	3290766125
11308	1548	1784088798358	3990776379
11309	1548	1784088798359	699587110
1131	1745	1784088791295	3153384695
11310	1548	1784088798359	2467252621
11311	1548	1784088798360	1687662182
11312	1549	1784088798360	2379823398
11313	1548	1784088798361	2851860316
11314	1548	1784088798361	2871348105
11315	1548	1784088798362	1867119508
11316	1548	1784088798362	3476962975
11317	1548	1784088798363	950458740
11318	1549	1784088798363	2430670729
11319	1548	1784088798363	2239423915
1132	1736	1784088791295	753689847
11320	1465	1784088798364	591968461
11321	1465	1784088798365	3668034127
11322	1465	1784088798365	3329470521
11323	1495	1784088798366	3209003772
11324	1525	1784088798366	3275460703
11325	1517	1784088798367	3282692046
11326	1688	1784088798368	2835396405
11327	1520	1784088798369	937391074
11328	1521	1784088798370	3273171406
11329	1508	1784088798370	2950189169
1133	1770	1784088791296	1646929623
11330	1522	1784088798371	1756802191
11331	1509	1784088798371	3639555744
11332	1524	1784088798372	3600950663
11333	1511	1784088798372	3890598747
11334	1473	1784088798373	2858553540
11335	1751	1784088798373	450927354
11336	1727	1784088798374	2428247589
11337	1478	1784088798374	3823877178
11338	1477	1784088798375	4128474465
11339	1609	1784088798375	3648771199
1134	1761	1784088791296	3900600848
11340	1623	1784088798376	2226832487
11341	1476	1784088798376	86980388
11342	1476	1784088798377	3768647424
11343	1476	1784088798377	3104750914
11344	1476	1784088798378	4289947627
11345	1476	1784088798378	2786928041
11346	1476	1784088798379	1133702541
11347	1476	1784088798379	440184783
11348	1476	1784088798380	3247724093
11349	1476	1784088798380	2553943167
1135	1787	1784088791297	1854190112
11350	1476	1784088798380	3809412277
11351	1476	1784088798381	3131131639
11352	1476	1784088798381	1596886739
11353	1476	1784088798382	109104273
11354	1476	1784088798382	1077745208
11355	1476	1784088798383	429085818
11356	1476	1784088798384	4229733470
11357	1476	1784088798385	2779962908
11358	1476	1784088798386	2115643374
11359	1476	1784088798387	666133932
1136	1769	1784088791298	1495608533
11360	1476	1784088798387	4176253057
11361	1476	1784088798388	2705511107
11362	1476	1784088798389	1154292455
11363	1476	1784088798390	493050021
11364	1476	1784088798390	1541308940
11365	1476	1784088798391	40943694
11366	1476	1784088798392	3892250730
11367	1880	1784088798392	3528464656
11368	1716	1784088798393	872285815
11369	1857	1784088798394	1846300888
1137	1759	1784088791298	499023838
11370	1715	1784088798394	2818421497
11371	1906	1784088798395	381684275
11372	1748	1784088798396	1414275468
11373	1918	1784088798396	3694641182
11374	1751	1784088798397	2078401870
11375	1919	1784088798398	3093245618
11376	1752	1784088798398	1946056888
11377	1920	1784088798400	2088851073
11378	1753	1784088798401	2811454612
11379	1884	1784088798401	2668393372
1138	1658	1784088791299	696623686
11380	1720	1784088798402	3720336509
11381	1867	1784088798402	610201999
11382	1885	1784088798403	775661486
11383	1721	1784088798404	3864690063
11384	1886	1784088798404	1073850549
11385	1722	1784088798405	1291155128
11386	1861	1784088798405	2065957349
11387	1719	1784088798406	3528769053
11388	1844	1784088798407	2308049985
11389	1862	1784088798407	3329971810
1139	1763	1784088791299	2885790010
11390	1720	1784088798408	254371005
11391	1863	1784088798409	1752247004
11392	1721	1784088798409	1605593602
11393	1910	1784088798410	3172191252
11394	1752	1784088798410	1413429571
11395	1893	1784088798411	3097174995
11396	1911	1784088798412	2333799400
11397	1753	1784088798412	2702928164
11398	1912	1784088798413	1764470261
11399	1754	1784088798414	2893437966
114	1528	1784088786312	4050023271
1140	1660	1784088791300	1530803822
11400	1922	1784088798415	237308662
11401	1755	1784088798415	2850020330
11402	1905	1784088798416	2805759859
11403	1923	1784088798416	253350910
11404	1756	1784088798417	3668894936
11405	1924	1784088798418	2140605610
11406	1757	1784088798419	3723038517
11407	1923	1784088798420	4123372518
11408	1756	1784088798420	3139617086
11409	1906	1784088798421	116730946
1141	1723	1784088791300	183590007
11410	1924	1784088798422	3941228668
11411	1757	1784088798423	424635921
11412	1925	1784088798423	2329619227
11413	1758	1784088798424	1179771545
11414	1924	1784088798424	4147249831
11415	1757	1784088798425	1403613936
11416	1907	1784088798425	2204858304
11417	1882	1784088798426	3955330575
11418	1715	1784088798426	3919106466
11419	1926	1784088798427	554052353
1142	1702	1784088791300	4148120679
11420	1759	1784088798427	3430732658
11421	1599	1784088798428	3088572928
11422	1577	1784088798428	4196247738
11423	1593	1784088798428	3388158789
11424	1602	1784088798429	3928020674
11425	1602	1784088798430	1263626883
11426	1602	1784088798431	3098201443
11427	1467	1784088798431	4235202370
11428	1467	1784088798433	2409350542
11429	1650	1784088798433	1553392173
1143	1840	1784088791301	209284713
11430	1508	1784088798433	3011775441
11431	1629	1784088798434	1445750813
11432	1508	1784088798434	4043256088
11433	1656	1784088798435	1449046197
11434	1514	1784088798435	2234553085
11435	1635	1784088798436	1031396025
11436	1514	1784088798437	3559805475
11437	1652	1784088798438	4155273396
11438	1513	1784088798439	3157488548
11439	1651	1784088798439	2923930092
1144	1736	1784088791301	4056618907
11440	1512	1784088798440	1328198467
11441	1632	1784088798441	986750572
11442	1511	1784088798441	2138783249
11443	1653	1784088798442	647375922
11444	1511	1784088798442	1640988015
11445	1652	1784088798443	4202694782
11446	1510	1784088798444	2277479600
11447	1630	1784088798444	3814455275
11448	1509	1784088798445	3325973154
11449	1646	1784088798445	1819339283
1145	1827	1784088791301	3988458312
11450	1510	1784088798446	1763026338
11451	1627	1784088798446	849710398
11452	1510	1784088798447	2210651403
11453	1651	1784088798447	1793283270
11454	1509	1784088798448	3738927134
11455	1630	1784088798448	1624337241
11456	1509	1784088798449	4129706626
11457	1652	1784088798449	407362199
11458	1510	1784088798450	2933283634
11459	1631	1784088798450	2295623109
1146	1723	1784088791303	3023625569
11460	1510	1784088798451	2243638452
11461	1653	1784088798451	1043572709
11462	1511	1784088798452	3568198301
11463	1631	1784088798453	464281624
11464	1510	1784088798453	3135164604
11465	1652	1784088798454	1451459014
11466	1510	1784088798454	26243671
11467	1630	1784088798455	1345527650
11468	1509	1784088798455	1135589815
11469	1658	1784088798456	2852305791
1147	1828	1784088791303	2160102106
11470	1516	1784088798457	4160503837
11471	1636	1784088798457	3319200447
11472	1515	1784088798458	923468230
11473	1657	1784088798458	3123328878
11474	1515	1784088798459	4118983854
11475	1636	1784088798459	1867913381
11476	1515	1784088798460	84967766
11477	1653	1784088798460	798927452
11478	1511	1784088798461	2096185799
11479	1632	1784088798462	3399239557
1148	1721	1784088791304	2009264559
11480	1511	1784088798463	965310369
11481	1658	1784088798463	3412225788
11482	1516	1784088798464	1370210928
11483	1636	1784088798464	3617097604
11484	1515	1784088798465	3243128939
11485	1660	1784088798465	1167618818
11486	1518	1784088798466	2277625791
11487	1639	1784088798466	713188949
11488	1518	1784088798467	4241086455
11489	1656	1784088798467	836615754
1149	1834	1784088791305	1737360523
11490	1517	1784088798467	1716138614
11491	1636	1784088798468	3506832515
11492	1517	1784088798468	1433571296
11493	1659	1784088798469	3802092408
11494	1517	1784088798470	169425873
11495	1638	1784088798470	721737963
11496	1517	1784088798471	3297985152
11497	1656	1784088798471	3289930194
11498	1517	1784088798473	115762848
11499	1636	1784088798474	3110523171
115	1625	1784088786315	2944073792
1150	1724	1784088791306	1579291975
11500	1517	1784088798474	4234165884
11501	1655	1784088798476	3701617556
11502	1513	1784088798476	1230659210
11503	1634	1784088798477	1961679541
11504	1513	1784088798478	571956617
11505	1654	1784088798478	1875880239
11506	1512	1784088798480	2097887364
11507	1633	1784088798481	1757164917
11508	1512	1784088798483	3424370028
11509	1653	1784088798484	3119315103
1151	1804	1784088791306	1273677310
11510	1511	1784088798485	14672538
11511	1632	1784088798486	2825138470
11512	1511	1784088798487	4056492182
11513	1651	1784088798487	3556512721
11514	1509	1784088798487	1179094444
11515	1630	1784088798488	3563783913
11516	1509	1784088798488	3574493482
11517	1651	1784088798489	1300034312
11518	1509	1784088798489	1223963173
11519	1630	1784088798490	3008404965
1152	1704	1784088791307	869767991
11520	1509	1784088798491	1528603074
11521	1650	1784088798491	2434253002
11522	1511	1784088798493	2221355416
11523	1630	1784088798494	1056901616
11524	1511	1784088798495	2260400092
11525	1520	1784088798495	3162098069
11526	1537	1784088798496	4066733
11527	1535	1784088798497	515264810
11528	1552	1784088798498	3091031377
11529	1569	1784088798498	3695234656
1153	1781	1784088791307	820618480
11530	1602	1784088798499	1044019916
11531	1536	1784088798499	1846109792
11532	1552	1784088798500	2944202010
11533	1551	1784088798500	24678098
11534	1571	1784088798501	1339598763
11535	1572	1784088798501	695400748
11536	1564	1784088798501	29441346
11537	1566	1784088798503	1500181576
11538	1564	1784088798503	3888690927
11539	1551	1784088798504	2771262029
1154	1660	1784088791308	1746270902
11540	1609	1784088798505	245691444
11541	1552	1784088798505	303145046
11542	1585	1784088798506	3572723941
11543	1572	1784088798506	1738207535
11544	1570	1784088798507	3553992777
11545	1569	1784088798507	3790452707
11546	1555	1784088798507	3570107976
11547	1608	1784088798508	2572588157
11548	1572	1784088798509	4118548538
11549	1572	1784088798510	1354060659
1155	1784	1784088791308	875282923
11550	1571	1784088798510	3939970794
11551	1549	1784088798511	3514114664
11552	1606	1784088798511	263583796
11553	1551	1784088798511	908536888
11554	1548	1784088798513	503587540
11555	1536	1784088798513	2857402569
11556	1554	1784088798514	2665256647
11557	1536	1784088798514	3982491901
11558	1552	1784088798515	2597826861
11559	1571	1784088798515	669703351
1156	1661	1784088791309	779684773
11560	1535	1784088798516	2512124222
11561	1552	1784088798516	1092344155
11562	1551	1784088798517	1538012434
11563	1533	1784088798517	1796130389
11564	1569	1784088798518	1766951067
11565	1551	1784088798518	83619433
11566	1535	1784088798519	2709309526
11567	1577	1784088798520	3713855397
11568	1564	1784088798520	1006893755
11569	1551	1784088798521	4125209523
1157	1809	1784088791309	1452214122
11570	1532	1784088798521	1928700800
11571	1551	1784088798523	372051513
11572	1535	1784088798523	424105663
11573	1569	1784088798525	453764720
11574	1550	1784088798526	485652895
11575	1553	1784088798526	2795297289
11576	1582	1784088798527	2841899501
11577	1533	1784088798527	750067555
11578	1552	1784088798527	894516886
11579	1565	1784088798528	4087505782
1158	1704	1784088791310	376847015
11580	1551	1784088798528	3090541382
11581	1608	1784088798528	690892638
11582	1536	1784088798530	1799519340
11583	1588	1784088798530	1750416836
11584	1552	1784088798531	1210068727
11585	1551	1784088798531	3585697909
11586	1567	1784088798532	3954960897
11587	1554	1784088798532	293172715
11588	1554	1784088798533	2911448398
11589	1535	1784088798533	2376536913
1159	1863	1784088791310	856931168
11590	1554	1784088798534	2692712852
11591	1463	1784088798534	3991673419
11592	1552	1784088798535	2004167591
11593	1552	1784088798535	895223655
11594	1638	1784088798535	2300092564
11595	1569	1784088798536	866202650
11596	1638	1784088798537	3595155909
11597	1571	1784088798537	3214796865
11598	1536	1784088798538	2603291098
11599	1535	1784088798538	1419074070
116	1528	1784088786316	1644533272
1160	1739	1784088791311	1837459857
11600	1551	1784088798540	2289555913
11601	1551	1784088798541	3866033985
11602	1569	1784088798541	3350257392
11603	1551	1784088798541	1672935678
11604	1550	1784088798543	1904329812
11605	1550	1784088798543	366773399
11606	1567	1784088798544	2972157246
11607	1591	1784088798545	3515379387
11608	1534	1784088798545	1248915965
11609	1571	1784088798545	3049026724
1161	1848	1784088791311	626189869
11610	1607	1784088798546	3470616410
11611	1535	1784088798547	3665584281
11612	1535	1784088798547	681901488
11613	1535	1784088798548	539144769
11614	1553	1784088798548	4134748154
11615	1585	1784088798549	1033304601
11616	1569	1784088798549	2216257078
11617	1454	1784088798550	2574229922
11618	1574	1784088798550	557120204
11619	1568	1784088798551	3636966746
1162	1724	1784088791315	675452325
11620	1535	1784088798551	2435686247
11621	1555	1784088798551	4190428529
11622	1610	1784088798552	361047724
11623	1536	1784088798552	3051276956
11624	1553	1784088798553	3441529728
11625	1551	1784088798554	3323232799
11626	1535	1784088798554	2270487148
11627	1536	1784088798555	2271549471
11628	1572	1784088798556	3567427629
11629	1535	1784088798556	295076010
1163	1849	1784088791315	3032738328
11630	1593	1784088798558	889524913
11631	1598	1784088798559	1129045569
11632	1607	1784088798560	40168666
11633	1627	1784088798560	2242709805
11634	1594	1784088798561	1494029356
11635	1568	1784088798561	1231081806
11636	1552	1784088798562	194346568
11637	1593	1784088798562	622170587
11638	1568	1784088798563	3427641619
11639	1552	1784088798564	3398006283
1164	1722	1784088791316	2692958928
11640	1519	1784088798565	1505518730
11641	1567	1784088798565	611774501
11642	1455	1784088798566	2988918840
11643	1455	1784088798566	874860780
11644	1454	1784088798568	2832412025
11645	1573	1784088798569	2762145607
11646	1455	1784088798569	3048654458
11647	1454	1784088798569	599412315
11648	1567	1784088798570	2387643355
11649	1556	1784088798571	2299027726
1165	1829	1784088791316	1149033744
11650	1568	1784088798571	273094406
11651	1589	1784088798571	1896348986
11652	1569	1784088798572	622522005
11653	1555	1784088798573	2716756147
11654	1454	1784088798573	3830285466
11655	1521	1784088798574	3447413230
11656	1521	1784088798574	766061792
11657	1511	1784088798575	2443612019
11658	1455	1784088798575	597528786
11659	1455	1784088798576	4244370630
1166	1709	1784088791317	4203872841
11660	1455	1784088798576	9576959
11661	1455	1784088798576	3757327851
11662	1455	1784088798578	3561498231
11663	1596	1784088798579	1950120466
11664	1615	1784088798579	2033606338
11665	1594	1784088798580	3577088559
11666	1598	1784088798581	228840226
11667	1598	1784088798581	105231326
11668	1598	1784088798581	3643890232
11669	1598	1784088798582	1834982963
1167	1766	1784088791317	1061348112
11670	1598	1784088798582	3028310267
11671	1598	1784088798583	3703176546
11672	1598	1784088798584	120379052
11673	1598	1784088798585	3007451815
11674	1578	1784088798585	352574471
11675	1583	1784088798586	506988673
11676	1582	1784088798588	69402313
11677	1557	1784088798588	3609300812
11678	1619	1784088798589	3841181361
11679	1616	1784088798590	2068708988
1168	1654	1784088791318	904526248
11680	1515	1784088798590	2402013322
11681	1522	1784088798591	726632093
11682	1465	1784088798591	4191898045
11683	1455	1784088798591	933180993
11684	1455	1784088798592	2920885495
11685	1455	1784088798592	164490367
11686	1520	1784088798593	663957484
11687	1514	1784088798594	1759192732
11688	1520	1784088798594	609208285
11689	1514	1784088798595	3143486336
1169	1746	1784088791318	3188126316
11690	1519	1784088798595	2030290022
11691	1513	1784088798596	2925295527
11692	1525	1784088798596	372507880
11693	1514	1784088798598	4086395922
11694	1787	1784088798598	2265205717
11695	1756	1784088798599	1552738740
11696	1791	1784088798599	2827632459
11697	1755	1784088798599	3761570145
11698	1794	1784088798600	208300009
11699	1758	1784088798600	522787426
117	1624	1784088786318	911151752
1170	1719	1784088791319	4043849926
11700	1792	1784088798601	532054840
11701	1756	1784088798601	3519842517
11702	1521	1784088798602	3821802205
11703	1511	1784088798603	1775420431
11704	1515	1784088798603	3409405076
11705	1510	1784088798604	4002546869
11706	1523	1784088798604	139843676
11707	1513	1784088798605	3568016965
11708	1521	1784088798605	3249365256
11709	1511	1784088798605	933168331
1171	1863	1784088791319	1406684269
11710	1520	1784088798606	1549519008
11711	1515	1784088798606	1650343281
11712	1520	1784088798608	2984815718
11713	1515	1784088798608	2270755237
11714	1520	1784088798609	3681706602
11715	1515	1784088798609	2730213835
11716	1771	1784088798610	559838418
11717	1747	1784088798610	1424082670
11718	1771	1784088798611	3160840753
11719	1753	1784088798611	3588893557
1172	1655	1784088791320	2878264536
11720	1784	1784088798611	1774808515
11721	1762	1784088798611	2969894069
11722	1787	1784088798612	4191406768
11723	1761	1784088798612	2881242741
11724	1728	1784088798613	4185280470
11725	1711	1784088798613	3236698491
11726	1720	1784088798614	3447217173
11727	1705	1784088798614	1648686964
11728	1650	1784088798616	339142415
11729	1632	1784088798616	1457835218
1173	1758	1784088791321	695922529
11730	1772	1784088798616	873369527
11731	1752	1784088798616	947195520
11732	1651	1784088798616	376805369
11733	1634	1784088798618	1832164584
11734	1472	1784088798619	2005139058
11735	1472	1784088798620	2149523529
11736	1902	1784088798621	389730600
11737	1796	1784088798621	4201781330
11738	1904	1784088798621	1593231497
11739	1798	1784088798623	526868227
1174	1660	1784088791321	169046913
11740	1475	1784088798623	3775854227
11741	1458	1784088798624	4021805719
11742	1478	1784088798624	1236132777
11743	1458	1784088798625	4289167687
11744	1478	1784088798625	3924770708
11745	1458	1784088798626	3482789175
11746	1548	1784088798626	3029055667
11747	1518	1784088798627	3475584918
11748	1598	1784088798628	3322144306
11749	1488	1784088798628	3307203499
1175	1769	1784088791321	3912931348
11750	1619	1784088798629	2695079517
11751	1468	1784088798629	1598374966
11752	1464	1784088798630	2142727202
11753	1631	1784088798630	3539539393
11754	1631	1784088798631	3565135563
11755	1631	1784088798631	437595784
11756	1681	1784088798631	780541655
11757	1682	1784088798633	1344449422
11758	1682	1784088798633	2966947505
11759	1458	1784088798634	3763015771
1176	1673	1784088791323	2793431304
11760	1588	1784088798634	3858230226
11761	1522	1784088798635	1780338554
11762	1521	1784088798635	2960017440
11763	1511	1784088798636	4012746048
11764	1509	1784088798636	2962382090
11765	1517	1784088798637	3775594359
11766	1510	1784088798637	2716689473
11767	1517	1784088798638	3140874977
11768	1516	1784088798638	3969767190
11769	1523	1784088798639	2597847517
1177	1802	1784088791323	2138029837
11770	1516	1784088798639	1679070148
11771	1516	1784088798640	1129891889
11772	1516	1784088798640	713827374
11773	1516	1784088798641	230719451
11774	1516	1784088798641	4180016144
11775	1506	1784088798642	516683271
11776	1521	1784088798644	2147157494
11777	1515	1784088798645	4220988690
11778	1535	1784088798646	3616211262
11779	1509	1784088798647	85036718
1178	1706	1784088791323	698234220
11780	1529	1784088798647	2665248334
11781	1588	1784088798648	2235164112
11782	1606	1784088798648	820787673
11783	1509	1784088798649	3733524919
11784	1526	1784088798649	3043739151
11785	1514	1784088798650	2846438060
11786	1520	1784088798650	3223021602
11787	1522	1784088798651	154268873
11788	1607	1784088798651	2676694963
11789	1537	1784088798652	1155352219
1179	1832	1784088791324	1252775145
11790	1492	1784088798652	908226236
11791	1620	1784088798653	803707103
11792	1472	1784088798653	3495196763
11793	1469	1784088798653	2803121448
11794	1630	1784088798654	2965715137
11795	1516	1784088798654	3353750949
11796	1515	1784088798655	863035173
11797	1517	1784088798655	927378104
11798	1514	1784088798656	877242489
11799	1515	1784088798656	2540682595
118	1527	1784088786320	3572147312
1180	1736	1784088791324	470368522
11800	1516	1784088798657	3780978837
11801	1455	1784088798658	1075150026
11802	1470	1784088798658	1642682933
11803	1471	1784088798658	749636995
11804	1470	1784088798659	1774893739
11805	1469	1784088798659	3521670799
11806	1473	1784088798660	687874353
11807	1522	1784088798661	450336733
11808	1513	1784088798661	3362630956
11809	1533	1784088798662	558204036
1181	1843	1784088791325	441962596
11810	1524	1784088798662	1987100686
11811	1524	1784088798663	31057003
11812	1524	1784088798663	2127055984
11813	1459	1784088798664	2189588775
11814	1549	1784088798664	4018775879
11815	1533	1784088798665	1770791739
11816	1549	1784088798665	1826064272
11817	1533	1784088798666	973166287
11818	1629	1784088798667	2680150389
11819	1531	1784088798667	1684954905
1182	1739	1784088791326	185009030
11820	1629	1784088798668	2701193296
11821	1531	1784088798668	3891280905
11822	1658	1784088798668	436521363
11823	1560	1784088798669	1359730422
11824	1658	1784088798669	2163087154
11825	1560	1784088798670	2799065552
11826	1658	1784088798670	1298351417
11827	1561	1784088798671	2997383598
11828	1658	1784088798671	656611028
11829	1561	1784088798672	852325494
1183	1823	1784088791327	4097801933
11830	1664	1784088798672	3901597071
11831	1563	1784088798672	1262829678
11832	1664	1784088798673	1826815464
11833	1563	1784088798673	3552046137
11834	1649	1784088798674	1557140761
11835	1548	1784088798674	3129684591
11836	1649	1784088798675	2655301494
11837	1548	1784088798675	715267041
11838	1660	1784088798675	1644466836
11839	1559	1784088798676	2283325191
1184	1724	1784088791328	2269738021
11840	1660	1784088798676	1102515092
11841	1559	1784088798677	2593808939
11842	1568	1784088798677	3926239809
11843	1552	1784088798678	552574400
11844	1568	1784088798678	465075831
11845	1552	1784088798678	1798978678
11846	1619	1784088798679	1119890963
11847	1603	1784088798679	1656837086
11848	1620	1784088798680	1335425385
11849	1604	1784088798680	2942874122
1185	1824	1784088791328	2459650212
11850	1591	1784088798681	2385645240
11851	1575	1784088798681	1702292636
11852	1590	1784088798681	1562374137
11853	1574	1784088798682	3688858750
11854	1619	1784088798683	3984586424
11855	1603	1784088798683	749728753
11856	1590	1784088798683	1898234096
11857	1574	1784088798684	1480965507
11858	1560	1784088798684	4122512785
11859	1543	1784088798685	2132710554
1186	1722	1784088791329	345966613
11860	1590	1784088798685	2438159243
11861	1573	1784088798685	2843228270
11862	1588	1784088798686	2714106914
11863	1571	1784088798687	4289124950
11864	1604	1784088798687	426080084
11865	1588	1784088798688	2806137785
11866	1696	1784088798688	2789163133
11867	1572	1784088798689	2716015818
11868	1691	1784088798689	4108178651
11869	1571	1784088798690	3851623048
1187	1758	1784088791329	2570808714
11870	1690	1784088798690	1275810302
11871	1573	1784088798691	2823752488
11872	1585	1784088798691	2090350800
11873	1569	1784088798691	2911702874
11874	1587	1784088798692	2185699164
11875	1571	1784088798692	2639761389
11876	1589	1784088798693	2433644230
11877	1573	1784088798693	3515764594
11878	1571	1784088798693	897235861
11879	1554	1784088798694	2695859944
1188	1740	1784088791330	4061252423
11880	1571	1784088798694	1966626898
11881	1554	1784088798695	3933335624
11882	1686	1784088798695	3950496565
11883	1559	1784088798696	3117081294
11884	1686	1784088798696	2595496176
11885	1559	1784088798697	4102476547
11886	1692	1784088798697	448350085
11887	1556	1784088798698	3646542248
11888	1692	1784088798699	4242156676
11889	1556	1784088798699	2544683627
1189	1800	1784088791330	2237981543
11890	1696	1784088798700	2672284991
11891	1561	1784088798700	3335145147
11892	1696	1784088798701	2727713716
11893	1561	1784088798701	3462383802
11894	1703	1784088798702	2315257307
11895	1567	1784088798702	3933957659
11896	1703	1784088798703	414461671
11897	1567	1784088798703	1426582534
11898	1707	1784088798704	735567323
11899	1572	1784088798704	610126221
119	1624	1784088786320	2901461119
1190	1676	1784088791331	3015606413
11900	1707	1784088798704	543478873
11901	1572	1784088798705	2011184496
11902	1583	1784088798705	1486911714
11903	1566	1784088798706	2872874668
11904	1536	1784088798706	3445706979
11905	1519	1784088798706	4013325064
11906	1626	1784088798707	197697905
11907	1524	1784088798707	4121578796
11908	1597	1784088798708	2712241936
11909	1580	1784088798708	1019295137
1191	1798	1784088791331	3714462792
11910	1686	1784088798709	4265480885
11911	1585	1784088798709	719294341
11912	1609	1784088798710	550192659
11913	1592	1784088798710	995768899
11914	1699	1784088798711	3898040898
11915	1597	1784088798711	383298160
11916	1723	1784088798712	2084676965
11917	1576	1784088798712	3798619791
11918	1727	1784088798713	3834455864
11919	1581	1784088798713	4145155516
1192	1676	1784088791332	4094547803
11920	1594	1784088798714	3399961838
11921	1577	1784088798715	99258560
11922	1593	1784088798716	3997426474
11923	1576	1784088798716	2661230263
11924	1592	1784088798716	3403935097
11925	1575	1784088798716	2990699150
11926	1578	1784088798717	711730840
11927	1561	1784088798718	229063418
11928	1581	1784088798718	3894242072
11929	1564	1784088798719	3716466577
1193	1814	1784088791332	209697535
11930	1579	1784088798719	3196473261
11931	1562	1784088798720	2153919265
11932	1578	1784088798720	3291470253
11933	1561	1784088798721	3492313613
11934	1581	1784088798721	3206121632
11935	1564	1784088798723	505456852
11936	1579	1784088798724	1848503518
11937	1562	1784088798724	3034957600
11938	1693	1784088798725	1079484575
11939	1560	1784088798726	3816672122
1194	1708	1784088791333	3375918638
11940	1693	1784088798726	2153437067
11941	1560	1784088798726	1582460936
11942	1576	1784088798727	3945365859
11943	1560	1784088798727	4121425823
11944	1601	1784088798728	3635804923
11945	1585	1784088798729	3042015699
11946	1603	1784088798730	2659646234
11947	1587	1784088798731	3500533745
11948	1455	1784088798731	4194226035
11949	1485	1784088798731	1768142411
1195	1861	1784088791333	4035365788
11950	1528	1784088798733	2016774672
11951	1518	1784088798733	877701558
11952	1512	1784088798733	1123763177
11953	1518	1784088798734	3024554513
11954	1517	1784088798734	3931035199
11955	1528	1784088798735	1020449733
11956	1524	1784088798735	2451631592
11957	1526	1784088798736	1243387684
11958	1522	1784088798736	4224978999
11959	1517	1784088798736	3310857545
1196	1739	1784088791333	1436589736
11960	1696	1784088798737	1609050796
11961	1575	1784088798737	1711240222
11962	1694	1784088798737	3549431228
11963	1574	1784088798738	2310082246
11964	1665	1784088798738	1380969392
11965	1663	1784088798739	3280895122
11966	1617	1784088798739	1762029851
11967	1542	1784088798740	21351311
11968	1526	1784088798740	1686768427
11969	1703	1784088798741	836197996
1197	1871	1784088791334	3646828426
11970	1515	1784088798741	3711900431
11971	1516	1784088798743	2493579872
11972	1513	1784088798743	59836522
11973	1604	1784088798743	1708646033
11974	1518	1784088798744	432023191
11975	1526	1784088798745	3830076901
11976	1524	1784088798745	1343270861
11977	1526	1784088798746	14599273
11978	1524	1784088798746	2584674441
11979	1526	1784088798746	3533847054
1198	1741	1784088791334	2909792778
11980	1524	1784088798748	2489925615
11981	1526	1784088798748	1466160500
11982	1524	1784088798748	1969030510
11983	1526	1784088798749	3019326712
11984	1524	1784088798749	2372947116
11985	1526	1784088798750	1161556013
11986	1524	1784088798750	1816426029
11987	1526	1784088798751	2712625569
11988	1524	1784088798751	2791037289
11989	1526	1784088798752	1943248838
1199	1851	1784088791335	306634134
11990	1524	1784088798752	3645275177
11991	1526	1784088798752	622262457
11992	1524	1784088798753	947013288
11993	1526	1784088798753	3246549301
11994	1516	1784088798754	744951701
11995	1684	1784088798754	2409562092
11996	1622	1784088798755	4134239925
11997	1517	1784088798755	72930138
11998	1534	1784088798755	2357583332
11999	1646	1784088798756	3137100861
12	1531	1784088786176	3853960800
120	1527	1784088786321	2696797382
1200	1726	1784088791335	4156837458
12000	1620	1784088798756	203852121
12001	1645	1784088798756	1561146348
12002	1637	1784088798757	3804336579
12003	1634	1784088798757	3325974268
12004	1532	1784088798757	2021229405
12005	1627	1784088798758	962274935
12006	1647	1784088798758	3342344903
12007	1717	1784088798759	2924471019
12008	1705	1784088798759	4167052813
12009	1710	1784088798760	2878799229
1201	1852	1784088791336	73522243
12010	1698	1784088798760	3370083243
12011	1718	1784088798761	936518544
12012	1706	1784088798761	2356323875
12013	1712	1784088798761	2230584220
12014	1700	1784088798761	1786619106
12015	1715	1784088798763	1524312528
12016	1703	1784088798763	1503650392
12017	1715	1784088798764	565067837
12018	1703	1784088798764	1330524620
12019	1711	1784088798764	3620033320
1202	1724	1784088791336	3128355181
12020	1699	1784088798765	2264739934
12021	1708	1784088798765	1958681915
12022	1696	1784088798766	1320175822
12023	1719	1784088798766	3126707627
12024	1707	1784088798766	2450763757
12025	1707	1784088798767	645521964
12026	1695	1784088798767	4153019702
12027	1716	1784088798767	2608388272
12028	1704	1784088798768	27678613
12029	1708	1784088798768	4035421964
1203	1842	1784088791337	759983672
12030	1696	1784088798769	2108459234
12031	1711	1784088798769	4112820770
12032	1699	1784088798770	152551957
12033	1712	1784088798771	1626159086
12034	1700	1784088798771	3242500587
12035	1720	1784088798771	3234377380
12036	1708	1784088798773	44041981
12037	1718	1784088798773	3277390995
12038	1706	1784088798774	1459581914
12039	1718	1784088798774	2985482164
1204	1696	1784088791337	497294060
12040	1706	1784088798775	205592791
12041	1708	1784088798775	777878935
12042	1696	1784088798775	2998616017
12043	1706	1784088798776	3290519395
12044	1694	1784088798776	261323252
12045	1717	1784088798777	1262929791
12046	1705	1784088798777	79885546
12047	1679	1784088798778	689311091
12048	1667	1784088798778	827065501
12049	1713	1784088798779	772678369
1205	1852	1784088791338	1247043257
12050	1701	1784088798779	440298529
12051	1715	1784088798779	244399552
12052	1703	1784088798780	1787206548
12053	1713	1784088798780	2265957914
12054	1701	1784088798781	4124945029
12055	1717	1784088798781	2540815212
12056	1705	1784088798781	4134212754
12057	1713	1784088798783	2912459815
12058	1701	1784088798783	1763285184
12059	1712	1784088798784	3003873117
1206	1698	1784088791338	200851512
12060	1700	1784088798784	4062497313
12061	1716	1784088798784	2837258173
12062	1704	1784088798785	2236552135
12063	1717	1784088798785	1289001500
12064	1705	1784088798786	625385363
12065	1715	1784088798786	1086372802
12066	1703	1784088798786	4218662794
12067	1712	1784088798786	3729663962
12068	1700	1784088798787	3215842165
12069	1719	1784088798787	3043794532
1207	1743	1784088791339	1825570618
12070	1707	1784088798788	3181728412
12071	1706	1784088798788	2511104052
12072	1694	1784088798789	817449896
12073	1902	1784088798789	518690632
12074	1706	1784088798789	2108701904
12075	1888	1784088798790	2307530681
12076	1704	1784088798790	3271319991
12077	1889	1784088798791	1821771494
12078	1705	1784088798791	1604620916
12079	1910	1784088798793	3655475302
1208	1726	1784088791339	2195864051
12080	1708	1784088798793	2612491189
12081	1910	1784088798794	4210623263
12082	1708	1784088798794	2331702173
12083	1902	1784088798795	693194008
12084	1700	1784088798795	227067443
12085	1714	1784088798796	2058057897
12086	1702	1784088798796	1772866975
12087	1708	1784088798797	262740973
12088	1696	1784088798797	1524557340
12089	1747	1784088798798	2187521939
1209	1889	1784088791340	3947731463
12090	1735	1784088798798	3768407107
12091	1715	1784088798798	1532448552
12092	1703	1784088798799	3556944622
12093	1713	1784088798799	223315043
12094	1701	1784088798800	3378009586
12095	1717	1784088798800	909990370
12096	1705	1784088798800	4098368329
12097	1860	1784088798801	58954833
12098	1721	1784088798801	1269949637
12099	1859	1784088798802	1211778138
121	1621	1784088786323	2852630655
1210	1731	1784088791341	2241842340
12100	1720	1784088798802	615608244
12101	1856	1784088798803	927328636
12102	1720	1784088798803	882783952
12103	1733	1784088798803	2232390677
12104	1721	1784088798804	1127762628
12105	1852	1784088798804	3234983711
12106	1722	1784088798805	3927764574
12107	1856	1784088798805	130459916
12108	1720	1784088798805	1340287578
12109	1522	1784088798806	1873129348
1211	1874	1784088791341	3753113900
12110	1510	1784088798806	3855412509
12111	1666	1784088798807	269519806
12112	1467	1784088798807	1940216022
12113	1668	1784088798808	3032358554
12114	1466	1784088798808	3181126696
12115	1662	1784088798809	2110502351
12116	1466	1784088798809	2211571523
12117	1669	1784088798810	1189350201
12118	1467	1784088798810	1244648352
12119	1650	1784088798810	519534592
1212	1716	1784088791341	3412520901
12120	1468	1784088798811	4233173220
12121	1662	1784088798811	3497216105
12122	1466	1784088798811	2707439804
12123	1711	1784088798813	2042142598
12124	1699	1784088798813	1173026299
12125	1464	1784088798814	1314037896
12126	1456	1784088798814	2161264096
12127	1472	1784088798815	727944034
12128	1462	1784088798815	860933619
12129	1472	1784088798816	1812791239
1213	1876	1784088791343	3020664650
12130	1461	1784088798816	3163215291
12131	1455	1784088798816	1632223554
12132	1479	1784088798817	3678886772
12133	1459	1784088798817	1484879306
12134	1526	1784088798818	136690958
12135	1506	1784088798818	2622779267
12136	1527	1784088798819	3925480309
12137	1510	1784088798819	2156253667
12138	1527	1784088798819	103285530
12139	1510	1784088798820	3585606631
1214	1715	1784088791343	1435362529
12140	1614	1784088798820	518493350
12141	1516	1784088798821	188809396
12142	1614	1784088798821	3313038086
12143	1516	1784088798821	461203485
12144	1614	1784088798822	2192835331
12145	1516	1784088798822	3679589862
12146	1613	1784088798823	1503795976
12147	1515	1784088798823	2010040890
12148	1828	1784088798824	4075736465
12149	1552	1784088798824	557529899
1215	1850	1784088791343	3385844088
12150	1552	1784088798825	2392515984
12151	1552	1784088798825	3394410110
12152	1552	1784088798825	2363409788
12153	1486	1784088798826	3971601394
12154	1469	1784088798826	1615086224
12155	1503	1784088798827	1816319507
12156	1467	1784088798827	227865029
12157	1459	1784088798827	2247450645
12158	1505	1784088798828	2309386513
12159	1462	1784088798828	3246999722
1216	1746	1784088791344	2698629672
12160	1465	1784088798829	403045720
12161	1465	1784088798829	3307507852
12162	1469	1784088798829	1743566088
12163	1462	1784088798830	1560417524
12164	1467	1784088798830	1193121204
12165	1468	1784088798831	1045278739
12166	1467	1784088798831	566455091
12167	1468	1784088798832	2106590269
12168	1466	1784088798832	1890626112
12169	1833	1784088798833	646991725
1217	1878	1784088791344	1477586553
12170	1837	1784088798833	4167572871
12171	1647	1784088798833	1635616257
12172	1631	1784088798834	1390926811
12173	1512	1784088798834	816481389
12174	1677	1784088798835	4263234388
12175	1555	1784088798835	1296449485
12176	1869	1784088798836	1275943532
12177	1564	1784088798836	3451906306
12178	1564	1784088798836	3335662976
12179	1564	1784088798837	3249562479
1218	1728	1784088791345	3264202512
12180	1564	1784088798837	846993050
12181	1614	1784088798838	63668885
12182	1519	1784088798838	1684734691
12183	1512	1784088798839	2309337316
12184	1644	1784088798839	2080405428
12185	1477	1784088798840	1068628491
12186	1474	1784088798840	3878234066
12187	1477	1784088798840	1714892768
12188	1470	1784088798841	2448152837
12189	1553	1784088798841	2709499412
1219	1867	1784088791345	410560191
12190	1551	1784088798842	988639208
12191	1476	1784088798842	2067114629
12192	1473	1784088798843	426240628
12193	1474	1784088798843	2399212613
12194	1474	1784088798843	3970033257
12195	1472	1784088798844	2603902333
12196	1513	1784088798844	455606167
12197	1665	1784088798845	2060374428
12198	1480	1784088798845	23003350
12199	1472	1784088798846	2181811775
122	1524	1784088786323	2444996580
1220	1699	1784088791346	4233741355
12200	1472	1784088798847	3856718160
12201	1465	1784088798847	2506901694
12202	1592	1784088798847	2277373074
12203	1602	1784088798848	2169042176
12204	1577	1784088798848	3563299052
12205	1546	1784088798849	3298690794
12206	1693	1784088798849	4268694104
12207	1709	1784088798850	2966140421
12208	1685	1784088798850	3884552532
12209	1830	1784088798851	1427673136
1221	1877	1784088791346	1284082034
12210	1889	1784088798851	3760324538
12211	1734	1784088798851	4107002632
12212	1874	1784088798853	3582980779
12213	1905	1784088798853	2266330488
12214	1734	1784088798854	2186840762
12215	1894	1784088798854	2779320554
12216	1865	1784088798855	1614052170
12217	1734	1784088798855	3517244495
12218	1892	1784088798856	566620647
12219	1909	1784088798857	3181992332
1222	1701	1784088791347	355965881
12220	1734	1784088798857	2553856694
12221	1896	1784088798858	3973558579
12222	1905	1784088798858	4021784289
12223	1734	1784088798858	2623521711
12224	1871	1784088798859	3383328648
12225	1461	1784088798859	122456539
12226	1461	1784088798860	3564966902
12227	1461	1784088798860	4179467563
12228	1461	1784088798861	1313867745
12229	1461	1784088798861	2879082895
1223	1832	1784088791348	3740008645
12230	1461	1784088798861	1065148272
12231	1461	1784088798862	3971470399
12232	1461	1784088798862	660508481
12233	1461	1784088798863	708987739
12234	1461	1784088798863	701055376
12235	1461	1784088798864	806129440
12236	1461	1784088798864	3054249800
12237	1461	1784088798864	2787521300
12238	1461	1784088798865	4160009539
12239	1461	1784088798865	4066500164
1224	1729	1784088791349	1534617282
12240	1461	1784088798866	4151612117
12241	1461	1784088798866	3442553796
12242	1461	1784088798866	2562631466
12243	1461	1784088798867	2534333376
12244	1461	1784088798867	2985457465
12245	1461	1784088798868	3232361645
12246	1461	1784088798868	1019922271
12247	1461	1784088798869	965024867
12248	1461	1784088798869	3074199723
12249	1461	1784088798869	3231278864
1225	1914	1784088791349	2257170495
12250	1461	1784088798870	3191508656
12251	1461	1784088798871	3471521929
12252	1461	1784088798871	2181631298
12253	1461	1784088798871	1978439701
12254	1461	1784088798872	1493855962
12255	1461	1784088798872	2132765308
12256	1461	1784088798873	1506154463
12257	1461	1784088798873	1111701955
12258	1461	1784088798874	1764265013
12259	1461	1784088798874	373004616
1226	1734	1784088791350	2103211306
12260	1461	1784088798875	1867117978
12261	1461	1784088798875	1070784771
12262	1461	1784088798875	320365354
12263	1461	1784088798875	3474049825
12264	1461	1784088798876	2943426229
12265	1461	1784088798876	2440023751
12266	1461	1784088798877	836479008
12267	1461	1784088798877	1236621667
12268	1461	1784088798878	1275490535
12269	1461	1784088798878	1284592297
1227	1899	1784088791350	2163268907
12270	1461	1784088798878	1096490911
12271	1461	1784088798879	647023537
12272	1461	1784088798879	3835732548
12273	1461	1784088798880	329221928
12274	1461	1784088798880	3393356782
12275	1461	1784088798880	2606374758
12276	1461	1784088798881	3809791868
12277	1461	1784088798881	2640841292
12278	1461	1784088798881	2702826925
12279	1461	1784088798883	3446969983
1228	1719	1784088791351	2114553808
12280	1461	1784088798883	1620625156
12281	1461	1784088798883	1864940526
12282	1461	1784088798884	2883187695
12283	1461	1784088798884	1558632067
12284	1461	1784088798885	4106757700
12285	1461	1784088798885	66519848
12286	1461	1784088798885	1289117278
12287	1461	1784088798887	890097515
12288	1461	1784088798888	2003960340
12289	1461	1784088798888	4098933356
1229	1901	1784088791351	2925858318
12290	1461	1784088798889	212392175
12291	1461	1784088798889	2139942412
12292	1461	1784088798889	2742448857
12293	1464	1784088798890	4196119796
12294	1455	1784088798890	1905673704
12295	1464	1784088798891	854813822
12296	1455	1784088798891	3455447080
12297	1464	1784088798893	1430395230
12298	1455	1784088798893	3396316771
12299	1464	1784088798894	583086723
123	1621	1784088786323	615736482
1230	1718	1784088791353	3587911632
12300	1455	1784088798894	1961909461
12301	1464	1784088798895	2862635026
12302	1455	1784088798895	2451503158
12303	1464	1784088798895	3358166501
12304	1455	1784088798895	576360147
12305	1464	1784088798896	3099675603
12306	1455	1784088798896	2654550803
12307	1464	1784088798897	1197791137
12308	1455	1784088798897	2577622360
12309	1464	1784088798898	1190273832
1231	1770	1784088791353	526121601
12310	1455	1784088798898	1542559673
12311	1464	1784088798899	541399765
12312	1455	1784088798899	2161951959
12313	1464	1784088798900	1747831956
12314	1455	1784088798900	815313458
12315	1464	1784088798900	3358164157
12316	1455	1784088798901	2365261810
12317	1464	1784088798901	2596172508
12318	1455	1784088798902	2338412985
12319	1464	1784088798902	129945636
1232	1750	1784088791353	2013036048
12320	1455	1784088798903	3726720473
12321	1464	1784088798903	3389528411
12322	1455	1784088798904	3080356340
12323	1464	1784088798904	2118214628
12324	1455	1784088798904	132052753
12325	1464	1784088798904	2328248526
12326	1455	1784088798906	3149742801
12327	1464	1784088798906	1855167953
12328	1455	1784088798907	3156679834
12329	1464	1784088798907	4142038350
1233	1903	1784088791354	1841522598
12330	1455	1784088798908	2121657979
12331	1464	1784088798908	2562412582
12332	1455	1784088798908	2774056213
12333	1464	1784088798909	2850871535
12334	1455	1784088798909	354208752
12335	1464	1784088798910	3361028828
12336	1455	1784088798910	2843704880
12337	1464	1784088798911	107155035
12338	1455	1784088798911	2934251643
12339	1464	1784088798911	1282705587
1234	1731	1784088791354	2712900187
12340	1455	1784088798912	250703704
12341	1464	1784088798912	3212772405
12342	1455	1784088798913	3642100658
12343	1464	1784088798914	1435933391
12344	1455	1784088798914	1767013719
12345	1464	1784088798914	1315633360
12346	1455	1784088798914	3576809623
12347	1464	1784088798916	978787109
12348	1455	1784088798916	3534460636
12349	1464	1784088798917	3722706811
1235	1707	1784088791355	4096360744
12350	1455	1784088798917	284779581
12351	1464	1784088798918	724357487
12352	1455	1784088798918	3419682643
12353	1464	1784088798919	187334051
12354	1455	1784088798919	2073051574
12355	1464	1784088798919	2001731498
12356	1455	1784088798920	3354653814
12357	1464	1784088798921	2332196433
12358	1455	1784088798921	3228150333
12359	1464	1784088798921	3003701553
1236	1689	1784088791355	3868005598
12360	1455	1784088798922	2502544989
12361	1464	1784088798922	332530688
12362	1455	1784088798923	4237455984
12363	1464	1784088798923	2680374405
12364	1455	1784088798924	1289094293
12365	1464	1784088798924	3333447585
12366	1455	1784088798924	4038439253
12367	1464	1784088798926	4228737918
12368	1455	1784088798926	4147113758
12369	1464	1784088798926	159538306
1237	1830	1784088791356	1391724716
12370	1455	1784088798927	897392127
12371	1464	1784088798927	3044576776
12372	1455	1784088798928	3998240401
12373	1464	1784088798928	1178470753
12374	1455	1784088798929	1578383476
12375	1464	1784088798929	2898915275
12376	1455	1784088798929	3799485876
12377	1464	1784088798929	3402620828
12378	1455	1784088798930	3857568767
12379	1464	1784088798930	958698248
1238	1711	1784088791356	2316681129
12380	1455	1784088798931	1948306459
12381	1464	1784088798931	535843655
12382	1455	1784088798931	68099902
12383	1464	1784088798932	115331803
12384	1455	1784088798932	3024841179
12385	1464	1784088798933	1132680321
12386	1455	1784088798933	136895515
12387	1464	1784088798934	886325459
12388	1455	1784088798934	263357008
12389	1464	1784088798934	1389067599
1239	1809	1784088791357	2789086876
12390	1455	1784088798934	3454038193
12391	1464	1784088798936	282958056
12392	1455	1784088798937	382542815
12393	1464	1784088798937	1054823419
12394	1455	1784088798938	2794018106
12395	1464	1784088798938	3704005060
12396	1455	1784088798939	451600634
12397	1464	1784088798939	2681604286
12398	1455	1784088798940	493928113
12399	1464	1784088798940	477014208
124	1524	1784088786324	3959248146
1240	1710	1784088791357	3362370085
12400	1455	1784088798940	3605506342
12401	1464	1784088798941	2862476073
12402	1455	1784088798941	3671097547
12403	1464	1784088798941	3364290035
12404	1455	1784088798942	1788147246
12405	1464	1784088798942	1400253018
12406	1455	1784088798943	3606529006
12407	1464	1784088798943	2106096960
12408	1455	1784088798944	3513589157
12409	1464	1784088798944	2276747284
1241	1858	1784088791358	1781869859
12410	1455	1784088798944	322957124
12411	1464	1784088798944	2049564204
12412	1455	1784088798946	3356671018
12413	1464	1784088798946	1243572364
12414	1455	1784088798947	2018953935
12415	1464	1784088798947	227439877
12416	1455	1784088798948	3291840271
12417	1464	1784088798948	813588196
12418	1455	1784088798948	3283034436
12419	1464	1784088798949	654661596
1242	1743	1784088791358	4026330463
12420	1455	1784088798949	2532263204
12421	1462	1784088798950	3914098541
12422	1727	1784088798950	1017109625
12423	1576	1784088798951	1415133508
12424	1576	1784088798951	4242620644
12425	1555	1784088798951	4215829335
12426	1583	1784088798952	800988178
12427	1582	1784088798952	3749555314
12428	1575	1784088798953	2876797086
12429	1576	1784088798953	2132956158
1243	1867	1784088791359	1341897011
12430	1579	1784088798953	3401101235
12431	1574	1784088798954	910305190
12432	1577	1784088798954	3933763772
12433	1582	1784088798955	83916732
12434	1579	1784088798955	597198037
12435	1582	1784088798955	1392815903
12436	1582	1784088798957	923189201
12437	1579	1784088798957	549877625
12438	1580	1784088798958	1639012618
12439	1574	1784088798958	1394403802
1244	1746	1784088791360	876063339
12440	1583	1784088798959	3389835499
12441	1578	1784088798959	196925544
12442	1575	1784088798960	1219619027
12443	1579	1784088798960	4257144588
12444	1578	1784088798960	1031636635
12445	1580	1784088798961	124886305
12446	1576	1784088798961	19029864
12447	1580	1784088798962	2726617349
12448	1578	1784088798962	2800248344
12449	1580	1784088798962	667889315
1245	1853	1784088791361	562192165
12450	1580	1784088798963	4060306105
12451	1578	1784088798963	2493044373
12452	1575	1784088798964	3428045264
12453	1575	1784088798964	3471724270
12454	1580	1784088798964	3186600563
12455	1577	1784088798966	635896239
12456	1577	1784088798967	2410018823
12457	1580	1784088798967	3806280773
12458	1582	1784088798968	3842962151
12459	1577	1784088798968	1167903372
1246	1732	1784088791361	2175268402
12460	1580	1784088798969	2793130076
12461	1767	1784088798969	68930734
12462	1753	1784088798970	42786861
12463	1754	1784088798970	1308640037
12464	1771	1784088798971	2885426786
12465	1771	1784088798971	1212040462
12466	1771	1784088798973	3793670547
12467	1582	1784088798973	2489389614
12468	1577	1784088798974	306883088
12469	1536	1784088798974	1030288193
1247	1854	1784088791363	943879932
12470	1536	1784088798975	896059828
12471	1682	1784088798975	4088537768
12472	1703	1784088798975	2514464692
12473	1682	1784088798976	4163540511
12474	1702	1784088798976	2871028448
12475	1682	1784088798977	2054806418
12476	1703	1784088798977	17135882
12477	1664	1784088798978	567241677
12478	1670	1784088798978	1844091550
12479	1671	1784088798979	3438621597
1248	1730	1784088791364	4270660052
12480	1657	1784088798979	3719534781
12481	1533	1784088798980	983920326
12482	1528	1784088798980	3869060516
12483	1661	1784088798981	2140494784
12484	1695	1784088798981	324599988
12485	1723	1784088798982	2288132506
12486	1530	1784088798982	272866993
12487	1525	1784088798983	4064692242
12488	1528	1784088799237	3393995225
12489	1523	1784088799238	321959053
1249	1852	1784088791365	2256169354
12490	1535	1784088799238	623485185
12491	1530	1784088799238	2326448846
12492	1533	1784088799239	1798482758
12493	1530	1784088799239	3364978171
12494	1516	1784088799239	3573477272
12495	1516	1784088799240	4088575085
12496	1528	1784088799240	2225545985
12497	1523	1784088799241	1378374107
12498	1612	1784088799241	1663738888
12499	1609	1784088799241	3040634411
125	1621	1784088786324	3344220289
1250	1746	1784088791365	1564155795
12500	1568	1784088799244	2470504935
12501	1564	1784088799245	1694083616
12502	1517	1784088799245	270861245
12503	1532	1784088799246	2675984806
12504	1663	1784088799247	2599813764
12505	1535	1784088799247	3578918022
12506	1530	1784088799248	3231793423
12507	1655	1784088799248	155797508
12508	1532	1784088799250	3946103761
12509	1529	1784088799250	498214868
1251	1836	1784088791365	3901920511
12510	1530	1784088799251	669827618
12511	1535	1784088799252	2210266367
12512	1567	1784088799252	2051217717
12513	1561	1784088799253	2540136248
12514	1564	1784088799253	2058290224
12515	1558	1784088799253	2578426003
12516	1565	1784088799254	1845163926
12517	1559	1784088799254	2492132819
12518	1565	1784088799255	723646232
12519	1559	1784088799255	4083988939
1252	1715	1784088791366	3156867311
12520	1563	1784088799256	1598455024
12521	1557	1784088799256	945773659
12522	1562	1784088799257	1262237409
12523	1556	1784088799257	3089402175
12524	1799	1784088799258	2266864018
12525	1461	1784088799258	3833974198
12526	1473	1784088799259	3386877734
12527	1462	1784088799260	1607274077
12528	1552	1784088799260	3586532921
12529	1467	1784088799261	647492589
1253	1835	1784088791366	2384435046
12530	1469	1784088799261	3048848248
12531	1706	1784088799262	2070371933
12532	1694	1784088799262	1007851869
12533	1577	1784088799263	4065846737
12534	1476	1784088799263	2686897624
12535	1614	1784088799263	4016577652
12536	1510	1784088799263	36850663
12537	1471	1784088799264	4004692987
12538	1458	1784088799264	1857395630
12539	1720	1784088799265	2511285257
1254	1714	1784088791367	256520501
12540	1464	1784088799265	2723839392
12541	1459	1784088799266	2924974972
12542	1464	1784088799266	3943839936
12543	1459	1784088799266	3303473806
12544	1466	1784088799267	3207794545
12545	1458	1784088799268	730714986
12546	1576	1784088799268	392068911
12547	1469	1784088799269	3892284793
12548	1527	1784088799269	1462564609
12549	1691	1784088799270	3362854694
1255	1868	1784088791368	696652684
12550	1691	1784088799270	3533483069
12551	1532	1784088799271	2980787204
12552	1696	1784088799271	302738462
12553	1696	1784088799272	3817083046
12554	1679	1784088799272	1407693225
12555	1680	1784088799273	3080904200
12556	1513	1784088799273	1427377606
12557	1678	1784088799274	506955657
12558	1481	1784088799275	3737098920
12559	1521	1784088799275	3100576896
1256	1747	1784088791368	1714462038
12560	1502	1784088799276	927668095
12561	1516	1784088799276	2308044548
12562	1504	1784088799277	2693239218
12563	1520	1784088799277	434490739
12564	1503	1784088799278	1596027743
12565	1527	1784088799278	3986467455
12566	1504	1784088799278	1852095861
12567	1523	1784088799279	2196090436
12568	1539	1784088799279	3620412827
12569	1510	1784088799280	2377760300
1257	1871	1784088791369	1046602162
12570	1667	1784088799280	2499575167
12571	1646	1784088799280	587532872
12572	1512	1784088799281	2412587754
12573	1501	1784088799281	4149674879
12574	1521	1784088799282	3992841885
12575	1504	1784088799282	955763173
12576	1520	1784088799283	1885259116
12577	1501	1784088799283	2863203307
12578	1563	1784088799284	3133201413
12579	1555	1784088799284	1879990604
1258	1750	1784088791369	1463894272
12580	1564	1784088799284	2031856557
12581	1541	1784088799286	2005833323
12582	1511	1784088799286	2688102652
12583	1677	1784088799287	1188852143
12584	1516	1784088799287	2168701089
12585	1473	1784088799288	73757790
12586	1463	1784088799288	3063053250
12587	1658	1784088799289	4193434987
12588	1513	1784088799290	2948101679
12589	1501	1784088799290	3279129072
1259	1857	1784088791370	1402063151
12590	1513	1784088799291	3468729472
12591	1503	1784088799291	2524465485
12592	1514	1784088799293	3796388584
12593	1524	1784088799293	4020058043
12594	1525	1784088799294	65316698
12595	1520	1784088799294	2757077479
12596	1526	1784088799295	1613951684
12597	1520	1784088799295	3835956077
12598	1520	1784088799296	276282038
12599	1520	1784088799296	3784875879
126	1524	1784088786325	4017295617
1260	1736	1784088791371	1266695231
12600	1520	1784088799297	3516788062
12601	1520	1784088799297	601319916
12602	1520	1784088799297	883225711
12603	1520	1784088799298	273110740
12604	1520	1784088799299	1885734565
12605	1520	1784088799299	909819498
12606	1520	1784088799299	4220794365
12607	1470	1784088799300	3510762036
12608	1647	1784088799300	2454739144
12609	1535	1784088799300	556507632
1261	1858	1784088791371	4226976688
12610	1648	1784088799301	978527518
12611	1535	1784088799301	3372560613
12612	1648	1784088799301	1590325718
12613	1535	1784088799303	4034328519
12614	1648	1784088799304	2724841854
12615	1535	1784088799304	1924371919
12616	1648	1784088799305	3337657782
12617	1535	1784088799305	1270895341
12618	1648	1784088799306	1934061695
12619	1535	1784088799307	751447149
1262	1734	1784088791371	3122310569
12620	1648	1784088799307	3579546410
12621	1535	1784088799307	1604705713
12622	1631	1784088799308	3693180197
12623	1519	1784088799308	770845353
12624	1730	1784088799308	729874028
12625	1506	1784088799310	3075448859
12626	1484	1784088799311	2056606814
12627	1617	1784088799312	1230676861
12628	1617	1784088799312	2991918152
12629	1585	1784088799313	519001623
1263	1858	1784088791373	2638282116
12630	1464	1784088799313	3226782466
12631	1509	1784088799314	441907592
12632	1588	1784088799314	3641366088
12633	1487	1784088799315	2154342739
12634	1475	1784088799315	1238912220
12635	1468	1784088799315	2207218207
12636	1468	1784088799315	3083005639
12637	1468	1784088799316	1077419048
12638	1468	1784088799316	3895105695
12639	1468	1784088799317	3907252184
1264	1750	1784088791373	1438359919
12640	1468	1784088799317	3285368925
12641	1468	1784088799318	875049650
12642	1468	1784088799318	2227021543
12643	1468	1784088799318	1934054408
12644	1467	1784088799320	88795160
12645	1543	1784088799320	2212574886
12646	1468	1784088799321	1080401108
12647	1468	1784088799321	272214700
12648	1468	1784088799322	3904794404
12649	1473	1784088799322	2634816499
1265	1955	1784088791374	1722790325
12650	1565	1784088799323	2232993739
12651	1565	1784088799323	302677180
12652	1565	1784088799323	1029767357
12653	1565	1784088799324	2859711434
12654	1512	1784088799324	942145924
12655	1521	1784088799325	2485875197
12656	1559	1784088799325	308667809
12657	1522	1784088799325	3346486750
12658	1806	1784088799326	3789207040
12659	1845	1784088799326	3943411472
1266	1698	1784088791374	4272385171
12660	1702	1784088799327	2922196314
12661	1893	1784088799327	2059146129
12662	1648	1784088799328	1334919186
12663	1793	1784088799328	1809814300
12664	1804	1784088799329	3349601887
12665	1843	1784088799329	80947998
12666	1786	1784088799329	2037969177
12667	1889	1784088799330	4197343034
12668	1758	1784088799330	707638736
12669	1821	1784088799331	3235935665
1267	1924	1784088791375	1862217512
12670	1696	1784088799331	4089690194
12671	1907	1784088799332	4083903321
12672	1692	1784088799332	3524214850
12673	1915	1784088799333	2088668878
12674	1711	1784088799333	3228611795
12675	1934	1784088799334	3498993532
12676	1709	1784088799334	1161180956
12677	1932	1784088799335	4283716650
12678	1699	1784088799335	1077331378
12679	1922	1784088799335	883941810
1268	1698	1784088791376	1316661200
12680	1656	1784088799336	3052859561
12681	1874	1784088799336	2572441223
12682	1528	1784088799337	4162651934
12683	1523	1784088799337	2149261982
12684	1528	1784088799337	3667553006
12685	1523	1784088799338	813893863
12686	1528	1784088799338	3147182959
12687	1523	1784088799339	423302386
12688	1528	1784088799339	199117006
12689	1523	1784088799339	3309009410
1269	1773	1784088791377	2341766972
12690	1528	1784088799340	2126584784
12691	1523	1784088799341	3994219195
12692	1529	1784088799341	2689268474
12693	1524	1784088799342	490212789
12694	1693	1784088799342	3458565887
12695	1688	1784088799342	533206150
12696	1652	1784088799343	1215784444
12697	1647	1784088799343	1240199812
12698	1634	1784088799344	4125508773
12699	1629	1784088799344	3675944277
127	1604	1784088786327	1491528603
1270	1756	1784088791378	3980131678
12700	1667	1784088799344	81353666
12701	1661	1784088799344	1652917834
12702	1671	1784088799345	2132466177
12703	1665	1784088799345	768586596
12704	1708	1784088799346	2443785448
12705	1702	1784088799346	2355615278
12706	1708	1784088799347	2454484935
12707	1702	1784088799347	1637847632
12708	1671	1784088799348	2065471438
12709	1665	1784088799348	1191071553
1271	2002	1784088791379	3174717787
12710	1669	1784088799349	111629029
12711	1663	1784088799349	179859500
12712	1722	1784088799349	3855661934
12713	1716	1784088799350	1756370350
12714	1646	1784088799350	4153491466
12715	1640	1784088799353	4245672568
12716	1563	1784088799353	2403259586
12717	1557	1784088799354	1607495948
12718	1687	1784088799354	3543190968
12719	1681	1784088799355	108755384
1272	1749	1784088791379	3983668782
12720	1692	1784088799356	2761179656
12721	1686	1784088799356	853119890
12722	1689	1784088799357	51084776
12723	1683	1784088799357	3351116787
12724	1720	1784088799358	209326587
12725	1723	1784088799358	3070531557
12726	1695	1784088799359	2587317547
12727	1700	1784088799359	3442142869
12728	1695	1784088799359	3975053558
12729	1722	1784088799361	3999164605
1273	2002	1784088791380	2225364038
12730	1689	1784088799361	398471280
12731	1692	1784088799362	3086657838
12732	1689	1784088799362	1349982385
12733	1712	1784088799363	3441639607
12734	1684	1784088799363	143163821
12735	1679	1784088799363	764085918
12736	1683	1784088799364	1821921982
12737	1678	1784088799364	3172529919
12738	1528	1784088799365	4057702019
12739	1676	1784088799365	4076864912
1274	1749	1784088791380	2024692957
12740	1669	1784088799366	1646862274
12741	1676	1784088799366	928637938
12742	1523	1784088799366	3484145376
12743	1671	1784088799367	1255145834
12744	1664	1784088799368	2172028357
12745	1671	1784088799369	1629382752
12746	1712	1784088799369	3206017041
12747	1708	1784088799369	1052757599
12748	1715	1784088799370	3296043177
12749	1711	1784088799371	2860048893
1275	2003	1784088791381	2003582663
12750	1712	1784088799372	3600273345
12751	1708	1784088799372	580759582
12752	1710	1784088799373	2269802907
12753	1706	1784088799373	2947191086
12754	1662	1784088799374	802105215
12755	1657	1784088799374	25537932
12756	1659	1784088799375	2974980009
12757	1654	1784088799375	2018075417
12758	1656	1784088799377	515342292
12759	1651	1784088799377	2336516040
1276	1747	1784088791381	575497155
12760	1662	1784088799378	759162220
12761	1657	1784088799378	2160621263
12762	1646	1784088799379	1259747064
12763	1651	1784088799379	392679364
12764	1649	1784088799379	1228305366
12765	1654	1784088799380	1538685445
12766	1612	1784088799380	3769243635
12767	1527	1784088799381	1756931098
12768	1632	1784088799381	2303066184
12769	1629	1784088799381	3439991792
1277	1901	1784088791381	2877022714
12770	1632	1784088799382	2758677986
12771	1611	1784088799382	2659820644
12772	1632	1784088799382	2911663390
12773	1629	1784088799383	3355007518
12774	1632	1784088799384	2722390033
12775	1611	1784088799384	2453318349
12776	1716	1784088799384	424653676
12777	1704	1784088799386	3674813223
12778	1714	1784088799386	1862517546
12779	1702	1784088799387	683310678
1278	1714	1784088791383	549551040
12780	1715	1784088799387	755056845
12781	1703	1784088799388	864047377
12782	1716	1784088799388	102754639
12783	1704	1784088799389	520007351
12784	1719	1784088799389	1839672921
12785	1707	1784088799390	1762241045
12786	1716	1784088799390	60075501
12787	1704	1784088799391	1654854068
12788	1715	1784088799391	188515577
12789	1703	1784088799392	957208372
1279	1888	1784088791384	705011703
12790	1715	1784088799392	1458253779
12791	1703	1784088799393	1559956248
12792	1719	1784088799393	995178777
12793	1707	1784088799394	392896172
12794	1716	1784088799395	3713327566
12795	1704	1784088799396	148902404
12796	1717	1784088799396	1895995236
12797	1705	1784088799397	1167602549
12798	1715	1784088799397	1572465512
12799	1703	1784088799398	1629299841
128	1509	1784088786328	2998390515
1280	1712	1784088791386	708441327
12800	1719	1784088799399	1945488925
12801	1707	1784088799399	1493886519
12802	1714	1784088799400	455020745
12803	1702	1784088799400	1570801624
12804	1730	1784088799401	3019453886
12805	1718	1784088799401	360570868
12806	1760	1784088799401	1796088305
12807	1748	1784088799403	147827280
12808	1716	1784088799403	1405186481
12809	1704	1784088799404	904773823
1281	1758	1784088791387	546453024
12810	1718	1784088799404	23274997
12811	1706	1784088799404	2309243534
12812	1717	1784088799405	3035920622
12813	1705	1784088799405	473253834
12814	1715	1784088799405	3682867156
12815	1703	1784088799406	3945475143
12816	1710	1784088799406	2565604466
12817	1698	1784088799407	1758279767
12818	1715	1784088799407	2239614311
12819	1703	1784088799408	3063009963
1282	1744	1784088791388	1837204437
12820	1717	1784088799408	2674478534
12821	1705	1784088799409	2321587485
12822	1714	1784088799409	2460109789
12823	1702	1784088799410	2168126818
12824	1580	1784088799410	71999019
12825	1583	1784088799411	2174289161
12826	1581	1784088799412	1714743267
12827	1583	1784088799412	1108128868
12828	1579	1784088799413	1562112696
12829	1579	1784088799413	2053157189
1283	1917	1784088791388	2816394206
12830	1573	1784088799414	1873320553
12831	1578	1784088799414	4185959558
12832	1579	1784088799414	3997867668
12833	1572	1784088799415	1252962164
12834	1574	1784088799415	3240071384
12835	1571	1784088799415	845532012
12836	1573	1784088799416	1618249610
12837	1580	1784088799416	2495561388
12838	1573	1784088799417	560912902
12839	1583	1784088799417	1278180329
1284	1746	1784088791389	1452400029
12840	1574	1784088799417	1648303788
12841	1574	1784088799418	746838673
12842	1553	1784088799418	115789627
12843	1563	1784088799419	2126236357
12844	1561	1784088799419	1935254962
12845	1527	1784088799420	3405271695
12846	1527	1784088799420	180240738
12847	1527	1784088799420	401876841
12848	1527	1784088799421	3764184859
12849	1527	1784088799421	3074225044
1285	1941	1784088791390	1110554262
12850	1509	1784088799421	475483765
12851	1509	1784088799423	1361441699
12852	1517	1784088799423	2694444236
12853	1473	1784088799423	1250712268
12854	1460	1784088799424	2105074333
12855	1486	1784088799424	2469117857
12856	1534	1784088799425	3177069542
12857	1707	1784088799425	2261703519
12858	1710	1784088799425	3267103522
12859	1713	1784088799425	1640146512
1286	1748	1784088791391	3977000848
12860	1692	1784088799426	1089397868
12861	1681	1784088799426	2000657721
12862	1695	1784088799427	2151456324
12863	1695	1784088799427	4047189074
12864	1549	1784088799428	849497606
12865	1697	1784088799428	2055644957
12866	1680	1784088799428	1728807853
12867	1677	1784088799429	1407382295
12868	1677	1784088799429	2993474069
12869	1677	1784088799430	532017806
1287	1927	1784088791392	348172431
12870	1677	1784088799430	1471227760
12871	1796	1784088799431	2883830278
12872	1643	1784088799431	895331870
12873	1692	1784088799431	1901833880
12874	1689	1784088799433	2815819462
12875	1689	1784088799433	3858661394
12876	1689	1784088799434	3524424697
12877	1689	1784088799434	88684102
12878	1672	1784088799435	2808814185
12879	1647	1784088799435	1708103494
1288	1734	1784088791393	1482683753
12880	1683	1784088799435	1998366525
12881	1680	1784088799436	1230868590
12882	1680	1784088799436	951878087
12883	1680	1784088799436	101857585
12884	1680	1784088799437	2370423616
12885	1663	1784088799437	3758304926
12886	1650	1784088799438	986910560
12887	1774	1784088799438	198511609
12888	1771	1784088799439	1595608596
12889	1771	1784088799439	3693152067
1289	1928	1784088791393	2379227963
12890	1771	1784088799440	414156669
12891	1771	1784088799440	3186059857
12892	1788	1784088799440	1887596969
12893	1613	1784088799442	1463463657
12894	1651	1784088799442	3349824792
12895	1648	1784088799442	4100747688
12896	1648	1784088799443	1301335545
12897	1648	1784088799443	4086041176
12898	1648	1784088799444	3036770086
12899	1637	1784088799444	379563027
129	1604	1784088786328	2900729415
1290	1732	1784088791395	421711171
12900	1612	1784088799445	894890931
12901	1642	1784088799445	1187697543
12902	1639	1784088799445	3456285366
12903	1639	1784088799445	2668935545
12904	1639	1784088799446	547462068
12905	1639	1784088799446	1271085902
12906	1628	1784088799447	1533944594
12907	1615	1784088799447	2543086482
12908	1701	1784088799448	2343912632
12909	1698	1784088799448	1510347923
1291	1908	1784088791395	2326753558
12910	1698	1784088799449	1844301283
12911	1698	1784088799449	3952793126
12912	1698	1784088799449	3128097832
12913	1686	1784088799450	262382481
12914	1667	1784088799450	230079068
12915	1706	1784088799452	3156445303
12916	1703	1784088799452	1123332460
12917	1703	1784088799453	3980226039
12918	1703	1784088799453	1367645665
12919	1703	1784088799453	1866624649
1292	1718	1784088791396	1110599977
12920	1690	1784088799454	623155068
12921	1672	1784088799455	3856145485
12922	1851	1784088799455	867656350
12923	1848	1784088799456	1581518902
12924	1848	1784088799456	3719614265
12925	1848	1784088799457	617561805
12926	1848	1784088799457	4096928400
12927	1836	1784088799457	2395625319
12928	1665	1784088799458	2215871801
12929	1856	1784088799458	3421744568
1293	1897	1784088791396	3193884989
12930	1853	1784088799459	1629298473
12931	1853	1784088799459	1495405471
12932	1853	1784088799460	3945264711
12933	1853	1784088799460	2923070192
12934	1841	1784088799460	2208429274
12935	1671	1784088799460	3235508095
12936	1715	1784088799461	1441385413
12937	1712	1784088799462	864256378
12938	1712	1784088799462	1200996871
12939	1712	1784088799463	106107881
1294	1718	1784088791397	823550434
12940	1712	1784088799463	3841175735
12941	1831	1784088799465	2535794893
12942	1674	1784088799465	1627405379
12943	1865	1784088799465	1822562472
12944	1862	1784088799465	3991415938
12945	1862	1784088799465	526392625
12946	1862	1784088799466	1886414844
12947	1862	1784088799466	1052525123
12948	1873	1784088799468	766477692
12949	1672	1784088799468	1071178486
1295	1765	1784088791398	1861887972
12950	1856	1784088799469	2759938829
12951	1853	1784088799469	2854150332
12952	1853	1784088799469	2169157456
12953	1853	1784088799470	487447488
12954	1853	1784088799470	718746799
12955	1842	1784088799471	1016214883
12956	1671	1784088799471	4018025362
12957	1714	1784088799472	3520230316
12958	1711	1784088799472	4282044134
12959	1711	1784088799472	652451016
1296	1748	1784088791399	4101696731
12960	1711	1784088799472	34547161
12961	1711	1784088799473	3381321969
12962	1784	1784088799473	3722022615
12963	1673	1784088799474	1113632310
12964	1800	1784088799474	2373060011
12965	1797	1784088799475	2843129886
12966	1797	1784088799475	2179317169
12967	1797	1784088799475	1908239005
12968	1797	1784088799475	3704253457
12969	1778	1784088799477	3562696052
1297	1924	1784088791399	1267707402
12970	1607	1784088799478	3952092198
12971	1686	1784088799478	372824962
12972	1683	1784088799478	1082911715
12973	1683	1784088799479	3535481678
12974	1683	1784088799479	882801920
12975	1683	1784088799480	1586120196
12976	1636	1784088799480	2997587112
12977	1611	1784088799481	4002817663
12978	1677	1784088799482	3418783237
12979	1674	1784088799482	2266151968
1298	1750	1784088791400	2427568211
12980	1674	1784088799483	1582656356
12981	1674	1784088799483	2928304320
12982	1674	1784088799483	1687845485
12983	1627	1784088799484	1023658744
12984	1614	1784088799484	3777628140
12985	1699	1784088799485	2035715860
12986	1746	1784088799485	2615649579
12987	1623	1784088799486	3097248389
12988	1712	1784088799486	3272696133
12989	1739	1784088799486	3280902937
1299	1949	1784088791400	3223247984
12990	1621	1784088799487	1009961889
12991	1742	1784088799487	4207583739
12992	1769	1784088799488	2827543293
12993	1651	1784088799488	1971972215
12994	1744	1784088799488	206714021
12995	1772	1784088799489	1842734296
12996	1652	1784088799489	1621637051
12997	1751	1784088799490	4085967334
12998	1778	1784088799490	1891842332
12999	1654	1784088799491	1233156399
13	1522	1784088786177	4014190724
130	1509	1784088786329	1452602947
1300	1753	1784088791401	3786672330
13000	1766	1784088799491	2913358660
13001	1792	1784088799492	2927174660
13002	1668	1784088799492	3465703930
13003	1768	1784088799493	1805337694
13004	1789	1784088799494	2425478626
13005	1665	1784088799494	2866926197
13006	1663	1784088799495	857242844
13007	1685	1784088799495	2296471530
13008	1668	1784088799495	3191994758
13009	1469	1784088799497	1262750186
1301	1934	1784088791401	4150857363
13010	1515	1784088799497	661225716
13011	1511	1784088799498	2839166939
13012	1515	1784088799498	3143450134
13013	1510	1784088799498	3326566322
13014	1515	1784088799499	3295804273
13015	1510	1784088799499	1163737625
13016	1515	1784088799500	1480934803
13017	1510	1784088799500	2956124756
13018	1515	1784088799501	975729087
13019	1510	1784088799501	4100104243
1302	1738	1784088791401	1986503271
13020	1515	1784088799502	1321037035
13021	1510	1784088799502	1001743439
13022	1515	1784088799502	3532247561
13023	1511	1784088799503	3957828796
13024	1515	1784088799503	2913277806
13025	1510	1784088799504	3086077233
13026	1515	1784088799504	831629708
13027	1510	1784088799504	710291760
13028	1515	1784088799505	1409064352
13029	1510	1784088799505	4244587395
1303	1760	1784088791402	2091173065
13030	1515	1784088799506	1777415966
13031	1511	1784088799506	3349647172
13032	1515	1784088799507	4123363836
13033	1510	1784088799507	2718439409
13034	1515	1784088799507	2330545307
13035	1510	1784088799508	1239045654
13036	1515	1784088799509	383644281
13037	1517	1784088799509	649367655
13038	1515	1784088799509	1957742165
13039	1517	1784088799510	1043426577
1304	1736	1784088791402	742773999
13040	1515	1784088799510	2635379925
13041	1515	1784088799511	3540970404
13042	1515	1784088799511	18876983
13043	1517	1784088799511	4213743423
13044	1515	1784088799512	2114768720
13045	1517	1784088799512	983182156
13046	1515	1784088799513	3795349938
13047	1517	1784088799513	2047588509
13048	1515	1784088799514	2153072030
13049	1515	1784088799514	3461290735
1305	1787	1784088791403	2950909246
13050	1517	1784088799514	3136849501
13051	1517	1784088799515	1997065365
13052	1519	1784088799515	2404216526
13053	1517	1784088799516	932798276
13054	1519	1784088799516	1196683996
13055	1517	1784088799517	4130073399
13056	1517	1784088799517	2068460078
13057	1519	1784088799518	593280213
13058	1517	1784088799518	1674563416
13059	1519	1784088799519	2570450049
1306	1767	1784088791405	1975085459
13060	1517	1784088799519	3726528324
13061	1517	1784088799520	334366092
13062	1519	1784088799520	4143307044
13063	1517	1784088799520	1400870493
13064	1519	1784088799521	1055606070
13065	1517	1784088799521	2462917166
13066	1519	1784088799522	3486397191
13067	1517	1784088799522	3529290239
13068	1517	1784088799522	120129089
13069	1517	1784088799523	3403238537
1307	1904	1784088791406	924452893
13070	1517	1784088799524	1265431948
13071	1517	1784088799524	2258419524
13072	1517	1784088799525	201156189
13073	1502	1784088799525	4205519140
13074	1517	1784088799525	3394228782
13075	1517	1784088799526	129997030
13076	1517	1784088799526	2329821695
13077	1519	1784088799527	1920178585
13078	1517	1784088799527	2455485577
13079	1517	1784088799528	1605105217
1308	1719	1784088791408	473833603
13080	1517	1784088799528	1734352560
13081	1641	1784088799528	512094061
13082	1625	1784088799529	2587930877
13083	1947	1784088799529	3895477429
13084	1931	1784088799530	49566411
13085	1932	1784088799530	374172046
13086	1933	1784088799531	2328054101
13087	1631	1784088799531	545760834
13088	1611	1784088799531	186956030
13089	1631	1784088799531	1196530791
1309	1894	1784088791409	1187421153
13090	1611	1784088799532	1571657197
13091	1631	1784088799532	3070022085
13092	1611	1784088799533	2858544540
13093	1631	1784088799533	2609093427
13094	1611	1784088799534	1766089550
13095	1736	1784088799534	3702981807
13096	1713	1784088799535	570551507
13097	1886	1784088799535	692802368
13098	1717	1784088799536	1467094581
13099	1885	1784088799536	2222855282
131	1604	1784088786330	3628815534
1310	1720	1784088791409	2227825185
13100	1715	1784088799537	4826051
13101	1546	1784088799537	2500001724
13102	1516	1784088799538	3699157729
13103	1547	1784088799538	1253508136
13104	1520	1784088799539	4001908979
13105	1723	1784088799539	4093584113
13106	1689	1784088799540	1597378113
13107	1529	1784088799540	2640773244
13108	1505	1784088799541	1035392506
13109	1539	1784088799541	3315602307
1311	1762	1784088791410	1758698310
13110	1507	1784088799541	808024142
13111	1536	1784088799542	4037356749
13112	1503	1784088799542	2689580130
13113	1533	1784088799544	1945754808
13114	1503	1784088799544	3024158700
13115	1533	1784088799545	1575752453
13116	1504	1784088799545	858075231
13117	1879	1784088799545	1393643089
13118	1879	1784088799546	2858629408
13119	1879	1784088799546	1555656574
1312	1750	1784088791411	885255717
13120	1879	1784088799547	4279542673
13121	1879	1784088799547	164558287
13122	1879	1784088799548	3385919852
13123	1879	1784088799548	1057709874
13124	1879	1784088799549	2459956843
13125	1879	1784088799549	1682284597
13126	1879	1784088799549	2757385366
13127	1879	1784088799550	1384123080
13128	1879	1784088799550	3850163342
13129	1879	1784088799551	329679568
1313	1920	1784088791411	3406575448
13130	1879	1784088799551	1035971587
13131	1879	1784088799552	3412458077
13132	1879	1784088799552	192546558
13133	1879	1784088799553	4255142048
13134	1879	1784088799553	1345649145
13135	1879	1784088799553	2800660391
13136	1879	1784088799554	1727091460
13137	1879	1784088799555	2418738522
13138	1878	1784088799555	1159441997
13139	1878	1784088799556	2836602436
1314	1751	1784088791411	813196617
13140	1878	1784088799556	2686169001
13141	1878	1784088799557	1276321696
13142	1878	1784088799557	2742798842
13143	1878	1784088799558	1332967923
13144	1878	1784088799558	2799395599
13145	1878	1784088799559	1255396102
13146	1878	1784088799559	2780497244
13147	1474	1784088799559	1213658642
13148	1517	1784088799560	3320120510
13149	1516	1784088799560	3734617304
1315	1944	1784088791412	1458663883
13150	1523	1784088799561	944577375
13151	1515	1784088799561	2019193206
13152	1548	1784088799562	3031184944
13153	1486	1784088799562	1255115270
13154	1473	1784088799562	1625252769
13155	1546	1784088799563	24664614
13156	1552	1784088799563	3512214556
13157	1509	1784088799563	2786075558
13158	1520	1784088799564	3804506614
13159	1523	1784088799564	30399395
1316	1753	1784088791413	2144371971
13160	1647	1784088799564	2502966804
13161	1647	1784088799565	2394545142
13162	1647	1784088799565	2720265680
13163	1690	1784088799566	3402811537
13164	1839	1784088799566	2744960421
13165	1835	1784088799568	1905471130
13166	1485	1784088799568	1602887804
13167	1490	1784088799569	3109527539
13168	1672	1784088799570	210019640
13169	1481	1784088799570	341022686
1317	1929	1784088791413	1103302908
13170	1491	1784088799571	1600930960
13171	1488	1784088799571	1557741656
13172	1485	1784088799571	3612991185
13173	1485	1784088799572	2648356815
13174	1483	1784088799572	2479859413
13175	1592	1784088799573	2785003666
13176	1586	1784088799573	2401062642
13177	1590	1784088799573	834797108
13178	1588	1784088799574	3899700446
13179	1593	1784088799574	1469964277
1318	1738	1784088791413	1857127524
13180	1585	1784088799575	2386172451
13181	1480	1784088799575	2992232738
13182	1611	1784088799576	2056300672
13183	1603	1784088799576	910329386
13184	1608	1784088799576	2021736683
13185	1603	1784088799578	380660673
13186	1612	1784088799579	467374388
13187	1601	1784088799579	1850651210
13188	1489	1784088799580	1309769450
13189	1598	1784088799580	2254188258
1319	1930	1784088791415	3126098261
13190	1592	1784088799581	3369524527
13191	1596	1784088799581	2092744703
13192	1594	1784088799582	529873320
13193	1599	1784088799582	606289377
13194	1591	1784088799583	3198883181
13195	1558	1784088799583	1799903792
13196	1558	1784088799583	2356660935
13197	1558	1784088799584	2848873469
13198	1558	1784088799584	782893171
13199	1554	1784088799585	3330600090
132	1509	1784088786330	2755501881
1320	1736	1784088791416	2605559394
13200	1554	1784088799585	836481504
13201	1554	1784088799586	4062948656
13202	1554	1784088799586	1833602561
13203	1458	1784088799586	1984478791
13204	1458	1784088799588	3881478525
13205	1458	1784088799588	1496697024
13206	1458	1784088799588	1089825862
13207	1560	1784088799589	2597978047
13208	1560	1784088799589	1409329172
13209	1560	1784088799590	4137807878
1321	1906	1784088791416	2634375921
13210	1560	1784088799590	1958603657
13211	1560	1784088799591	3595764220
13212	1560	1784088799591	2107704061
13213	1560	1784088799591	3741342447
13214	1560	1784088799592	1985706689
13215	1560	1784088799592	3920645929
13216	1560	1784088799593	1111641128
13217	1560	1784088799593	3772978234
13218	1560	1784088799593	3109727975
13219	1560	1784088799594	2106880407
1322	1717	1784088791417	633227910
13220	1560	1784088799594	3245166745
13221	1560	1784088799595	1520687842
13222	1560	1784088799595	2537447041
13223	1579	1784088799596	658699887
13224	1579	1784088799596	3389417751
13225	1579	1784088799596	4049884963
13226	1579	1784088799597	3166836095
13227	1619	1784088799597	2975508325
13228	1704	1784088799598	2786116792
13229	1508	1784088799598	315070940
1323	1895	1784088791417	1594672301
13230	1531	1784088799598	3447678853
13231	1535	1784088799599	1083175988
13232	1516	1784088799599	2038002865
13233	1509	1784088799600	1535678369
13234	1513	1784088799600	4073682143
13235	1461	1784088799600	3046390828
13236	1527	1784088799601	2985876457
13237	1594	1784088799601	2819971542
13238	1619	1784088799603	1123260587
13239	1465	1784088799603	615869260
1324	1717	1784088791418	887723839
13240	1463	1784088799603	3995591788
13241	1465	1784088799604	1728987521
13242	1461	1784088799604	1646783281
13243	1513	1784088799604	1421203956
13244	1520	1784088799605	1482917237
13245	1518	1784088799605	560177688
13246	1516	1784088799606	3699911162
13247	1467	1784088799606	2718139487
13248	1467	1784088799607	1895547653
13249	1467	1784088799607	1229847559
1325	1763	1784088791419	893371305
13250	1467	1784088799607	92881011
13251	1461	1784088799608	2117070370
13252	1461	1784088799608	2278408759
13253	1459	1784088799609	2720342588
13254	1461	1784088799609	2313027554
13255	1461	1784088799610	38395228
13256	1454	1784088799610	2845083319
13257	1461	1784088799610	3476472313
13258	1461	1784088799611	3834536328
13259	1527	1784088799611	995635061
1326	1747	1784088791419	3679000512
13260	1526	1784088799611	3462557613
13261	1469	1784088799611	269559729
13262	1469	1784088799613	773556415
13263	1733	1784088799613	3168790710
13264	1564	1784088799613	1144584886
13265	1563	1784088799614	3774031347
13266	1558	1784088799614	2390942493
13267	1564	1784088799614	1611376277
13268	1456	1784088799615	1827398796
13269	1456	1784088799615	1219839745
1327	1921	1784088791420	2718178984
13270	1456	1784088799616	1439953769
13271	1456	1784088799616	1856034862
13272	1456	1784088799616	1469112947
13273	1456	1784088799617	124454506
13274	1456	1784088799617	1181433131
13275	1456	1784088799618	3724666079
13276	1520	1784088799618	2211291832
13277	1568	1784088799619	2646880123
13278	1819	1784088799619	2984727893
13279	1723	1784088799620	1114810182
1328	1748	1784088791420	1930518970
13280	1810	1784088799620	3633595087
13281	1720	1784088799620	3278697228
13282	1720	1784088799621	1112082995
13283	1720	1784088799621	2736014710
13284	1720	1784088799621	1082439937
13285	1720	1784088799623	2715416132
13286	1720	1784088799623	1910389669
13287	1720	1784088799623	2424534240
13288	1720	1784088799623	1159716709
13289	1464	1784088799624	2588114430
1329	1946	1784088791421	3787851562
13290	1666	1784088799624	220387500
13291	1643	1784088799625	749182106
13292	1513	1784088799625	1948370855
13293	1587	1784088799626	230595214
13294	1519	1784088799626	3015939967
13295	1515	1784088799626	1133390343
13296	1520	1784088799627	3424330624
13297	1485	1784088799627	3732367827
13298	1481	1784088799628	551322830
13299	1605	1784088799628	669024621
133	1622	1784088786331	126337333
1330	1751	1784088791421	874506184
13300	1504	1784088799628	2785750350
13301	1504	1784088799629	3033910173
13302	1508	1784088799629	617869308
13303	1514	1784088799630	2229200278
13304	1517	1784088799630	1585862747
13305	1518	1784088799631	745809540
13306	1464	1784088799631	1937866301
13307	1525	1784088799631	808641449
13308	1520	1784088799631	2721389868
13309	1505	1784088799633	3736536139
1331	1931	1784088791421	1835050179
13310	1510	1784088799633	4264124268
13311	1504	1784088799633	1948853500
13312	1521	1784088799635	2319066034
13313	1510	1784088799635	2478191785
13314	1521	1784088799635	3220343178
13315	1515	1784088799635	964355431
13316	1490	1784088799637	616263487
13317	1498	1784088799637	4145138103
13318	1538	1784088799637	1054249669
13319	1675	1784088799637	4239805695
1332	1736	1784088791422	1388736576
13320	1675	1784088799637	2773121907
13321	1501	1784088799638	3571052483
13322	1517	1784088799638	1068947868
13323	1517	1784088799640	805415536
13324	1527	1784088799640	2166708147
13325	1529	1784088799640	1910879953
13326	1537	1784088799641	2112564592
13327	1507	1784088799641	309185198
13328	1517	1784088799642	3996514383
13329	1504	1784088799642	2517954051
1333	1758	1784088791422	3910911834
13330	1504	1784088799642	2253638614
13331	1471	1784088799642	3691362632
13332	1517	1784088799642	378445918
13333	1535	1784088799643	1293475742
13334	1553	1784088799643	2306425662
13335	1532	1784088799645	690810403
13336	1474	1784088799645	640575716
13337	1553	1784088799645	166013237
13338	1533	1784088799646	87354853
13339	1492	1784088799646	3425761536
1334	1734	1784088791423	439736433
13340	1497	1784088799647	2679039936
13341	1573	1784088799647	1241253157
13342	1586	1784088799647	601528218
13343	1575	1784088799648	1278919993
13344	1582	1784088799648	2255161892
13345	1574	1784088799649	1982179443
13346	1629	1784088799649	687599006
13347	1574	1784088799650	3274442133
13348	1581	1784088799651	938912304
13349	1575	1784088799651	3294802995
1335	1813	1784088791423	4290497051
13350	1582	1784088799651	243694604
13351	1574	1784088799652	1007922252
13352	1581	1784088799652	1996483764
13353	1503	1784088799653	2055514600
13354	1511	1784088799653	2142655941
13355	1546	1784088799654	2799187055
13356	1522	1784088799654	317067345
13357	1509	1784088799654	2548345889
13358	1606	1784088799655	2807866485
13359	1514	1784088799655	1370439272
1336	1721	1784088791423	2365174748
13360	1629	1784088799656	2145863514
13361	1514	1784088799656	2313904439
13362	1627	1784088799657	996400619
13363	1514	1784088799657	1126088961
13364	1609	1784088799658	487897771
13365	1510	1784088799658	2946150962
13366	1610	1784088799658	2212198414
13367	1510	1784088799659	1468634389
13368	1609	1784088799659	1958697563
13369	1510	1784088799660	3529730595
1337	1816	1784088791425	4238856853
13370	1601	1784088799660	1016547434
13371	1502	1784088799661	2802480092
13372	1602	1784088799661	4006968316
13373	1502	1784088799662	1120196360
13374	1622	1784088799662	3297498534
13375	1502	1784088799663	3085319221
13376	1603	1784088799663	3923774453
13377	1601	1784088799663	500073276
13378	1601	1784088799664	2084960350
13379	1515	1784088799665	2077031265
1338	1722	1784088791426	1120919354
13380	1523	1784088799665	2199858493
13381	1530	1784088799666	2603261144
13382	1530	1784088799666	3943494878
13383	1530	1784088799667	1916677859
13384	1530	1784088799667	188753106
13385	1530	1784088799668	2457009903
13386	1512	1784088799668	2622209985
13387	1514	1784088799669	3847559738
13388	1515	1784088799669	1554015748
13389	1503	1784088799670	2610380194
1339	1763	1784088791427	1901089527
13390	1501	1784088799670	2233542610
13391	1521	1784088799671	2861542761
13392	1508	1784088799671	1452803335
13393	1520	1784088799672	1919910124
13394	1502	1784088799672	3241774202
13395	1526	1784088799672	3855879643
13396	1485	1784088799673	1718700476
13397	1496	1784088799673	2505898719
13398	1499	1784088799674	3782642842
13399	1518	1784088799674	1260916793
134	1525	1784088786331	738051308
1340	1751	1784088791427	1753842778
13400	1522	1784088799674	3826105973
13401	1509	1784088799675	4105194529
13402	1520	1784088799675	2204433986
13403	1642	1784088799676	1424330246
13404	1460	1784088799676	4081586151
13405	1642	1784088799677	3853998676
13406	1819	1784088799677	3718153181
13407	1730	1784088799678	3845810821
13408	1757	1784088799678	3053464243
13409	1754	1784088799679	789680176
1341	1844	1784088791428	3171298050
13410	1746	1784088799680	4023845837
13411	1743	1784088799680	878890776
13412	1747	1784088799681	831066426
13413	1746	1784088799681	301848573
13414	1756	1784088799683	2352162231
13415	1770	1784088799683	3850378001
13416	1770	1784088799683	4049713031
13417	1706	1784088799684	3577183361
13418	1708	1784088799684	782093081
13419	1712	1784088799685	774277013
1342	1753	1784088791428	4111282959
13420	1554	1784088799685	18158640
13421	1611	1784088799686	946910271
13422	1609	1784088799687	2840800863
13423	1540	1784088799687	3499388052
13424	1598	1784088799688	2876271871
13425	1596	1784088799688	1716741173
13426	1535	1784088799689	2414576652
13427	1537	1784088799689	306522663
13428	1536	1784088799689	901436943
13429	1541	1784088799690	3014811241
1343	1850	1784088791429	4109019745
13430	1687	1784088799690	1291009971
13431	1554	1784088799691	226165838
13432	1524	1784088799691	950505184
13433	1629	1784088799692	3003611476
13434	1503	1784088799692	2545602520
13435	1635	1784088799693	2191432959
13436	1506	1784088799694	1272066964
13437	1595	1784088799694	2385191146
13438	1465	1784088799694	2840837875
13439	1513	1784088799694	4059959826
1344	1755	1784088791429	4127256696
13440	1466	1784088799695	1533415590
13441	1465	1784088799696	2503957611
13442	1744	1784088799696	1920798353
13443	1590	1784088799697	3573914880
13444	1633	1784088799697	3904257995
13445	1659	1784088799698	797801259
13446	1632	1784088799698	3598790692
13447	1632	1784088799699	966412934
13448	1632	1784088799699	3428247871
13449	1733	1784088799700	267357619
1345	1835	1784088791430	78625497
13450	1769	1784088799700	3769566865
13451	1768	1784088799701	4251981698
13452	1771	1784088799701	3595104097
13453	1769	1784088799701	3428206712
13454	1754	1784088799703	1220877542
13455	1760	1784088799703	975631200
13456	1775	1784088799704	3460497595
13457	1769	1784088799704	3392594390
13458	1723	1784088799705	1858102491
13459	1712	1784088799705	2290552491
1346	1740	1784088791430	2060370456
13460	1641	1784088799706	2945316016
13461	1759	1784088799706	2282241484
13462	1643	1784088799707	3944556254
13463	1617	1784088799707	1186020158
13464	1470	1784088799707	704972703
13465	1795	1784088799708	3562114627
13466	1756	1784088799708	2682708011
13467	1757	1784088799709	3663060767
13468	1758	1784088799710	422337781
13469	1792	1784088799710	2035639555
1347	1836	1784088791431	2241040051
13470	1684	1784088799710	2299055559
13471	1766	1784088799712	1124193514
13472	1756	1784088799712	1283883189
13473	1784	1784088799713	1738442950
13474	1746	1784088799713	4275558266
13475	1772	1784088799713	1726770825
13476	1744	1784088799714	2916946826
13477	1774	1784088799714	3182244655
13478	1800	1784088799715	3298676756
13479	1750	1784088799715	1846593671
1348	1738	1784088791431	526421918
13480	1858	1784088799716	2970670663
13481	1677	1784088799717	258347394
13482	1809	1784088799717	808017817
13483	1779	1784088799718	1961359639
13484	1817	1784088799718	324027851
13485	1816	1784088799719	1760188221
13486	1818	1784088799719	1199715277
13487	1789	1784088799720	3779764008
13488	1734	1784088799720	1565284618
13489	1785	1784088799721	3274866188
1349	1796	1784088791433	276838865
13490	1735	1784088799721	1162588450
13491	1735	1784088799721	3920279108
13492	1789	1784088799723	81534890
13493	1788	1784088799723	1683196380
13494	1790	1784088799723	3396733365
13495	1777	1784088799724	608484807
13496	1779	1784088799724	1210118515
13497	1785	1784088799724	2581361067
13498	1794	1784088799725	1503788957
13499	1794	1784088799725	1922109059
135	1622	1784088786333	476934720
1350	1697	1784088791434	3254439242
13500	1796	1784088799726	1931096455
13501	1706	1784088799727	2572957115
13502	1700	1784088799727	245249413
13503	1695	1784088799728	275609599
13504	1667	1784088799729	2895032084
13505	1664	1784088799730	1756487445
13506	1749	1784088799730	2310919964
13507	1781	1784088799731	2728862158
13508	1644	1784088799731	2669036059
13509	1652	1784088799732	1571380679
1351	1813	1784088791435	4091723653
13510	1650	1784088799733	1204969439
13511	1600	1784088799733	2793030892
13512	1614	1784088799733	2978424378
13513	1718	1784088799734	787887272
13514	1717	1784088799734	1901315815
13515	1713	1784088799736	2900557648
13516	1654	1784088799736	66687515
13517	1657	1784088799737	2444735416
13518	1718	1784088799737	2205745509
13519	1717	1784088799738	3647784120
1352	1699	1784088791435	1709722181
13520	1713	1784088799738	940343407
13521	1654	1784088799739	3023328543
13522	1657	1784088799739	4088148618
13523	1654	1784088799740	3818520054
13524	1655	1784088799740	1485028164
13525	1651	1784088799741	101535042
13526	1652	1784088799741	2764304524
13527	1667	1784088799742	1948670827
13528	1668	1784088799743	287995445
13529	1665	1784088799743	2851573614
1353	1774	1784088791436	2313171397
13530	1726	1784088799744	2380497063
13531	1527	1784088799744	1996079421
13532	1571	1784088799745	1788466411
13533	1569	1784088799745	279604041
13534	1572	1784088799746	2472368043
13535	1571	1784088799746	213550358
13536	1570	1784088799747	356881355
13537	1524	1784088799747	2323120918
13538	1560	1784088799748	3916944442
13539	1559	1784088799748	2877405105
1354	1755	1784088791436	3126904947
13540	1517	1784088799749	1759809697
13541	1640	1784088799749	3405985264
13542	1718	1784088799750	3708648899
13543	1734	1784088799750	2308085652
13544	1772	1784088799750	2213453099
13545	1768	1784088799751	1150957558
13546	1761	1784088799752	3741158456
13547	1760	1784088799752	1594211712
13548	1656	1784088799753	1188038543
13549	1647	1784088799753	4220777127
1355	1849	1784088791437	3947681823
13550	1648	1784088799754	1571542471
13551	1606	1784088799755	830265167
13552	1689	1784088799755	3524891457
13553	1695	1784088799756	3605429498
13554	1689	1784088799756	718469353
13555	1692	1784088799757	2868736523
13556	1722	1784088799758	4256914092
13557	1709	1784088799758	1765485657
13558	1711	1784088799758	1058409379
13559	1587	1784088799759	4020843757
1356	1747	1784088791437	57054299
13560	1591	1784088799759	2935184737
13561	1626	1784088799760	3654887606
13562	1663	1784088799760	2468451778
13563	1517	1784088799761	3634791839
13564	1510	1784088799761	288225198
13565	1500	1784088799762	2251307567
13566	1543	1784088799762	308315325
13567	1658	1784088799762	3107085670
13568	1508	1784088799764	744019461
13569	1645	1784088799764	510403875
1357	1850	1784088791438	318220210
13570	1582	1784088799766	1145164891
13571	1561	1784088799767	976191178
13572	1580	1784088799767	904148524
13573	1614	1784088799768	1820196739
13574	1623	1784088799768	3371022513
13575	1629	1784088799769	193486714
13576	1579	1784088799769	695455027
13577	1462	1784088799770	193266337
13578	1465	1784088799771	131443848
13579	1580	1784088799773	2009373826
1358	1748	1784088791439	2071346527
13580	1463	1784088799774	1204682040
13581	1477	1784088799775	3254905742
13582	1478	1784088799775	720766434
13583	1479	1784088799776	106880056
13584	1478	1784088799776	443673569
13585	1480	1784088799777	2397487831
13586	1477	1784088799778	3269790390
13587	1482	1784088799778	2356306817
13588	1556	1784088799779	2930023109
13589	1469	1784088799779	817903895
1359	1851	1784088791440	1320653607
13590	1468	1784088799780	1311326554
13591	1527	1784088799780	3702363103
13592	1463	1784088799781	3723362836
13593	1471	1784088799781	3394553774
13594	1549	1784088799782	1898572135
13595	1549	1784088799783	3513507268
13596	1550	1784088799783	613469300
13597	1550	1784088799785	1810856978
13598	1489	1784088799785	2921298012
13599	1480	1784088799786	818206384
136	1525	1784088786333	1949966594
1360	1746	1784088791440	247519941
13600	1481	1784088799786	3785731724
13601	1482	1784088799787	1465359703
13602	1482	1784088799787	4261506193
13603	1481	1784088799788	1900024816
13604	1481	1784088799789	833181526
13605	1485	1784088799790	464260749
13606	1481	1784088799791	1875658950
13607	1482	1784088799791	4282448453
13608	1479	1784088799792	1075688051
13609	1481	1784088799793	401548326
1361	1841	1784088791441	3067058703
13610	1481	1784088799793	612826825
13611	1482	1784088799793	2815107456
13612	1703	1784088799795	755551216
13613	1702	1784088799796	255767778
13614	1691	1784088799796	1834846925
13615	1696	1784088799797	3932703055
13616	1696	1784088799797	30013761
13617	1673	1784088799798	2087661189
13618	1672	1784088799798	233487813
13619	1691	1784088799799	219087615
1362	1743	1784088791441	1623061906
13620	1694	1784088799799	1925996831
13621	1694	1784088799800	1636346137
13622	1673	1784088799801	1850622661
13623	1672	1784088799801	4057155818
13624	1691	1784088799802	1860317588
13625	1696	1784088799803	2592140815
13626	1702	1784088799805	707335123
13627	1673	1784088799806	485345444
13628	1672	1784088799807	4113903101
13629	1699	1784088799807	3148815892
1363	1790	1784088791441	255666949
13630	1717	1784088799808	4211382261
13631	1722	1784088799809	1836179007
13632	1724	1784088799809	1088041052
13633	1723	1784088799810	3305292343
13634	1722	1784088799810	1283057601
13635	1722	1784088799811	3942239377
13636	1723	1784088799811	1158522379
13637	1722	1784088799811	1068868918
13638	1723	1784088799812	3285583754
13639	1702	1784088799813	433650720
1364	1687	1784088791443	2236134297
13640	1722	1784088799813	1866729614
13641	1722	1784088799815	1675810004
13642	1720	1784088799815	2445987697
13643	1541	1784088799816	1321258389
13644	1541	1784088799817	2875411357
13645	1542	1784088799817	4018795014
13646	1545	1784088799818	4190700542
13647	1563	1784088799818	2674284892
13648	1558	1784088799819	1439603132
13649	1472	1784088799820	1609929774
1365	1741	1784088791443	3095603034
13650	1684	1784088799820	4133379686
13651	1479	1784088799821	1694552033
13652	1484	1784088799821	3952323791
13653	1479	1784088799822	1148114460
13654	1484	1784088799822	2773227656
13655	1612	1784088799823	3251502462
13656	1690	1784088799823	675391092
13657	1694	1784088799825	886391960
13658	1691	1784088799825	718149446
13659	1480	1784088799826	2630645979
1366	1718	1784088791444	391225410
13660	1477	1784088799827	747283153
13661	1714	1784088799827	2728458380
13662	1476	1784088799828	2856143919
13663	1482	1784088799828	4119133278
13664	1474	1784088799829	3396039595
13665	1476	1784088799829	2038196551
13666	1565	1784088799830	1206559016
13667	1550	1784088799830	3414439662
13668	1521	1784088799830	4247446497
13669	1519	1784088799832	1977645235
1367	1822	1784088791444	3201146131
13670	1524	1784088799833	3253207703
13671	1558	1784088799834	1595582961
13672	1552	1784088799834	3276352983
13673	1526	1784088799835	4071282622
13674	1521	1784088799836	4010681181
13675	1529	1784088799837	752611491
13676	1560	1784088799838	3508164676
13677	1515	1784088799838	504352772
13678	1513	1784088799839	647916079
13679	1528	1784088799840	467470452
1368	1720	1784088791444	325482761
13680	1527	1784088799840	1241907883
13681	1515	1784088799841	3249992523
13682	1518	1784088799841	3751207399
13683	1522	1784088799843	1411523343
13684	1527	1784088799844	204442113
13685	1539	1784088799844	872225773
13686	1541	1784088799844	4055708054
13687	1533	1784088799845	3511126171
13688	1535	1784088799845	4052920646
13689	1540	1784088799846	1914393819
1369	1828	1784088791445	3679571999
13690	1535	1784088799846	236041464
13691	1509	1784088799847	592507360
13692	1514	1784088799848	2135223990
13693	1509	1784088799848	3267767602
13694	1511	1784088799849	2715513170
13695	1512	1784088799850	2838962568
13696	1514	1784088799851	4152965940
13697	1510	1784088799851	2130454059
13698	1510	1784088799853	168102140
13699	1510	1784088799853	937728661
137	1622	1784088786334	3415178876
1370	1722	1784088791445	298810040
13700	1514	1784088799854	3570261069
13701	1507	1784088799854	3649246314
13702	1507	1784088799854	3573449359
13703	1522	1784088799855	350936235
13704	1515	1784088799855	209874724
13705	1513	1784088799856	2737334263
13706	1513	1784088799857	3396174987
13707	1478	1784088799857	174650921
13708	1463	1784088799858	2443276752
13709	1486	1784088799858	1314201985
1371	1828	1784088791447	2620371595
13710	1487	1784088799859	456978633
13711	1495	1784088799859	3146294996
13712	1485	1784088799860	4237487340
13713	1496	1784088799860	4099167793
13714	1500	1784088799861	3649984333
13715	1487	1784088799861	2861795540
13716	1496	1784088799861	692783711
13717	1493	1784088799863	1670025314
13718	1497	1784088799864	138610412
13719	1680	1784088799864	868418935
1372	1722	1784088791448	2688915888
13720	1676	1784088799864	2978858603
13721	1649	1784088799865	1797178480
13722	1835	1784088799865	2761933214
13723	1475	1784088799866	643104092
13724	1477	1784088799866	3148481703
13725	1474	1784088799867	1866545901
13726	1476	1784088799868	2237325259
13727	1724	1784088799869	1841551865
13728	1461	1784088799870	2799252812
13729	1461	1784088799871	3157510941
1373	1829	1784088791449	4004676442
13730	1461	1784088799871	2907012032
13731	1461	1784088799873	740776724
13732	1472	1784088799874	993849015
13733	1467	1784088799874	3338119921
13734	1700	1784088799875	2664202920
13735	1677	1784088799875	3418149470
13736	1710	1784088799876	3470828938
13737	1687	1784088799877	1829686523
13738	1751	1784088799877	2402214242
13739	1728	1784088799878	3266231433
1374	1720	1784088791450	4244322354
13740	1709	1784088799878	1809849962
13741	1686	1784088799879	2572632244
13742	1710	1784088799880	564492542
13743	1687	1784088799880	4035610554
13744	1741	1784088799881	1360680265
13745	1718	1784088799881	2599597998
13746	1522	1784088799881	3719830933
13747	1511	1784088799883	1242506746
13748	1516	1784088799884	2544530959
13749	1511	1784088799884	1954938284
1375	1792	1784088791450	3551325481
13750	1517	1784088799884	3535717307
13751	1512	1784088799885	1508071782
13752	1524	1784088799885	3947853097
13753	1513	1784088799886	732660210
13754	1515	1784088799886	3132977263
13755	1510	1784088799887	1917951469
13756	1650	1784088799887	3872214247
13757	1471	1784088799888	1547370318
13758	1514	1784088799888	72715007
13759	1514	1784088799889	734711563
1376	1687	1784088791451	450498590
13760	1463	1784088799889	696272238
13761	1471	1784088799889	857922066
13762	1515	1784088799890	874634396
13763	1521	1784088799890	2441117127
13764	1801	1784088799891	1482930219
13765	1787	1784088799891	2561931732
13766	1801	1784088799893	2341681233
13767	1802	1784088799894	2545984375
13768	1803	1784088799894	1700102786
13769	1783	1784088799895	1987483912
1377	1772	1784088791451	1118291913
13770	1794	1784088799895	3168104555
13771	1787	1784088799896	1161775547
13772	1798	1784088799896	1171141145
13773	1788	1784088799896	3693422301
13774	1799	1784088799897	2400254489
13775	1789	1784088799897	2316712173
13776	1800	1784088799898	1536522478
13777	1819	1784088799899	1552891831
13778	1822	1784088799899	2671305399
13779	1807	1784088799900	305890788
1378	1751	1784088791453	1094728336
13780	1760	1784088799901	2782860788
13781	1788	1784088799901	135336086
13782	1680	1784088799901	2872558798
13783	1769	1784088799903	3487398350
13784	1710	1784088799903	3181312626
13785	1716	1784088799904	2966843715
13786	1711	1784088799904	1582044056
13787	1772	1784088799905	3907004316
13788	1759	1784088799906	516720511
13789	1518	1784088799906	2707531414
1379	1725	1784088791453	1481188875
13790	1520	1784088799906	3919642534
13791	1515	1784088799907	3127075011
13792	1518	1784088799908	2466229564
13793	1800	1784088799909	1775511998
13794	1526	1784088799909	1985870132
13795	1514	1784088799909	3285809658
13796	1518	1784088799910	3740794317
13797	1514	1784088799911	3128099338
13798	1512	1784088799911	4151441376
13799	1513	1784088799913	2909087835
138	1525	1784088786334	3353507357
1380	1707	1784088791454	2113427008
13800	1813	1784088799913	1068143558
13801	1793	1784088799914	1218584311
13802	1805	1784088799915	2915913586
13803	1783	1784088799916	4125735768
13804	1795	1784088799916	330502211
13805	1813	1784088799917	3126832702
13806	1793	1784088799917	4186224177
13807	1805	1784088799918	2155223631
13808	1783	1784088799918	4603387
13809	1795	1784088799919	131758599
1381	1752	1784088791454	1008867431
13810	1529	1784088799920	557912657
13811	1571	1784088799920	2333119768
13812	1568	1784088799921	1578809768
13813	1568	1784088799921	2906882048
13814	1526	1784088799923	3661257102
13815	1569	1784088799923	1581282566
13816	1580	1784088799924	4217742618
13817	1574	1784088799924	3542424710
13818	1576	1784088799925	545427159
13819	1576	1784088799925	777609544
1382	1732	1784088791454	3134669541
13820	1818	1784088799926	3592605324
13821	1792	1784088799926	624024612
13822	1804	1784088799926	1524075880
13823	1782	1784088799927	3356619741
13824	1794	1784088799928	1688818577
13825	1825	1784088799928	2294944313
13826	1794	1784088799929	2807177188
13827	1806	1784088799929	3354860725
13828	1784	1784088799930	2789532520
13829	1796	1784088799930	740193942
1383	1840	1784088791455	1926937205
13830	1817	1784088799930	2474314721
13831	1791	1784088799932	1560899875
13832	1803	1784088799932	2495940167
13833	1781	1784088799933	1793297006
13834	1793	1784088799933	4066144868
13835	1810	1784088799934	3994984060
13836	1790	1784088799935	2462967147
13837	1802	1784088799936	2201091964
13838	1780	1784088799936	4253997411
13839	1792	1784088799937	1770102140
1384	1734	1784088791455	2180383731
13840	1458	1784088799937	533821510
13841	1458	1784088799938	4019453778
13842	1458	1784088799938	606433327
13843	1458	1784088799939	3563583291
13844	1458	1784088799939	1748592788
13845	1493	1784088799940	506001660
13846	1663	1784088799940	3762156082
13847	1657	1784088799941	2720941990
13848	1653	1784088799942	3383763411
13849	1664	1784088799942	1382169183
1385	1839	1784088791456	414686397
13850	1654	1784088799943	211629190
13851	1654	1784088799943	3806717688
13852	1663	1784088799944	131197981
13853	1658	1784088799944	3017670008
13854	1665	1784088799944	3455051401
13855	1665	1784088799945	1443056709
13856	1664	1784088799946	3271914080
13857	1664	1784088799946	683714710
13858	1760	1784088799947	1072228922
13859	1745	1784088799948	3267289765
1386	1734	1784088791456	3524095006
13860	1751	1784088799948	2516827510
13861	1762	1784088799949	174392290
13862	1746	1784088799949	3484440705
13863	1753	1784088799949	3069545821
13864	1750	1784088799950	115944054
13865	1737	1784088799950	2157344084
13866	1742	1784088799951	749404376
13867	1800	1784088799951	3284904564
13868	1784	1784088799951	483455074
13869	1791	1784088799953	279135254
1387	1837	1784088791457	1660758437
13870	1767	1784088799954	1355753773
13871	1752	1784088799954	1774102804
13872	1758	1784088799955	3247072266
13873	1769	1784088799955	343018219
13874	1752	1784088799956	2262681654
13875	1760	1784088799956	3319813209
13876	1760	1784088799957	4025703606
13877	1740	1784088799958	2701399453
13878	1751	1784088799958	3690879274
13879	1665	1784088799959	391557151
1388	1733	1784088791458	2157690308
13880	1776	1784088799960	1992793321
13881	1777	1784088799961	2210106575
13882	1778	1784088799962	912675892
13883	1654	1784088799962	2753708070
13884	1759	1784088799963	3487209560
13885	1739	1784088799963	469557951
13886	1750	1784088799964	1835726559
13887	1745	1784088799964	1103118482
13888	1735	1784088799965	100111972
13889	1736	1784088799965	2924349296
1389	1820	1784088791458	281468353
13890	1756	1784088799966	576608045
13891	1736	1784088799966	3776185474
13892	1747	1784088799967	455873982
13893	1753	1784088799967	1867261338
13894	1735	1784088799968	1106265851
13895	1744	1784088799968	3453073418
13896	1754	1784088799968	4085254015
13897	1732	1784088799969	1323887248
13898	1744	1784088799970	2391869945
13899	1777	1784088799970	862902827
139	1606	1784088786335	4040993753
1390	1717	1784088791459	1011066798
13900	1758	1784088799971	1798808266
13901	1768	1784088799971	1737972710
13902	1760	1784088799971	1469011751
13903	1743	1784088799972	1240834730
13904	1750	1784088799972	1303920999
13905	1773	1784088799973	253034879
13906	1757	1784088799973	2261217661
13907	1764	1784088799974	2992375595
13908	1766	1784088799974	3485077982
13909	1746	1784088799974	1582766527
1391	1779	1784088791459	470931012
13910	1756	1784088799976	597355851
13911	1752	1784088799977	559343339
13912	1742	1784088799978	3433995903
13913	1742	1784088799979	3036275042
13914	1764	1784088799979	2309925924
13915	1744	1784088799980	1492892755
13916	1754	1784088799980	4239811469
13917	1761	1784088799981	3455943531
13918	1743	1784088799981	123793110
13919	1751	1784088799981	358802234
1392	1761	1784088791460	1467059818
13920	1761	1784088799982	2406157921
13921	1739	1784088799983	1104968697
13922	1751	1784088799983	2011601393
13923	1771	1784088799984	1067547610
13924	1752	1784088799984	323462879
13925	1756	1784088799984	2176969333
13926	1754	1784088799986	1827711120
13927	1737	1784088799987	4289630088
13928	1739	1784088799987	1713996020
13929	1767	1784088799988	1113883244
1393	1885	1784088791460	3892182121
13930	1751	1784088799988	886673082
13931	1757	1784088799989	3062128490
13932	1767	1784088799989	3777398736
13933	1752	1784088799990	2014401559
13934	1757	1784088799990	3222953818
13935	1770	1784088799991	2660232640
13936	1754	1784088799991	139085523
13937	1760	1784088799991	2891588519
13938	1758	1784088799992	23074360
13939	1744	1784088799992	3318825020
1394	1781	1784088791461	3482299968
13940	1749	1784088799993	2840303040
13941	1808	1784088799994	2049693469
13942	1792	1784088799996	1562855799
13943	1798	1784088799996	3600686456
13944	1774	1784088799997	639882399
13945	1759	1784088799997	4062039010
13946	1759	1784088799998	89878955
13947	1777	1784088799998	3699414919
13948	1760	1784088799999	2297985490
13949	1767	1784088799999	270172830
1395	1888	1784088791461	3006773216
13950	1767	1784088800000	1521889395
13951	1747	1784088800001	2671636088
13952	1758	1784088800001	1193665185
13953	1642	1784088800002	521741708
13954	1748	1784088800002	3909683344
13955	1749	1784088800003	2988892959
13956	1750	1784088800003	3690673933
13957	1643	1784088800004	1824618198
13958	1684	1784088800004	3037535176
13959	1675	1784088800004	3248234777
1396	1782	1784088791461	3355424207
13960	1674	1784088800006	1549837754
13961	1754	1784088800006	3419730240
13962	1734	1784088800007	4167557012
13963	1741	1784088800008	1665753738
13964	1756	1784088800008	928085726
13965	1736	1784088800009	3903531006
13966	1746	1784088800010	1330779751
13967	1750	1784088800010	474552752
13968	1738	1784088800011	1849165847
13969	1740	1784088800011	2791715820
1397	1800	1784088791463	1854112186
13970	1752	1784088800013	2671975762
13971	1737	1784088800013	3605018232
13972	1742	1784088800014	3654616348
13973	1756	1784088800014	1019203393
13974	1733	1784088800015	1022251666
13975	1741	1784088800015	3315072843
13976	1750	1784088800015	2561539799
13977	1728	1784088800016	1999144880
13978	1736	1784088800016	1107932798
13979	1767	1784088800017	1069380027
1398	1780	1784088791464	1945586215
13980	1747	1784088800017	106912391
13981	1752	1784088800018	1026839847
13982	1771	1784088800018	3786143742
13983	1749	1784088800018	3361328665
13984	1756	1784088800019	145254570
13985	1752	1784088800019	676716683
13986	1726	1784088800020	200102475
13987	1743	1784088800021	55303272
13988	1851	1784088800021	812153570
13989	1743	1784088800021	3282877207
1399	1887	1784088791464	1948301851
13990	1842	1784088800022	2446003483
13991	1454	1784088800022	2272549991
13992	1454	1784088800023	3843795463
13993	1454	1784088800023	1913780760
13994	1454	1784088800024	566511303
13995	1454	1784088800024	3066959576
13996	1454	1784088800025	3567378616
13997	1454	1784088800026	1135325351
13998	1454	1784088800026	1930074374
13999	1454	1784088800027	3825256729
14	1506	1784088786178	3721494239
140	1509	1784088786335	3226976656
1400	1782	1784088791464	762301674
14000	1454	1784088800027	2244677221
14001	1454	1784088800027	314662522
14002	1454	1784088800028	1890494490
14003	1454	1784088800028	3886348293
14004	1454	1784088800029	3027322074
14005	1454	1784088800029	595268805
14006	1454	1784088800030	1091887781
14007	1454	1784088800030	3592336058
14008	1454	1784088800030	3871316763
14009	1454	1784088800031	1907739396
1401	1887	1784088791465	576286241
14010	1454	1784088800031	139725248
14011	1454	1784088800032	2673760735
14012	1454	1784088800032	4247891903
14013	1454	1784088800033	1782316960
14014	1454	1784088800033	971916159
14015	1454	1784088800034	2934182752
14016	1454	1784088800034	3431720192
14017	1454	1784088800034	1535227167
14018	1454	1784088800035	1797299390
14019	1454	1784088800035	4230663329
1402	1783	1784088791465	2214412962
14020	1454	1784088800035	1166280558
14021	1454	1784088800037	3532543857
14022	1454	1784088800038	2967576849
14023	1454	1784088800038	669774094
14024	1454	1784088800039	1950240209
14025	1454	1784088800039	3811843534
14026	1454	1784088800040	2170284974
14027	1454	1784088800040	374455217
14028	1454	1784088800041	653300240
14029	1454	1784088800041	2986000911
1403	1890	1784088791466	520439341
14030	1454	1784088800042	3357212875
14031	1454	1784088800042	1594970324
14032	1454	1784088800043	1031710388
14033	1454	1784088800043	2859792043
14034	1454	1784088800044	4188097140
14035	1454	1784088800044	1856707179
14036	1454	1784088800045	214232075
14037	1454	1784088800045	2614017044
14038	1454	1784088800045	2876216757
14039	1454	1784088800046	1013302698
1404	1784	1784088791466	3223543104
14040	1454	1784088800046	3726907954
14041	1454	1784088800047	1227770413
14042	1454	1784088800047	725728333
14043	1454	1784088800047	3159092306
14044	1454	1784088800048	4020129933
14045	1454	1784088800048	2022965394
14046	1454	1784088800049	452720370
14047	1454	1784088800049	2381424365
14048	1454	1784088800050	3176173388
14049	1454	1784088800050	710598483
1405	1802	1784088791467	1535678403
14050	1454	1784088800051	1404771735
14051	1454	1784088800051	3299954056
14052	1454	1784088800051	2799614952
14053	1454	1784088800053	836037623
14054	1454	1784088800053	1644255016
14055	1454	1784088800054	4111140663
14056	1584	1784088800054	899952636
14057	1629	1784088800055	3859057252
14058	1556	1784088800055	2897034659
14059	1465	1784088800056	2437878547
1406	1782	1784088791468	15764116
14060	1466	1784088800056	1982347169
14061	1651	1784088800057	782624366
14062	1548	1784088800057	185593268
14063	1499	1784088800057	2195541670
14064	1508	1784088800058	492107302
14065	1536	1784088800058	2118821829
14066	1536	1784088800059	529494271
14067	1547	1784088800059	3498705902
14068	1544	1784088800059	1746043956
14069	1555	1784088800060	1929278381
1407	1889	1784088791468	3307580667
14070	1532	1784088800060	2829923722
14071	1537	1784088800061	3966493811
14072	1532	1784088800061	1100702737
14073	1543	1784088800063	1558728811
14074	1531	1784088800064	2888996028
14075	1530	1784088800064	1664056714
14076	1473	1784088800064	2827188561
14077	1480	1784088800065	889598155
14078	1471	1784088800065	1954130485
14079	1477	1784088800066	1913263232
1408	1784	1784088791469	3315661164
14080	1479	1784088800067	552437667
14081	1477	1784088800067	594348375
14082	1467	1784088800068	3821791599
14083	1475	1784088800068	2793700922
14084	1468	1784088800069	3032641624
14085	1480	1784088800069	3351144543
14086	1471	1784088800070	2939863850
14087	1477	1784088800071	846297976
14088	1479	1784088800071	3220915343
14089	1594	1784088800071	3351782069
1409	1711	1784088791469	496248041
14090	1508	1784088800072	808367777
14091	1592	1784088800073	946665560
14092	1597	1784088800074	357615496
14093	1611	1784088800074	3594660203
14094	1758	1784088800075	1577007989
14095	1755	1784088800076	1906743328
14096	1751	1784088800077	1120916994
14097	1771	1784088800077	3974976669
14098	1488	1784088800077	1366566252
14099	1733	1784088800078	3795020023
141	1606	1784088786336	3852723030
1410	1466	1784088791470	3243243324
14100	1726	1784088800079	3275430158
14101	1548	1784088800079	2288120739
14102	1589	1784088800080	4150794132
14103	1514	1784088800080	2339287712
14104	1495	1784088800081	221666225
14105	1570	1784088800081	3623027733
14106	1480	1784088800081	3912591180
14107	1731	1784088800082	1623628483
14108	1724	1784088800082	3813438053
14109	1546	1784088800083	1310415713
1411	1552	1784088791470	2438913496
14110	1582	1784088800083	155244396
14111	1512	1784088800084	1419546715
14112	1493	1784088800084	715269235
14113	1568	1784088800084	3483390212
14114	1642	1784088800085	3763179136
14115	1646	1784088800085	2608516053
14116	1656	1784088800087	3242902655
14117	1891	1784088800087	2241228083
14118	1752	1784088800088	180646545
14119	1749	1784088800088	406799816
1412	1541	1784088791471	2174355181
14120	1749	1784088800089	3518685807
14121	1634	1784088800089	4267029972
14122	1566	1784088800090	1296038580
14123	1536	1784088800090	1295110821
14124	1566	1784088800090	4277329001
14125	1536	1784088800091	2791136083
14126	1566	1784088800091	395653603
14127	1536	1784088800093	737814185
14128	1567	1784088800093	3063519053
14129	1537	1784088800093	4199784474
1413	1472	1784088791471	2606027902
14130	1567	1784088800094	4169688897
14131	1537	1784088800094	3516757974
14132	1559	1784088800095	3885449882
14133	1536	1784088800095	2081418515
14134	1559	1784088800096	2277047916
14135	1536	1784088800096	2539873509
14136	1559	1784088800096	1868438253
14137	1536	1784088800096	449059103
14138	1560	1784088800097	1531051802
14139	1537	1784088800098	2217634679
1414	1456	1784088791471	3244625131
14140	1560	1784088800098	3929256195
14141	1537	1784088800098	2153969794
14142	1558	1784088800099	3451229771
14143	1537	1784088800099	12640167
14144	1558	1784088800100	1266792982
14145	1537	1784088800100	1425400839
14146	1558	1784088800100	3490950113
14147	1537	1784088800101	152066168
14148	1559	1784088800101	1390371105
14149	1538	1784088800101	1089025416
1415	1464	1784088791473	504941918
14150	1559	1784088800103	2274325157
14151	1538	1784088800103	3524294084
14152	1583	1784088800104	520768797
14153	1559	1784088800105	2668302038
14154	1583	1784088800106	2274348003
14155	1559	1784088800106	3333710995
14156	1583	1784088800106	2240385798
14157	1559	1784088800107	2119079907
14158	1584	1784088800107	2769020808
14159	1560	1784088800108	1991818720
1416	1458	1784088791473	351175267
14160	1584	1784088800108	2739549992
14161	1560	1784088800109	3427187674
14162	1512	1784088800109	1230190637
14163	1506	1784088800110	1141189160
14164	1514	1784088800110	1132398025
14165	1506	1784088800111	1615520786
14166	1520	1784088800111	1829135099
14167	1506	1784088800111	3570947685
14168	1520	1784088800111	907803365
14169	1507	1784088800113	370453482
1417	1470	1784088791473	2037087438
14170	1516	1784088800113	1233293997
14171	1507	1784088800114	3245956678
14172	1528	1784088800114	3229241227
14173	1509	1784088800115	3464860370
14174	1528	1784088800115	905512253
14175	1509	1784088800115	772669010
14176	1523	1784088800116	2555549260
14177	1509	1784088800116	3642895795
14178	1529	1784088800117	1417208684
14179	1510	1784088800118	1511994675
1418	1456	1784088791474	2559196280
14180	1529	1784088800118	3427980478
14181	1510	1784088800119	1745117122
14182	1520	1784088800119	2364101913
14183	1513	1784088800120	85493848
14184	1530	1784088800120	329990310
14185	1513	1784088800121	1387799350
14186	1520	1784088800121	289017474
14187	1513	1784088800123	2604046472
14188	1522	1784088800123	173920208
14189	1513	1784088800124	989830006
1419	1692	1784088791474	1855316880
14190	1522	1784088800124	2804774238
14191	1513	1784088800125	1362484750
14192	1577	1784088800125	3375759554
14193	1560	1784088800126	1255570053
14194	1577	1784088800126	441718185
14195	1560	1784088800126	3542401665
14196	1578	1784088800127	917542590
14197	1561	1784088800128	2796693793
14198	1579	1784088800128	3611920811
14199	1562	1784088800129	858985506
142	1509	1784088786336	1042754823
1420	1792	1784088791475	1172817253
14200	1579	1784088800129	1234785643
14201	1562	1784088800129	118651463
14202	1737	1784088800130	2068636912
14203	1737	1784088800130	1156387855
14204	1737	1784088800131	3610470720
14205	1737	1784088800131	1318792640
14206	1738	1784088800132	2073471283
14207	1517	1784088800132	1014192958
14208	1510	1784088800132	4037295462
14209	1517	1784088800133	3144486682
1421	1694	1784088791476	958336916
14210	1510	1784088800133	415374482
14211	1516	1784088800134	1043768201
14212	1509	1784088800135	2186925847
14213	1516	1784088800136	4122542416
14214	1509	1784088800137	3374171748
14215	1516	1784088800137	1142611321
14216	1509	1784088800138	2516478070
14217	1560	1784088800138	1329571152
14218	1469	1784088800139	130978851
14219	1601	1784088800139	3659331103
1422	1796	1784088791476	3898695615
14220	1510	1784088800140	2586480600
14221	1600	1784088800140	2533135687
14222	1509	1784088800143	867511681
14223	1600	1784088800143	765659936
14224	1509	1784088800144	2029075698
14225	1600	1784088800144	1026493162
14226	1509	1784088800145	605197024
14227	1600	1784088800145	1526945299
14228	1509	1784088800146	1773470914
14229	1600	1784088800146	2503120875
1423	1696	1784088791477	1077217021
14230	1509	1784088800146	1677381414
14231	1599	1784088800147	2622840275
14232	1508	1784088800148	1122228036
14233	1599	1784088800148	13364800
14234	1508	1784088800149	228600357
14235	1599	1784088800149	1654027670
14236	1508	1784088800150	3832422918
14237	1601	1784088800151	2627513551
14238	1511	1784088800151	1209519410
14239	1601	1784088800153	3924600005
1424	1744	1784088791477	896860299
14240	1511	1784088800153	243401961
14241	1600	1784088800154	3978197014
14242	1510	1784088800154	225990164
14243	1600	1784088800155	355330637
14244	1510	1784088800155	3045142979
14245	1600	1784088800155	4266546178
14246	1510	1784088800156	3087643213
14247	1602	1784088800156	2816453469
14248	1511	1784088800156	2871366673
14249	1602	1784088800157	1373973057
1425	1726	1784088791478	3457036670
14250	1511	1784088800158	1578536043
14251	1601	1784088800158	1910230596
14252	1510	1784088800159	1303512373
14253	1601	1784088800160	1886627595
14254	1510	1784088800160	4115358434
14255	1601	1784088800161	1955343124
14256	1510	1784088800161	4173586796
14257	1601	1784088800161	3451703130
14258	1511	1784088800163	2503366363
14259	1601	1784088800163	3003337118
1426	1824	1784088791479	3584511500
14260	1511	1784088800164	244907582
14261	1600	1784088800164	2160678753
14262	1510	1784088800165	2537168261
14263	1600	1784088800165	2029700410
14264	1510	1784088800165	801339986
14265	1600	1784088800166	2476309365
14266	1510	1784088800166	575404508
14267	1599	1784088800167	269783766
14268	1509	1784088800167	1735897636
14269	1599	1784088800168	3100570583
1427	1727	1784088791480	1400434826
14270	1509	1784088800168	1832417728
14271	1598	1784088800169	198437165
14272	1508	1784088800169	2020834397
14273	1598	1784088800169	390924531
14274	1508	1784088800170	925925692
14275	1598	1784088800170	1476572518
14276	1508	1784088800171	3741223199
14277	1604	1784088800171	3466073376
14278	1513	1784088800171	1021732552
14279	1604	1784088800173	1843105658
1428	1831	1784088791480	2092971820
14280	1513	1784088800173	2313442920
14281	1603	1784088800174	1376798298
14282	1512	1784088800174	2669066382
14283	1603	1784088800174	405996538
14284	1512	1784088800175	2242534279
14285	1603	1784088800175	2233925767
14286	1512	1784088800176	3923878979
14287	1593	1784088800176	2011070976
14288	1570	1784088800176	4022280499
14289	1593	1784088800177	2848254580
1429	1730	1784088791481	4203571900
14290	1570	1784088800177	2779691088
14291	1594	1784088800178	932333046
14292	1571	1784088800178	2333334061
14293	1595	1784088800179	1338976480
14294	1572	1784088800179	2969327237
14295	1595	1784088800180	211000395
14296	1572	1784088800180	2727600216
14297	1586	1784088800180	2320595799
14298	1564	1784088800181	759371968
14299	1586	1784088800181	4115068895
143	1605	1784088786337	318202783
1430	1817	1784088791481	2369314447
14300	1564	1784088800183	976053481
14301	1587	1784088800184	1453634594
14302	1565	1784088800184	1127889713
14303	1588	1784088800184	2581168670
14304	1566	1784088800185	1494076531
14305	1588	1784088800185	3401691657
14306	1566	1784088800186	4088191843
14307	1581	1784088800186	1881720704
14308	1568	1784088800186	2299446115
14309	1582	1784088800187	2610023197
1431	1716	1784088791481	1096164790
14310	1569	1784088800187	1887286204
14311	1582	1784088800187	1212101227
14312	1569	1784088800188	2331270327
14313	1583	1784088800189	3793650294
14314	1570	1784088800190	1563882549
14315	1583	1784088800190	2248099837
14316	1570	1784088800191	904926974
14317	1558	1784088800191	1703339570
14318	1538	1784088800191	3778716885
14319	1558	1784088800193	2643992857
1432	1818	1784088791483	2804235921
14320	1538	1784088800193	3862550558
14321	1558	1784088800193	1133415488
14322	1538	1784088800194	12796853
14323	1559	1784088800194	3465227538
14324	1539	1784088800195	2614647561
14325	1561	1784088800195	377539175
14326	1541	1784088800196	1941893460
14327	1562	1784088800196	3120027097
14328	1541	1784088800196	1360258486
14329	1562	1784088800197	3307525305
1433	1714	1784088791483	1983385729
14330	1541	1784088800198	1917722328
14331	1562	1784088800198	1164740508
14332	1541	1784088800199	2533429841
14333	1563	1784088800199	4210638561
14334	1542	1784088800200	2523077224
14335	1563	1784088800201	3351876177
14336	1542	1784088800202	2561685365
14337	1575	1784088800203	595821667
14338	1547	1784088800204	4035384056
14339	1575	1784088800204	1566222933
1434	1768	1784088791484	4017378152
14340	1547	1784088800205	505264853
14341	1575	1784088800205	1082448438
14342	1547	1784088800206	3114204878
14343	1576	1784088800206	559861830
14344	1548	1784088800206	1621030902
14345	1576	1784088800207	280441716
14346	1548	1784088800207	1791742615
14347	1644	1784088800208	1247849753
14348	1620	1784088800208	696676277
14349	1644	1784088800209	1644731111
1435	1744	1784088791484	2713304491
14350	1620	1784088800209	2663888543
14351	1639	1784088800209	397638864
14352	1620	1784088800210	1693216132
14353	1640	1784088800210	2499443345
14354	1621	1784088800211	2987839817
14355	1644	1784088800211	4058318476
14356	1625	1784088800212	226261080
14357	1636	1784088800212	216197711
14358	1619	1784088800213	3819400130
14359	1637	1784088800213	1403953727
1436	1605	1784088791485	1776534040
14360	1620	1784088800213	3079067796
14361	1637	1784088800214	2800462846
14362	1620	1784088800214	3508009400
14363	1638	1784088800215	1624503936
14364	1621	1784088800215	3363325751
14365	1638	1784088800216	1335612239
14366	1621	1784088800216	1185000495
14367	1634	1784088800216	4076256613
14368	1614	1784088800216	682281048
14369	1635	1784088800218	2933938499
1437	1520	1784088791486	3690126160
14370	1615	1784088800218	2578367646
14371	1635	1784088800219	3741836773
14372	1615	1784088800219	471737212
14373	1636	1784088800220	3669808810
14374	1616	1784088800220	416554531
14375	1636	1784088800221	3354849649
14376	1616	1784088800221	3016674465
14377	1694	1784088800221	2744957300
14378	1551	1784088800221	1062113878
14379	1694	1784088800222	2334067614
1438	1531	1784088791486	2403669590
14380	1551	1784088800222	2017765364
14381	1695	1784088800223	3781912432
14382	1552	1784088800223	1917345691
14383	1696	1784088800223	4168061012
14384	1553	1784088800224	2491864275
14385	1696	1784088800224	2283243384
14386	1553	1784088800225	2267144172
14387	1609	1784088800225	1421743014
14388	1456	1784088800226	479323653
14389	1605	1784088800226	3425485025
1439	1520	1784088791487	2566612012
14390	1461	1784088800226	1975615813
14391	1613	1784088800226	347415115
14392	1594	1784088800228	423014902
14393	1613	1784088800229	829394462
14394	1594	1784088800230	212607094
14395	1613	1784088800230	3976857846
14396	1594	1784088800231	891695430
14397	1614	1784088800231	3302372948
14398	1595	1784088800231	3018673
14399	1616	1784088800231	322377321
144	1508	1784088786337	2816162970
1440	1562	1784088791488	2877538553
14400	1597	1784088800232	468266672
14401	1588	1784088800232	869804088
14402	1571	1784088800233	2639226802
14403	1591	1784088800233	2693326245
14404	1574	1784088800233	1335334890
14405	1591	1784088800234	3675772634
14406	1574	1784088800234	2188123724
14407	1592	1784088800235	1500882241
14408	1575	1784088800235	3495279314
14409	1592	1784088800235	2892941675
1441	1551	1784088791488	2770117013
14410	1575	1784088800236	3930522311
14411	1589	1784088800236	1967409140
14412	1570	1784088800236	3344982538
14413	1592	1784088800238	2790226509
14414	1573	1784088800238	797854568
14415	1592	1784088800238	3981611875
14416	1573	1784088800239	242712504
14417	1598	1784088800239	2757087979
14418	1574	1784088800240	1565128654
14419	1598	1784088800240	2249944773
1442	1562	1784088791489	4140474337
14420	1574	1784088800241	1899757323
14421	1531	1784088800241	588903218
14422	1551	1784088800241	3215241452
14423	1533	1784088800241	137861441
14424	1552	1784088800242	3554867675
14425	1534	1784088800243	2738645234
14426	1547	1784088800243	3825547017
14427	1534	1784088800244	1274318159
14428	1548	1784088800245	229874629
14429	1535	1784088800245	1267677770
1443	1551	1784088791490	3559267309
14430	1548	1784088800245	1505159007
14431	1535	1784088800246	3595920457
14432	1471	1784088800246	3341668119
14433	1463	1784088800246	1531086103
14434	1463	1784088800248	2808471551
14435	1463	1784088800248	2477046678
14436	1463	1784088800248	4255894928
14437	1463	1784088800249	3029181451
14438	1463	1784088800249	1283987568
14439	1463	1784088800250	1681490080
1444	1562	1784088791490	467884482
14440	1463	1784088800250	1938997271
14441	1463	1784088800250	2188567853
14442	1463	1784088800251	1769048262
14443	1463	1784088800251	2105090608
14444	1463	1784088800251	814079400
14445	1463	1784088800252	916300953
14446	1463	1784088800252	3493677432
14447	1463	1784088800253	4217667257
14448	1463	1784088800253	2945646084
14449	1463	1784088800253	4103029821
1445	1551	1784088791491	2144309708
14450	1463	1784088800254	2009544040
14451	1463	1784088800254	2388827276
14452	1463	1784088800255	2802098021
14453	1463	1784088800255	412100193
14454	1463	1784088800256	1412742390
14455	1463	1784088800256	1927613272
14456	1463	1784088800256	332543791
14457	1463	1784088800256	3978385409
14458	1515	1784088800258	3944286755
14459	1518	1784088800258	3726914793
1446	1562	1784088791492	2664571568
14460	1531	1784088800259	3823375128
14461	1528	1784088800259	4290552586
14462	1512	1784088800260	4173505089
14463	1526	1784088800260	2258715210
14464	1536	1784088800260	2636848316
14465	1536	1784088800261	1208001851
14466	1515	1784088800261	3721128255
14467	1515	1784088800261	3218015461
14468	1516	1784088800262	1465801230
14469	1539	1784088800262	265281445
1447	1551	1784088791493	166614911
14470	1545	1784088800262	1493297849
14471	1520	1784088800263	4137619255
14472	1563	1784088800263	469854334
14473	1553	1784088800264	3697647193
14474	1561	1784088800264	6881599
14475	1554	1784088800265	752368811
14476	1561	1784088800265	1441998315
14477	1554	1784088800265	1189816977
14478	1533	1784088800266	2563179612
14479	1754	1784088800266	948534443
1448	1561	1784088791493	4248327699
14480	1731	1784088800268	4178053593
14481	1736	1784088800268	2002422506
14482	1473	1784088800269	3743041836
14483	1470	1784088800269	2557327672
14484	1760	1784088800270	3332700092
14485	1735	1784088800270	3121756446
14486	1741	1784088800270	1600466037
14487	1524	1784088800271	3893174836
14488	1523	1784088800271	3438104747
14489	1693	1784088800271	3186690700
1449	1550	1784088791493	1060879747
14490	1745	1784088800272	3091979005
14491	1732	1784088800272	2571001593
14492	1750	1784088800273	1511395277
14493	1732	1784088800273	2348704257
14494	1760	1784088800274	739825516
14495	1729	1784088800274	1822858414
14496	1510	1784088800275	406726618
14497	1908	1784088800275	2333562963
14498	1810	1784088800276	3873205612
14499	1920	1784088800276	1251189742
145	1605	1784088786337	1051972034
1450	1547	1784088791494	498040963
14500	1815	1784088800277	2149477820
14501	1908	1784088800277	2559371148
14502	1812	1784088800278	1247865373
14503	1469	1784088800278	1949654387
14504	1468	1784088800278	297614928
14505	1517	1784088800279	396914080
14506	1530	1784088800279	2899926335
14507	1514	1784088800280	1908587591
14508	1514	1784088800280	3744951033
14509	1514	1784088800281	3253423899
1451	1536	1784088791494	320001824
14510	1514	1784088800281	1741429400
14511	1514	1784088800281	2031107962
14512	1514	1784088800282	1517572444
14513	1514	1784088800282	1151890622
14514	1514	1784088800283	482118928
14515	1514	1784088800283	2245959259
14516	1511	1784088800284	2933522133
14517	1515	1784088800284	2540482178
14518	1516	1784088800285	661761709
14519	1644	1784088800285	3732588487
1452	1547	1784088791494	2136872181
14520	1643	1784088800285	3321314425
14521	1639	1784088800286	1209385234
14522	1516	1784088800286	4252131607
14523	1457	1784088800286	1249288763
14524	1465	1784088800288	4253731420
14525	1618	1784088800288	3975291978
14526	1602	1784088800288	2858697150
14527	1562	1784088800289	4254546241
14528	1546	1784088800289	4284299692
14529	1568	1784088800290	1873816034
1453	1536	1784088791496	1690414131
14530	1552	1784088800290	3951141159
14531	1568	1784088800291	3140929095
14532	1552	1784088800291	169428549
14533	1518	1784088800291	1565009105
14534	1527	1784088800293	2383258542
14535	1465	1784088800293	2993266361
14536	1473	1784088800294	3481385546
14537	1530	1784088800294	485123881
14538	1530	1784088800294	336628953
14539	1620	1784088800295	1516224993
1454	1548	1784088791496	2621733142
14540	1483	1784088800295	4253668450
14541	1618	1784088800296	1974588069
14542	1623	1784088800296	455688515
14543	1486	1784088800296	983179252
14544	1621	1784088800297	1627936859
14545	1463	1784088800297	2297656403
14546	1463	1784088800297	276249396
14547	1463	1784088800298	615931741
14548	1463	1784088800298	3881572298
14549	1463	1784088800298	2927263313
1455	1537	1784088791497	659278564
14550	1463	1784088800299	4067234091
14551	1463	1784088800299	3671886331
14552	1463	1784088800300	2270332842
14553	1463	1784088800300	1991418512
14554	1463	1784088800301	4178762484
14555	1463	1784088800301	3977932802
14556	1463	1784088800301	3292895765
14557	1463	1784088800303	3260932900
14558	1463	1784088800303	2300063828
14559	1463	1784088800303	2722170773
1456	1547	1784088791497	1271270812
14560	1463	1784088800304	1813302011
14561	1463	1784088800304	923365570
14562	1463	1784088800305	3182881799
14563	1463	1784088800305	1142113763
14564	1463	1784088800306	165041029
14565	1463	1784088800306	3057838721
14566	1463	1784088800307	2655348121
14567	1463	1784088800307	3096760887
14568	1463	1784088800307	1950798033
14569	1463	1784088800307	2327166975
1457	1536	1784088791498	3903909009
14570	1487	1784088800308	2639753732
14571	1638	1784088800308	1038690077
14572	1686	1784088800309	3973259269
14573	1703	1784088800309	3730385087
14574	1631	1784088800310	1043393192
14575	1631	1784088800310	4032455403
14576	1631	1784088800310	2039807087
14577	1751	1784088800311	4026615781
14578	1747	1784088800311	2911266515
14579	1749	1784088800311	3328827815
1458	1545	1784088791498	3610927962
14580	1634	1784088800313	1021296359
14581	1634	1784088800313	3623893681
14582	1635	1784088800314	3295776289
14583	1469	1784088800314	4042133936
14584	1482	1784088800315	1057387571
14585	1464	1784088800316	2117321809
14586	1464	1784088800316	3770877272
14587	1464	1784088800317	4135986144
14588	1464	1784088800317	3893131286
14589	1755	1784088800317	332107232
1459	1534	1784088791499	191126621
14590	1482	1784088800317	1883187546
14591	1482	1784088800318	273876292
14592	1740	1784088800319	1322957143
14593	1745	1784088800319	2526304061
14594	1736	1784088800319	1473617447
14595	1486	1784088800320	704114429
14596	1482	1784088800320	3480948251
14597	1544	1784088800323	1322165541
14598	1554	1784088800526	2310838297
14599	1550	1784088800527	2988873723
146	1508	1784088786338	2173453038
1460	1473	1784088791500	1777473099
14600	1529	1784088800527	628096974
14601	1529	1784088800528	1063977061
14602	1534	1784088800528	707095076
14603	1530	1784088800528	341405959
14604	1530	1784088800529	2071561664
14605	1527	1784088800529	2016339767
14606	1682	1784088800530	418760756
14607	1683	1784088800530	4203108846
14608	1683	1784088800531	2001732548
14609	1679	1784088800531	1946820739
1461	1461	1784088791500	2067423751
14610	1680	1784088800531	3143703722
14611	1531	1784088800532	541881214
14612	1716	1784088800532	1037589598
14613	1716	1784088800533	1261773693
14614	1712	1784088800533	1319756167
14615	1713	1784088800534	689887454
14616	1576	1784088800534	1802390202
14617	1465	1784088800534	2701804292
14618	1471	1784088800535	3267128872
14619	1460	1784088800535	3768937679
1462	1548	1784088791501	4222432158
14620	1464	1784088800536	727780464
14621	1455	1784088800536	2496629391
14622	1602	1784088800537	3645337618
14623	1728	1784088800537	568685575
14624	1716	1784088800538	572279158
14625	1461	1784088800538	68453430
14626	1537	1784088800539	366573604
14627	1537	1784088800539	1737963772
14628	1468	1784088800539	1832222250
14629	1485	1784088800540	1183762098
1463	1537	1784088791501	2079740922
14630	1493	1784088800541	1862809926
14631	1749	1784088800541	921537066
14632	1727	1784088800542	728587983
14633	1631	1784088800542	2053231978
14634	1631	1784088800543	2095539808
14635	1631	1784088800543	2995645987
14636	1681	1784088800543	4237194039
14637	1871	1784088800544	1064019330
14638	1503	1784088800544	1363582837
14639	1603	1784088800545	3469879653
1464	1514	1784088791502	1347010562
14640	1599	1784088800545	2356388341
14641	1777	1784088800545	247057753
14642	1588	1784088800546	580017208
14643	1521	1784088800546	1543650048
14644	1599	1784088800547	1013078013
14645	1588	1784088800547	2027785885
14646	1603	1784088800548	4053427631
14647	1486	1784088800548	2268884445
14648	1599	1784088800548	2863517733
14649	1521	1784088800549	77895079
1465	1553	1784088791502	769453650
14650	1599	1784088800549	3909447017
14651	1478	1784088800550	3415759594
14652	1479	1784088800550	3203286542
14653	1474	1784088800551	2140251001
14654	1476	1784088800551	1628547438
14655	1473	1784088800552	1358498322
14656	1535	1784088800552	3706123555
14657	1536	1784088800552	906388319
14658	1531	1784088800553	2865506541
14659	1533	1784088800553	2632411377
1466	1506	1784088791503	3632002657
14660	1530	1784088800554	668944970
14661	1515	1784088800554	2232970808
14662	1755	1784088800554	2187176442
14663	1762	1784088800555	178915672
14664	1606	1784088800555	723725142
14665	1471	1784088800556	3319413918
14666	1482	1784088800556	1900003021
14667	1457	1784088800557	3844706488
14668	1477	1784088800558	1901133493
14669	1469	1784088800559	2379458119
1467	1592	1784088791503	759764745
14670	1469	1784088800559	1788545525
14671	1516	1784088800560	2117735541
14672	1518	1784088800560	1590591338
14673	1518	1784088800560	1387240508
14674	1514	1784088800561	3379913794
14675	1522	1784088800561	660250559
14676	1517	1784088800562	3501350365
14677	1518	1784088800562	1151107079
14678	1522	1784088800563	1373421255
14679	1808	1784088800563	2343127595
1468	1601	1784088791504	3027046400
14680	1779	1784088800564	4060281329
14681	1788	1784088800564	2428419108
14682	1507	1784088800564	2166036292
14683	1507	1784088800565	1738225542
14684	1624	1784088800565	4056663572
14685	1463	1784088800566	3128557058
14686	1483	1784088800566	2357950120
14687	1522	1784088800567	4161930418
14688	1521	1784088800567	3527780759
14689	1517	1784088800568	3844188730
1469	1513	1784088791504	2862894918
14690	1523	1784088800568	1066973419
14691	1527	1784088800568	3239058594
14692	1615	1784088800569	2302487284
14693	1459	1784088800570	2452653904
14694	1469	1784088800570	3841517318
14695	1464	1784088800571	633643717
14696	1519	1784088800571	86887644
14697	1522	1784088800572	3270321768
14698	1526	1784088800573	2744826743
14699	1516	1784088800573	3659924939
147	1605	1784088786338	4121674153
1470	1586	1784088791504	1686235515
14700	1517	1784088800574	2445647430
14701	1516	1784088800574	1171058649
14702	1611	1784088800575	1621653567
14703	1519	1784088800575	4066890268
14704	1518	1784088800575	3306085543
14705	1528	1784088800576	3065872312
14706	1612	1784088800576	2538217871
14707	1611	1784088800577	683546906
14708	1599	1784088800577	72535465
14709	1508	1784088800579	4160652444
1471	1501	1784088791506	53747867
14710	1528	1784088800579	2128458425
14711	1616	1784088800579	1660965710
14712	1504	1784088800580	61173676
14713	1713	1784088800580	3077735222
14714	1528	1784088800581	1168779727
14715	1525	1784088800582	143929767
14716	1522	1784088800582	1785953880
14717	1524	1784088800583	725220663
14718	1514	1784088800583	3686599221
14719	1510	1784088800584	1611559590
1472	1591	1784088791507	3887913258
14720	1514	1784088800584	1421468186
14721	1509	1784088800585	403854311
14722	1511	1784088800585	4016659454
14723	1511	1784088800585	2243170491
14724	1527	1784088800586	700161208
14725	1556	1784088800586	2634700113
14726	1511	1784088800587	740662893
14727	1696	1784088800587	122357190
14728	1729	1784088800587	2165500021
14729	1696	1784088800588	1803275276
1473	1504	1784088791507	3296962559
14730	1701	1784088800588	1791326370
14731	1711	1784088800589	2524551451
14732	1832	1784088800589	465449440
14733	1846	1784088800590	2470915889
14734	1832	1784088800590	3757902208
14735	1481	1784088800591	1526839294
14736	1485	1784088800591	1580489560
14737	1476	1784088800591	2131880267
14738	1555	1784088800592	846083801
14739	1513	1784088800592	138963134
1474	1586	1784088791508	290275785
14740	1616	1784088800593	3719532661
14741	1457	1784088800593	3369981516
14742	1537	1784088800594	2207880345
14743	1626	1784088800594	1713184808
14744	1508	1784088800594	1898696047
14745	1621	1784088800595	2311617586
14746	1503	1784088800595	1669703014
14747	1629	1784088800596	1196351721
14748	1509	1784088800596	2501832523
14749	1622	1784088800597	3464966094
1475	1503	1784088791508	474077492
14750	1504	1784088800597	2654443478
14751	1626	1784088800597	3020463377
14752	1506	1784088800598	3406790079
14753	1626	1784088800598	338419587
14754	1506	1784088800599	3953374736
14755	1625	1784088800599	393688681
14756	1505	1784088800600	948292748
14757	1625	1784088800600	1844449111
14758	1505	1784088800600	2213362296
14759	1630	1784088800601	3695548357
1476	1506	1784088791509	995695020
14760	1510	1784088800602	1871597812
14761	1631	1784088800602	3925512075
14762	1511	1784088800603	3863756228
14763	1632	1784088800603	899490015
14764	1510	1784088800604	3264002288
14765	1627	1784088800604	286496880
14766	1505	1784088800605	3227751950
14767	1632	1784088800605	1256182057
14768	1510	1784088800606	256106457
14769	1631	1784088800606	3346309315
1477	1503	1784088791510	2330848551
14770	1509	1784088800606	414819427
14771	1631	1784088800607	650045521
14772	1509	1784088800607	2580077157
14773	1632	1784088800608	735807338
14774	1510	1784088800608	242450186
14775	1628	1784088800609	2095936663
14776	1506	1784088800609	1671477433
14777	1628	1784088800610	2164835066
14778	1506	1784088800610	2755364406
14779	1628	1784088800611	3109959484
1478	1684	1784088791510	2707820352
14780	1506	1784088800611	2065286840
14781	1625	1784088800611	750457061
14782	1509	1784088800612	808484551
14783	1635	1784088800612	2608917593
14784	1513	1784088800613	968865822
14785	1622	1784088800613	1455313664
14786	1505	1784088800613	3985608972
14787	1632	1784088800614	3963301565
14788	1510	1784088800614	1037053335
14789	1625	1784088800615	933817470
1479	1574	1784088791511	3325078338
14790	1505	1784088800615	4057652510
14791	1619	1784088800616	1562958005
14792	1505	1784088800616	3744428360
14793	1594	1784088800616	2720175423
14794	1504	1784088800617	1344481498
14795	1584	1784088800617	4018589984
14796	1544	1784088800618	3978115526
14797	1518	1784088800619	1671975145
14798	1526	1784088800619	2832176883
14799	1519	1784088800620	4087929741
148	1508	1784088786339	2081486338
1480	1495	1784088791511	304024189
14800	1520	1784088800620	1240334035
14801	1530	1784088800621	218348198
14802	1523	1784088800621	4151091189
14803	1539	1784088800622	3170098666
14804	1508	1784088800622	586138919
14805	1523	1784088800623	1408814828
14806	1527	1784088800623	3423395320
14807	1508	1784088800623	2844474477
14808	1521	1784088800624	2059134336
14809	1516	1784088800624	2644778554
1481	1509	1784088791511	854959201
14810	1509	1784088800625	2304081668
14811	1518	1784088800626	2684365734
14812	1605	1784088800626	2654299378
14813	1604	1784088800626	2245221590
14814	1523	1784088800627	3868255452
14815	1513	1784088800627	797115973
14816	1527	1784088800628	2566968728
14817	1456	1784088800628	819822537
14818	1464	1784088800629	1211895967
14819	1518	1784088800629	513558898
1482	1509	1784088791512	1930376559
14820	1515	1784088800629	127233855
14821	1515	1784088800630	2182148440
14822	1512	1784088800630	2911415664
14823	1515	1784088800631	232397573
14824	1525	1784088800631	2635594095
14825	1521	1784088800632	1331865525
14826	1518	1784088800632	1192579913
14827	1510	1784088800633	1966967977
14828	1512	1784088800633	12825877
14829	1518	1784088800633	1371968600
1483	1509	1784088791513	1280918933
14830	1508	1784088800634	4044066036
14831	1515	1784088800634	1849637160
14832	1471	1784088800635	249180504
14833	1473	1784088800635	1864935331
14834	1470	1784088800636	4014770687
14835	1463	1784088800636	2656058423
14836	1650	1784088800637	2896181215
14837	1551	1784088800637	1818785507
14838	1614	1784088800638	2259590653
14839	1515	1784088800638	1387913970
1484	1509	1784088791513	103471454
14840	1614	1784088800638	3365621082
14841	1515	1784088800639	3953944160
14842	1614	1784088800639	2197599988
14843	1515	1784088800640	671113891
14844	1613	1784088800640	3809202170
14845	1514	1784088800641	2895349112
14846	1614	1784088800641	601892374
14847	1516	1784088800641	1504186317
14848	1614	1784088800642	3585218077
14849	1516	1784088800643	4113656866
1485	1594	1784088791514	3468272603
14850	1614	1784088800643	148620226
14851	1516	1784088800644	1271251221
14852	1613	1784088800644	2454511975
14853	1515	1784088800645	2073283544
14854	1623	1784088800645	3476686711
14855	1508	1784088800646	1349548225
14856	1610	1784088800646	50236028
14857	1515	1784088800646	3953171643
14858	1470	1784088800647	3370553286
14859	1526	1784088800647	340338130
1486	1519	1784088791516	226290212
14860	1480	1784088800648	564012475
14861	1480	1784088800648	1731797614
14862	1480	1784088800649	2375989163
14863	1480	1784088800649	3933679044
14864	1480	1784088800650	2733508570
14865	1480	1784088800650	3829989391
14866	1480	1784088800651	250516938
14867	1480	1784088800651	731526353
14868	1480	1784088800652	4228867896
14869	1479	1784088800652	2019836142
1487	1512	1784088791516	1255831215
14870	1849	1784088800653	3858103463
14871	1548	1784088800653	3782031894
14872	1548	1784088800654	913636358
14873	1548	1784088800654	1435464054
14874	1548	1784088800654	2059198119
14875	1512	1784088800655	371859628
14876	1488	1784088800655	1799367529
14877	1486	1784088800656	3148778356
14878	1486	1784088800656	3133741195
14879	1480	1784088800657	1536813397
1488	1515	1784088791517	3010767238
14880	1490	1784088800657	3128620281
14881	1488	1784088800657	273743396
14882	1484	1784088800658	1407046410
14883	1483	1784088800658	3495889488
14884	1479	1784088800659	1792717035
14885	1487	1784088800659	1766668919
14886	1481	1784088800660	2912167664
14887	1478	1784088800660	1988057511
14888	1485	1784088800661	2201019559
14889	1492	1784088800661	2597468003
1489	1601	1784088791517	1734810483
14890	1493	1784088800662	78396926
14891	1488	1784088800662	344066064
14892	1491	1784088800663	2355926538
14893	1474	1784088800663	1298810877
14894	1472	1784088800664	741958489
14895	1473	1784088800664	1062737827
14896	1473	1784088800665	167312662
14897	1475	1784088800666	1436716158
14898	1472	1784088800666	135762633
14899	1468	1784088800667	107524731
149	1604	1784088786340	2967082959
1490	1600	1784088791518	4123987877
14900	1473	1784088800667	2586656657
14901	1469	1784088800667	2721798386
14902	1473	1784088800668	1659904652
14903	1472	1784088800668	1837125963
14904	1471	1784088800669	1538110393
14905	1472	1784088800669	573537946
14906	1478	1784088800669	3266659205
14907	1474	1784088800670	3187072802
14908	1471	1784088800670	1146098692
14909	1477	1784088800671	3815185324
1491	1683	1784088791518	4117884813
14910	1454	1784088800671	2679935335
14911	1454	1784088800672	146194808
14912	1454	1784088800672	1792620312
14913	1454	1784088800672	4258490119
14914	1454	1784088800673	2919685080
14915	1454	1784088800673	957123527
14916	1454	1784088800674	1533246887
14917	1454	1784088800674	3429445048
14918	1454	1784088800674	4240966681
14919	1454	1784088800675	1807897606
1492	1513	1784088791519	1583695042
14920	1454	1784088800675	3530334153
14921	1454	1784088800676	1164365782
14922	1454	1784088800676	654916022
14923	1454	1784088800677	2953013673
14924	1454	1784088800677	3822507382
14925	1454	1784088800678	1960609129
14926	1454	1784088800678	380859145
14927	1454	1784088800678	2176394006
14928	1454	1784088800679	2971142839
14929	1454	1784088800679	638737064
1493	1611	1784088791519	2615602227
14930	1454	1784088800680	1609799788
14931	1454	1784088800680	3371812979
14932	1454	1784088800680	2861973011
14933	1454	1784088800681	1033661964
14934	1454	1784088800682	1850331859
14935	1454	1784088800682	4181951180
14936	1641	1784088800682	1844350977
14937	1638	1784088800683	773035396
14938	1637	1784088800684	2829438725
14939	1634	1784088800685	405177475
1494	1510	1784088791520	4110869965
14940	1489	1784088800686	3564540354
14941	1574	1784088800687	1219524397
14942	1538	1784088800687	2939323015
14943	1538	1784088800688	2815116107
14944	1538	1784088800689	2636514863
14945	1538	1784088800690	2514470883
14946	1574	1784088800690	476709109
14947	1538	1784088800691	1483868457
14948	1538	1784088800700	24120737
14949	1538	1784088800701	2545898247
1495	1764	1784088791520	3838058493
14950	1538	1784088800702	799666924
14951	1575	1784088800702	517173267
14952	1539	1784088800703	1868253571
14953	1539	1784088800703	2924203918
14954	1539	1784088800703	2225821550
14955	1539	1784088800704	1169936739
14956	1575	1784088800704	2983678919
14957	1539	1784088800705	3233125994
14958	1539	1784088800706	1883598379
14959	1539	1784088800706	795047756
1496	1512	1784088791521	4159852060
14960	1539	1784088800708	3548505739
14961	1572	1784088800709	4109792920
14962	1536	1784088800710	2099646955
14963	1536	1784088800711	574744985
14964	1536	1784088800712	1694959238
14965	1536	1784088800712	979435252
14966	1572	1784088800713	3002273937
14967	1536	1784088800714	1492206402
14968	1536	1784088800715	2906270338
14969	1536	1784088800715	1818971546
1497	1615	1784088791521	580117607
14970	1536	1784088800716	2114916942
14971	1584	1784088800716	3196245247
14972	1548	1784088800716	1196551372
14973	1548	1784088800717	1504007406
14974	1548	1784088800718	23755776
14975	1548	1784088800718	530498594
14976	1584	1784088800719	3637884340
14977	1548	1784088800719	2625932934
14978	1548	1784088800720	3235003750
14979	1548	1784088800720	4053453705
1498	1614	1784088791522	3135838692
14980	1548	1784088800720	287413084
14981	1585	1784088800721	3839587941
14982	1549	1784088800721	4043878105
14983	1549	1784088800722	124320184
14984	1549	1784088800722	2849658716
14985	1549	1784088800723	1606025277
14986	1585	1784088800723	3269520855
14987	1549	1784088800724	3606614622
14988	1549	1784088800724	1437648040
14989	1549	1784088800725	2355944708
1499	1615	1784088791522	3517852226
14990	1549	1784088800725	926256348
14991	1582	1784088800725	1451674025
14992	1546	1784088800726	1694536420
14993	1546	1784088800726	3038877247
14994	1546	1784088800727	3897918205
14995	1546	1784088800727	947160614
14996	1582	1784088800727	348517360
14997	1546	1784088800729	4256478001
14998	1546	1784088800729	1682031728
14999	1546	1784088800730	2614922854
15	1518	1784088786179	4243318622
150	1507	1784088786340	1706258658
1500	1505	1784088791523	183391803
15000	1546	1784088800730	2517854062
15001	1544	1784088800731	1127337080
15002	1531	1784088800731	1296285388
15003	1533	1784088800731	3932319291
15004	1530	1784088800732	240426609
15005	1710	1784088800732	1236056429
15006	1706	1784088800733	2502114383
15007	1706	1784088800733	412118842
15008	1706	1784088800733	1874793460
15009	1556	1784088800734	1385813042
1501	1597	1784088791523	3842751700
15010	1569	1784088800734	2320814992
15011	1569	1784088800735	1963260363
15012	1566	1784088800735	3612815068
15013	1569	1784088800736	1448156548
15014	1634	1784088800736	4286840131
15015	1530	1784088800737	1923201841
15016	1565	1784088800737	1523945842
15017	1630	1784088800738	76376089
15018	1532	1784088800738	3859057225
15019	1534	1784088800739	98501540
1502	1593	1784088791524	2587330669
15020	1532	1784088800739	1351240111
15021	1764	1784088800739	2192837659
15022	1663	1784088800740	951068033
15023	1650	1784088800740	2061760262
15024	1647	1784088800741	2522216094
15025	1674	1784088800741	602587963
15026	1662	1784088800741	172956034
15027	1744	1784088800742	579227673
15028	1665	1784088800742	601936695
15029	1652	1784088800743	2225537511
1503	1502	1784088791524	1661926849
15030	1649	1784088800743	3291803103
15031	1676	1784088800744	3777400907
15032	1664	1784088800745	2573846339
15033	1745	1784088800745	323258300
15034	1688	1784088800745	59597406
15035	1653	1784088800746	520904763
15036	1650	1784088800746	3130590509
15037	1677	1784088800747	3822182315
15038	1665	1784088800747	3085424321
15039	1738	1784088800747	3368993876
1504	1558	1784088791526	772854409
15040	1723	1784088800748	2636646217
15041	1652	1784088800748	2145057428
15042	1649	1784088800753	28867021
15043	1674	1784088800753	1316235457
15044	1662	1784088800754	3549318671
15045	1458	1784088800754	1097382984
15046	1502	1784088800755	2419269095
15047	1467	1784088800755	4125618240
15048	1563	1784088800756	129981715
15049	1514	1784088800756	4074889990
1505	1510	1784088791527	162491257
15050	1565	1784088800756	4024977644
15051	1516	1784088800757	753648068
15052	1569	1784088800757	2908108362
15053	1520	1784088800758	1836724205
15054	1566	1784088800758	3970858845
15055	1517	1784088800759	3685068416
15056	1473	1784088800759	3735886212
15057	1457	1784088800760	3071572362
15058	1521	1784088800760	2611658189
15059	1493	1784088800760	2904276215
1506	1480	1784088791528	4015700172
15060	1468	1784088800761	1145379539
15061	1504	1784088800761	3917805948
15062	1471	1784088800762	2926155626
15063	1542	1784088800762	721724999
15064	1543	1784088800762	2000556663
15065	1490	1784088800763	1537150851
15066	1464	1784088800763	4070449712
15067	1487	1784088800764	1149463593
15068	1465	1784088800764	3541770930
15069	1713	1784088800765	4111844615
1507	1509	1784088791528	2543231192
15070	1509	1784088800765	803134951
15071	1540	1784088800766	4260189489
15072	1510	1784088800766	588594907
15073	1505	1784088800766	1402181663
15074	1467	1784088800767	1750407867
15075	1499	1784088800767	2159361759
15076	1464	1784088800768	1493927862
15077	1478	1784088800768	1871467859
15078	1481	1784088800768	2901685132
15079	1474	1784088800769	3196770852
1508	1519	1784088791529	1279759144
15080	1658	1784088800769	2677747271
15081	1524	1784088800770	1080189778
15082	1655	1784088800770	4096744403
15083	1524	1784088800771	1799909141
15084	1506	1784088800772	208213303
15085	1506	1784088800772	4011185784
15086	1511	1784088800773	1332939460
15087	1511	1784088800773	3650139567
15088	1515	1784088800774	4013516541
15089	1515	1784088800774	2703440268
1509	1455	1784088791529	730792451
15090	1511	1784088800774	2275404781
15091	1511	1784088800775	293360774
15092	1512	1784088800775	3717213647
15093	1512	1784088800776	124155552
15094	1512	1784088800776	2966594197
15095	1512	1784088800777	1780808186
15096	1512	1784088800777	196377463
15097	1512	1784088800778	3510771736
15098	1514	1784088800778	3784385850
15099	1514	1784088800778	4283236568
151	1604	1784088786341	156149642
1510	1504	1784088791530	1164629873
15100	1511	1784088800778	679688878
15101	1511	1784088800779	3193996741
15102	1471	1784088800779	1507789856
15103	1521	1784088800780	1276364743
15104	1518	1784088800780	2309216416
15105	1523	1784088800781	1650218917
15106	1523	1784088800781	3642764168
15107	1526	1784088800781	1983586064
15108	1513	1784088800783	1285099267
15109	1613	1784088800783	1323374541
1511	1666	1784088791531	366871382
15110	1617	1784088800784	1845449284
15111	1609	1784088800784	1420456748
15112	1524	1784088800784	3304329784
15113	1613	1784088800785	2325826814
15114	1510	1784088800785	2700882941
15115	1521	1784088800786	3878006384
15116	1593	1784088800786	3567752656
15117	1593	1784088800787	3955231090
15118	1456	1784088800787	712604979
15119	1638	1784088800787	1248231950
1512	1512	1784088791531	2136504361
15120	1522	1784088800788	4272747092
15121	1644	1784088800788	2801056782
15122	1526	1784088800789	1884658188
15123	1636	1784088800789	4089732294
15124	1524	1784088800790	3962253861
15125	1470	1784088800790	2427336784
15126	1555	1784088800791	3628550338
15127	1541	1784088800791	2187631408
15128	1506	1784088800791	1430119066
15129	1604	1784088800792	3659929992
1513	1534	1784088791532	4192993627
15130	1699	1784088800793	3378154753
15131	1520	1784088800793	3177889151
15132	1604	1784088800794	3013980939
15133	1673	1784088800794	1966599902
15134	1521	1784088800795	3849115445
15135	1604	1784088800795	3462287324
15136	1674	1784088800796	2616964699
15137	1508	1784088800796	3298496047
15138	1604	1784088800797	1192090490
15139	1661	1784088800797	2829125787
1514	1504	1784088791533	1173559133
15140	1511	1784088800797	3070537132
15141	1604	1784088800798	3653984904
15142	1704	1784088800798	3188459399
15143	1518	1784088800799	3265219255
15144	1604	1784088800799	1311233424
15145	1671	1784088800800	822973424
15146	1517	1784088800800	4294727403
15147	1604	1784088800801	1015265432
15148	1670	1784088800801	1013524323
15149	1516	1784088800802	1950928496
1515	1645	1784088791536	2780244673
15150	1604	1784088800802	1155571834
15151	1669	1784088800803	96365812
15152	1518	1784088800803	1841342067
15153	1604	1784088800804	910478706
15154	1671	1784088800804	1868044590
15155	1521	1784088800804	2639019449
15156	1604	1784088800805	2712173162
15157	1674	1784088800805	1836681125
15158	1519	1784088800806	3532311235
15159	1604	1784088800806	3270288643
1516	1503	1784088791537	371386594
15160	1672	1784088800807	2647052445
15161	1517	1784088800807	1742349299
15162	1604	1784088800808	2690566122
15163	1670	1784088800808	3998700129
15164	1518	1784088800809	1767548708
15165	1604	1784088800809	3718593341
15166	1671	1784088800810	895204876
15167	1520	1784088800811	1630904383
15168	1604	1784088800811	1425452955
15169	1673	1784088800811	3227974448
1517	1646	1784088791538	4185000138
15170	1507	1784088800812	573679650
15171	1604	1784088800812	3613544151
15172	1680	1784088800813	2062207866
15173	1514	1784088800813	2776872917
15174	1604	1784088800814	1083111887
15175	1687	1784088800814	3980528472
15176	1515	1784088800815	804000582
15177	1604	1784088800816	841651399
15178	1688	1784088800816	2319086215
15179	1516	1784088800816	1502505156
1518	1504	1784088791538	1164337771
15180	1604	1784088800817	2078078259
15181	1689	1784088800817	1286263709
15182	1508	1784088800818	1511784243
15183	1604	1784088800818	158898235
15184	1681	1784088800819	783588827
15185	1510	1784088800819	3694818349
15186	1604	1784088800820	2660511523
15187	1683	1784088800820	4041705674
15188	1513	1784088800820	1002776027
15189	1608	1784088800821	2430542028
1519	1647	1784088791539	1616293196
15190	1510	1784088800821	913804047
15191	1599	1784088800822	2568930287
15192	1601	1784088800822	3986090119
15193	1510	1784088800823	124212539
15194	1603	1784088800823	1852480133
15195	1601	1784088800824	325574007
15196	1516	1784088800824	454600713
15197	1609	1784088800825	2369804609
15198	1607	1784088800825	1647953499
15199	1513	1784088800826	3488910523
152	1510	1784088786341	1986982015
1520	1505	1784088791540	3348654038
15200	1605	1784088800826	1695650194
15201	1604	1784088800827	4157449403
15202	1518	1784088800827	580972794
15203	1607	1784088800828	3460661133
15204	1609	1784088800828	210304078
15205	1515	1784088800828	2890516621
15206	1607	1784088800829	452080377
15207	1606	1784088800830	202988296
15208	1513	1784088800830	3433719305
15209	1606	1784088800831	729198672
1521	1619	1784088791540	127741934
15210	1604	1784088800831	2778161862
15211	1512	1784088800832	2136008259
15212	1604	1784088800832	4022021750
15213	1603	1784088800833	1248774524
15214	1709	1784088800833	3648722958
15215	1612	1784088800833	2507346268
15216	1594	1784088800834	2295391299
15217	1515	1784088800834	2985367864
15218	1515	1784088800835	1660422435
15219	1516	1784088800835	2928859774
1522	1517	1784088791541	3638683267
15220	1537	1784088800836	1026646635
15221	1516	1784088800837	304452207
15222	1609	1784088800837	1601529504
15223	1603	1784088800838	1597601228
15224	1607	1784088800838	1899216908
15225	1613	1784088800838	373037577
15226	1610	1784088800839	519040076
15227	1541	1784088800840	101890038
15228	1547	1784088800840	4145766779
15229	1558	1784088800841	1564452817
1523	1525	1784088791541	2661833607
15230	1578	1784088800841	2580036469
15231	1580	1784088800842	803012879
15232	1580	1784088800842	2796588471
15233	1547	1784088800843	4170546266
15234	1544	1784088800843	3222235207
15235	1589	1784088800844	2238881503
15236	1811	1784088800844	2499810608
15237	1549	1784088800845	3996775568
15238	1538	1784088800845	4065924169
15239	1552	1784088800845	1290745638
1524	1516	1784088791542	3670935739
15240	1541	1784088800846	1873778266
15241	1775	1784088800846	974990611
15242	1750	1784088800847	187106407
15243	1547	1784088800847	2092156883
15244	1482	1784088800847	4246355025
15245	1517	1784088800848	2557522381
15246	1510	1784088800848	2474652170
15247	1516	1784088800849	69879680
15248	1513	1784088800849	2185739842
15249	1509	1784088800850	1350778670
1525	1586	1784088791542	1894477661
15250	1511	1784088800850	1286623252
15251	1510	1784088800851	1134745113
15252	1516	1784088800851	1541392310
15253	1518	1784088800852	1159466423
15254	1624	1784088800852	2577365248
15255	1505	1784088800853	2964757399
15256	1465	1784088800853	2387966318
15257	1465	1784088800854	1010178472
15258	1481	1784088800854	3092903292
15259	1707	1784088800855	2616522561
1526	1560	1784088791543	3838150615
15260	1680	1784088800855	1151247427
15261	1688	1784088800856	2985788182
15262	1527	1784088800856	1853450641
15263	1475	1784088800857	1325637449
15264	1519	1784088800857	2039735883
15265	1507	1784088800857	3298680474
15266	1516	1784088800858	3404298274
15267	1504	1784088800859	315057585
15268	1477	1784088800859	653630834
15269	1464	1784088800860	3632055307
1527	1561	1784088791544	774360149
15270	1514	1784088800860	3415115177
15271	1507	1784088800861	3835690392
15272	1511	1784088800861	939468543
15273	1504	1784088800862	1740192591
15274	1472	1784088800862	4201488141
15275	1464	1784088800863	3735307559
15276	1506	1784088800863	3832072404
15277	1519	1784088800864	1028416715
15278	1502	1784088800864	612094607
15279	1651	1784088800865	3837880621
1528	1578	1784088791544	4107783649
15280	1500	1784088800865	1918238965
15281	1658	1784088800866	2509475694
15282	1501	1784088800866	1351511947
15283	1507	1784088800867	2540838479
15284	1517	1784088800867	1448451538
15285	1516	1784088800867	1445001133
15286	1514	1784088800868	193186845
15287	1462	1784088800868	1636557583
15288	1461	1784088800869	1899376073
15289	1481	1784088800869	2091433606
1529	1477	1784088791544	2224522337
15290	1610	1784088800869	1751163080
15291	1503	1784088800870	1131335189
15292	1510	1784088800870	979530924
15293	1509	1784088800871	244380247
15294	1517	1784088800872	3747940192
15295	1510	1784088800873	3562798446
15296	1511	1784088800873	3564891952
15297	1511	1784088800873	3423028358
15298	1754	1784088800874	3762049328
15299	1654	1784088800874	1738349508
153	1604	1784088786343	3750692950
1530	1473	1784088791546	2786480881
15300	1566	1784088800875	1187158981
15301	1566	1784088800875	492064894
15302	1566	1784088800875	1647816707
15303	1566	1784088800876	2525040053
15304	1565	1784088800876	2601930820
15305	1565	1784088800877	2528898712
15306	1565	1784088800877	3880551993
15307	1565	1784088800878	3528842093
15308	1565	1784088800878	823403920
15309	1565	1784088800879	1018796876
1531	1481	1784088791547	4102268079
15310	1565	1784088800879	358595416
15311	1565	1784088800880	541517324
15312	1565	1784088800880	1261239814
15313	1565	1784088800881	336416404
15314	1565	1784088800881	828252303
15315	1565	1784088800882	710516973
15316	1566	1784088800882	3485534164
15317	1566	1784088800883	2488781935
15318	1566	1784088800883	2802800229
15319	1566	1784088800884	1404693459
1532	1477	1784088791547	443062339
15320	1564	1784088800884	827674896
15321	1564	1784088800885	3024727033
15322	1564	1784088800885	2327719248
15323	1564	1784088800886	1901738298
15324	1566	1784088800886	1361180681
15325	1566	1784088800886	179778482
15326	1566	1784088800887	1976882127
15327	1566	1784088800887	2170711673
15328	1562	1784088800888	3367146539
15329	1562	1784088800888	3380573199
1533	1481	1784088791548	1964008588
15330	1562	1784088800889	1032435180
15331	1562	1784088800889	2843108471
15332	1555	1784088800890	1402338508
15333	1555	1784088800890	2350375199
15334	1555	1784088800890	3649863789
15335	1555	1784088800891	2058074382
15336	1749	1784088800892	177323963
15337	1729	1784088800892	2845256066
15338	1730	1784088800893	3824766654
15339	1723	1784088800893	1161772427
1534	1477	1784088791549	3554434590
15340	1471	1784088800894	2015095506
15341	1523	1784088800894	1128358519
15342	1521	1784088800895	856701775
15343	1508	1784088800895	157536183
15344	1621	1784088800895	925586736
15345	1847	1784088800896	715017933
15346	1631	1784088800896	798558494
15347	1875	1784088800897	687664004
15348	1631	1784088800897	580153098
15349	1752	1784088800898	3511651863
1535	1513	1784088791550	494766279
15350	1631	1784088800898	141445365
15351	1631	1784088800898	3322200246
15352	1520	1784088800899	3372834983
15353	1590	1784088800899	440549498
15354	1525	1784088800900	408491249
15355	1628	1784088800900	67538306
15356	1634	1784088800901	499446238
15357	1632	1784088800901	1232858684
15358	1634	1784088800901	3268466859
15359	1634	1784088800902	212870231
1536	1508	1784088791551	2668594300
15360	1567	1784088800903	365191911
15361	1543	1784088800903	2455177818
15362	1473	1784088800904	475412954
15363	1482	1784088800904	2752373795
15364	1480	1784088800905	1277232345
15365	1483	1784088800905	2568145813
15366	1474	1784088800906	2516461881
15367	1478	1784088800906	2716622592
15368	1456	1784088800907	1483151769
15369	1458	1784088800908	177468022
1537	1508	1784088791551	471561814
15370	1458	1784088800908	254526012
15371	1458	1784088800909	4285089064
15372	1458	1784088800909	887081557
15373	1532	1784088800909	4223462450
15374	1740	1784088800910	2245008802
15375	1620	1784088800911	4261170909
15376	1457	1784088800911	1232052830
15377	1461	1784088800912	1203896783
15378	1520	1784088800912	3771768269
15379	1471	1784088800913	2779490010
1538	1516	1784088791553	947245350
15380	1512	1784088800913	2736497059
15381	1512	1784088800913	2045639372
15382	1512	1784088800914	3448115516
15383	1522	1784088800914	2960082246
15384	1512	1784088800915	2116075677
15385	1507	1784088800915	2800167496
15386	1517	1784088800916	1299373369
15387	1514	1784088800916	1048092958
15388	1517	1784088800917	1332325414
15389	1517	1784088800917	2916537541
1539	1507	1784088791554	3922249591
15390	1513	1784088800917	3795685537
15391	1485	1784088800918	2675199903
15392	1637	1784088800918	1649191168
15393	1614	1784088800919	3392969719
15394	1614	1784088800919	4001738926
15395	1614	1784088800920	1129601712
15396	1614	1784088800920	3174683474
15397	1614	1784088800920	283654476
15398	1722	1784088800921	663937477
15399	1722	1784088800921	3446765958
154	1510	1784088786344	391956794
1540	1690	1784088791555	3465234159
15400	1722	1784088800922	170147553
15401	1722	1784088800922	3771180706
15402	1722	1784088800923	76679206
15403	1765	1784088800923	1998642776
15404	1532	1784088800924	1756603799
15405	1530	1784088800924	1870719022
15406	1527	1784088800925	1156348373
15407	1527	1784088800925	3007344584
15408	1653	1784088800926	2924647673
15409	1457	1784088800926	2395596517
1541	1672	1784088791555	408171600
15410	1597	1784088800927	3580910598
15411	1587	1784088800927	3661861670
15412	1498	1784088800928	2736528249
15413	1506	1784088800928	4189080710
15414	1501	1784088800928	3736991993
15415	1474	1784088800929	4278536632
15416	1475	1784088800929	1575137542
15417	1524	1784088800930	3807197891
15418	1536	1784088800930	3729197481
15419	1469	1784088800931	1498884510
1542	1589	1784088791556	1113345391
15420	1464	1784088800931	1777660869
15421	1467	1784088800931	2977591819
15422	1533	1784088800932	2721407040
15423	1533	1784088800932	910255973
15424	1490	1784088800933	3263013364
15425	1538	1784088800933	4201057907
15426	1679	1784088800934	2272219918
15427	1656	1784088800934	100506553
15428	1479	1784088800934	3322752091
15429	1471	1784088800936	4110260871
1543	1585	1784088791556	1918283747
15430	1466	1784088800937	2672408028
15431	1470	1784088800937	3768067989
15432	1865	1784088800938	1747013695
15433	1676	1784088800938	596083784
15434	1857	1784088800939	813622883
15435	1668	1784088800939	344437947
15436	1475	1784088800940	3790078751
15437	1473	1784088800940	3330143957
15438	1622	1784088800941	2434411474
15439	1568	1784088800942	3720595370
1544	1586	1784088791557	3040640183
15440	1594	1784088800942	1926107334
15441	1711	1784088800943	1675520658
15442	1712	1784088800943	1453423099
15443	1710	1784088800944	908863186
15444	1712	1784088800944	156721321
15445	1619	1784088800944	1321493193
15446	1619	1784088800945	4131162939
15447	1619	1784088800945	4222032854
15448	1619	1784088800946	2968014332
15449	1619	1784088800946	272017270
1545	1587	1784088791559	2493354755
15450	1624	1784088800947	4165370670
15451	1624	1784088800947	3834304630
15452	1624	1784088800947	3846270929
15453	1624	1784088800948	2655803833
15454	1624	1784088800948	3309939104
15455	1626	1784088800949	1000616449
15456	1626	1784088800949	2862593961
15457	1626	1784088800950	1442507653
15458	1626	1784088800950	1763311545
15459	1626	1784088800950	2467701889
1546	1587	1784088791559	2701770140
15460	1628	1784088800951	2392327970
15461	1628	1784088800952	1030598625
15462	1628	1784088800952	1053531390
15463	1628	1784088800953	3951269006
15464	1628	1784088800953	2154272766
15465	1656	1784088800954	163812393
15466	1656	1784088800954	165690245
15467	1656	1784088800955	2725681806
15468	1656	1784088800955	2972659434
15469	1656	1784088800956	156052121
1547	1587	1784088791560	3947360718
15470	1656	1784088800956	2484360628
15471	1656	1784088800957	409714255
15472	1656	1784088800957	407376355
15473	1658	1784088800957	927389278
15474	1464	1784088800958	3356923017
15475	1625	1784088800958	2789083444
15476	1513	1784088800959	2788071392
15477	1652	1784088800959	758141913
15478	1512	1784088800960	3270344463
15479	1509	1784088800960	2406103148
1548	1587	1784088791561	2497275137
15480	1513	1784088800961	252653792
15481	1513	1784088800961	2542021320
15482	1512	1784088800962	2747493615
15483	1528	1784088800962	3840823488
15484	1638	1784088800962	2454611099
15485	1785	1784088800963	3092521154
15486	1817	1784088800963	295770227
15487	1797	1784088800964	471654214
15488	1671	1784088800964	4149433100
15489	1650	1784088800965	2323720350
1549	1515	1784088791563	590249497
15490	1676	1784088800965	249185390
15491	1655	1784088800965	3292684305
15492	1799	1784088800966	868653489
15493	1456	1784088800966	3790177267
15494	1456	1784088800967	82341647
15495	1456	1784088800967	1067140168
15496	1687	1784088800968	2586406468
15497	1877	1784088800968	2895198265
15498	1477	1784088800969	4122465805
15499	1477	1784088800969	16308937
155	1604	1784088786344	3181150982
1550	1505	1784088791563	461871615
15500	1471	1784088800970	4234744948
15501	1619	1784088800970	2680653917
15502	1806	1784088800970	4154696231
15503	1526	1784088800971	1106475084
15504	1509	1784088800971	2326322580
15505	1524	1784088800972	3935275675
15506	1512	1784088800972	3334537643
15507	1560	1784088800973	1881124293
15508	1542	1784088800973	209537968
15509	1540	1784088800973	1097952348
1551	1498	1784088791564	162974024
15510	1523	1784088800974	2176348322
15511	1521	1784088800974	2329979320
15512	1510	1784088800975	3791466754
15513	1724	1784088800975	2601547476
15514	1533	1784088800976	1648340869
15515	1723	1784088800976	827224403
15516	1533	1784088800977	1732657122
15517	1721	1784088800977	1631949913
15518	1533	1784088800978	2191759201
15519	1470	1784088800978	3342059794
1552	1617	1784088791565	2888211131
15520	1550	1784088800978	4116536108
15521	1516	1784088800979	4206302180
15522	1519	1784088800980	2073635424
15523	1519	1784088800980	4004713048
15524	1518	1784088800980	963986399
15525	1518	1784088800981	2886203671
15526	1519	1784088800981	1903922352
15527	1519	1784088800982	3830559880
15528	1519	1784088800982	212566825
15529	1519	1784088800983	2575416081
1553	1458	1784088791565	2099317709
15530	1526	1784088800983	258870762
15531	1526	1784088800984	2099529004
15532	1517	1784088800984	2583614599
15533	1517	1784088800985	1410244175
15534	1519	1784088800985	504727737
15535	1519	1784088800985	2336206977
15536	1525	1784088800986	1508440460
15537	1525	1784088800987	348633674
15538	1523	1784088800987	2607569898
15539	1523	1784088800988	1803916399
1554	1591	1784088791566	2170396598
15540	1524	1784088800988	3519014434
15541	1524	1784088800988	1285388354
15542	1518	1784088800989	4219457437
15543	1518	1784088800989	1846375765
15544	1518	1784088800990	2382602376
15545	1518	1784088800990	460397120
15546	1519	1784088800991	1231916708
15547	1519	1784088800991	3695687324
15548	1519	1784088800991	3984469286
15549	1519	1784088800992	2018776350
1555	1510	1784088791567	749691095
15550	1519	1784088800992	2865882576
15551	1519	1784088800993	1073470952
15552	1484	1784088800993	809005062
15553	1484	1784088800993	564848517
15554	1483	1784088800994	3718477106
15555	1483	1784088800994	1312795369
15556	1484	1784088800995	915372172
15557	1484	1784088800995	656273167
15558	1484	1784088800996	1261538926
15559	1484	1784088800996	1520638445
1556	1510	1784088791567	1504675733
15560	1491	1784088800997	2662407240
15561	1491	1784088800997	1682935382
15562	1482	1784088800997	1869433598
15563	1482	1784088800997	4199353459
15564	1484	1784088800998	1260904761
15565	1484	1784088800999	1521841850
15566	1490	1784088800999	2032082830
15567	1490	1784088801000	2293260944
15568	1488	1784088801000	2981890590
15569	1488	1784088801001	2680911316
1557	1510	1784088791568	1539475176
15570	1489	1784088801001	2924651767
15571	1489	1784088801001	3587045414
15572	1483	1784088801003	2016587092
15573	1483	1784088801003	3954078351
15574	1483	1784088801004	692549922
15575	1483	1784088801004	3134957305
15576	1484	1784088801005	1875246509
15577	1484	1784088801005	2119658030
15578	1484	1784088801006	3983964410
15579	1484	1784088801006	4242861945
1558	1510	1784088791569	3437642275
15580	1484	1784088801006	550287928
15581	1484	1784088801007	828255675
15582	1481	1784088801007	1096059942
15583	1540	1784088801008	1760293870
15584	1607	1784088801008	2381422330
15585	1602	1784088801009	1278723438
15586	1611	1784088801009	1654888805
15587	1610	1784088801009	406422819
15588	1601	1784088801010	15386919
15589	1607	1784088801010	38591530
1559	1510	1784088791570	55066501
15590	1670	1784088801011	2268326502
15591	1473	1784088801011	2484461419
15592	1477	1784088801012	1723892205
15593	1475	1784088801012	2754462034
15594	1474	1784088801012	2876458412
15595	1467	1784088801013	2096113466
15596	1726	1784088801013	2786255185
15597	1836	1784088801014	3880533860
15598	1742	1784088801014	3525440091
15599	1494	1784088801015	2826271173
156	1510	1784088786345	2944385747
1560	1614	1784088791571	4043877454
15600	1825	1784088801015	244599811
15601	1546	1784088801016	3365269724
15602	1789	1784088801016	1531424456
15603	1546	1784088801017	534919343
15604	1816	1784088801017	4231158402
15605	1546	1784088801018	3171640955
15606	1837	1784088801018	3028363917
15607	1546	1784088801019	1786555912
15608	1797	1784088801019	1271853025
15609	1546	1784088801020	598269330
1561	1681	1784088791581	3351753131
15610	1828	1784088801020	2466724617
15611	1546	1784088801021	2893568891
15612	1829	1784088801021	1306358098
15613	1546	1784088801022	2064618248
15614	1793	1784088801022	4089926162
15615	1546	1784088801022	3655781852
15616	1820	1784088801023	3293491634
15617	1546	1784088801024	244385199
15618	1833	1784088801025	3012597743
15619	1546	1784088801025	1195734581
1562	1663	1784088791583	4145024007
15620	1795	1784088801026	1919325946
15621	1546	1784088801026	21931922
15622	1824	1784088801026	3210573398
15623	1546	1784088801027	3594088417
15624	1480	1784088801027	947212388
15625	1477	1784088801028	1643590982
15626	1688	1784088801028	3561047818
15627	1697	1784088801029	498126127
15628	1702	1784088801029	2433873335
15629	1697	1784088801030	1568456437
1563	1666	1784088791584	2269297444
15630	1692	1784088801031	2284559754
15631	1702	1784088801031	2524648502
15632	1687	1784088801032	3718353541
15633	1682	1784088801033	1874265220
15634	1687	1784088801033	4030060107
15635	1687	1784088801034	3930926544
15636	1687	1784088801034	834742237
15637	1671	1784088801035	3092071967
15638	1677	1784088801035	2350257491
15639	1687	1784088801036	2744221037
1564	1661	1784088791591	342442244
15640	1546	1784088801037	105987864
15641	1546	1784088801037	2152880129
15642	1546	1784088801038	3508991851
15643	1546	1784088801038	1462079602
15644	1546	1784088801039	1942989247
15645	1546	1784088801039	4123840166
15646	1546	1784088801039	2763547084
15647	1546	1784088801040	582682325
15648	1681	1784088801040	545683309
15649	1459	1784088801041	3767191674
1565	1685	1784088791591	3939099562
15650	1459	1784088801041	155270661
15651	1459	1784088801042	3898156584
15652	1480	1784088801043	3763542534
15653	1480	1784088801044	1164060585
15654	1480	1784088801045	2026822553
15655	1480	1784088801045	4127903590
15656	1480	1784088801046	2030261478
15657	1480	1784088801046	1547326954
15658	1575	1784088801047	4259538581
15659	1577	1784088801048	204698529
1566	1611	1784088791595	1740267067
15660	1571	1784088801049	736944389
15661	1576	1784088801049	1251622884
15662	1569	1784088801050	2985255867
15663	1567	1784088801051	664524277
15664	1567	1784088801051	271892514
15665	1565	1784088801052	980493084
15666	1542	1784088801052	2273712497
15667	1537	1784088801053	1704382356
15668	1540	1784088801053	267154282
15669	1544	1784088801054	739569789
1567	1687	1784088791608	4106636210
15670	1542	1784088801054	422161522
15671	1589	1784088801055	670341427
15672	1673	1784088801055	1526095153
15673	1578	1784088801056	1530371384
15674	1513	1784088801057	2600371786
15675	1512	1784088801057	2387556773
15676	1516	1784088801057	3119524519
15677	1511	1784088801058	891030303
15678	1520	1784088801058	3552204340
15679	1516	1784088801059	1242976824
1568	1686	1784088791609	3079292356
15680	1511	1784088801059	2820127767
15681	1520	1784088801060	3981881191
15682	1512	1784088801060	1434766176
15683	1522	1784088801061	231141851
15684	1600	1784088801061	3944112740
15685	1605	1784088801061	3339767535
15686	1603	1784088801062	132412074
15687	1500	1784088801063	1749349425
15688	1599	1784088801063	4021142220
15689	1603	1784088801064	538290922
1569	1672	1784088791613	2414845464
15690	1600	1784088801064	603722900
15691	1605	1784088801065	457104160
15692	1604	1784088801065	3146808591
15693	1604	1784088801066	3324571442
15694	1605	1784088801066	1195769730
15695	1607	1784088801067	4012414130
15696	1603	1784088801067	2914937601
15697	1609	1784088801068	741597843
15698	1609	1784088801068	1081682281
15699	1605	1784088801069	1568389297
157	1605	1784088786346	1367050685
1570	1685	1784088791617	26105589
15700	1606	1784088801069	335889943
15701	1634	1784088801070	2773321873
15702	1634	1784088801070	1191883393
15703	1634	1784088801071	1672990175
15704	1634	1784088801071	3110715631
15705	1540	1784088801072	4053247753
15706	1682	1784088801072	202752701
15707	1652	1784088801073	1247364869
15708	1494	1784088801073	3971591870
15709	1498	1784088801074	3243095102
1571	1691	1784088791619	1346323394
15710	1498	1784088801074	3617732803
15711	1498	1784088801074	1879802185
15712	1498	1784088801075	3554583751
15713	1498	1784088801075	3521178309
15714	1498	1784088801076	1325787546
15715	1498	1784088801076	2029173057
15716	1498	1784088801076	3676806351
15717	1499	1784088801078	3769357746
15718	1499	1784088801078	1141622038
15719	1499	1784088801079	64993193
1572	1617	1784088791620	2449058364
15720	1499	1784088801079	1864525990
15721	1499	1784088801080	2372005265
15722	1499	1784088801080	3767176664
15723	1499	1784088801081	2808020839
15724	1499	1784088801081	995904842
15725	1499	1784088801082	1229005100
15726	1489	1784088801082	4000163673
15727	1485	1784088801083	2898886596
15728	1497	1784088801083	2910817478
15729	1503	1784088801084	830617774
1573	1617	1784088791621	1106674143
15730	1485	1784088801084	2187923735
15731	1484	1784088801085	4206339863
15732	1496	1784088801085	2176330332
15733	1482	1784088801086	3174629462
15734	1497	1784088801087	1116511523
15735	1494	1784088801087	1188847954
15736	1495	1784088801088	758313286
15737	1497	1784088801088	3152007645
15738	1484	1784088801089	316670964
15739	1496	1784088801089	2598547751
1574	1458	1784088791623	2588468083
15740	1502	1784088801089	1564087456
15741	1485	1784088801090	2462874816
15742	1485	1784088801090	4212697648
15743	1484	1784088801091	2731296284
15744	1487	1784088801091	2774605653
15745	1487	1784088801091	951647401
15746	1487	1784088801092	622247215
15747	1487	1784088801092	3631889680
15748	1487	1784088801093	3554154829
15749	1487	1784088801093	1308752561
1575	1516	1784088791623	2840377086
15750	1530	1784088801094	4173964828
15751	1519	1784088801094	2040489545
15752	1519	1784088801095	484003924
15753	1757	1784088801095	2099703111
15754	1737	1784088801096	3001275210
15755	1759	1784088801096	2887744276
15756	1739	1784088801096	1710199598
15757	1761	1784088801097	2276222535
15758	1741	1784088801098	1465142748
15759	1762	1784088801098	1424002404
1576	1458	1784088791625	512453473
15760	1742	1784088801098	2543720694
15761	1761	1784088801099	3369368682
15762	1741	1784088801099	279379588
15763	1761	1784088801100	2959412354
15764	1741	1784088801100	1104400143
15765	1760	1784088801101	2804317439
15766	1740	1784088801101	862745950
15767	1761	1784088801102	2467601119
15768	1741	1784088801102	3379203191
15769	1763	1784088801103	1620690107
1577	1520	1784088791627	3024805858
15770	1743	1784088801103	963727949
15771	1765	1784088801103	3264143327
15772	1745	1784088801104	538630968
15773	1763	1784088801105	2200369552
15774	1743	1784088801106	3181699993
15775	1654	1784088801106	4263049335
15776	1657	1784088801107	1598398943
15777	1659	1784088801107	913511503
15778	1651	1784088801108	2803382290
15779	1655	1784088801108	897175947
1578	1509	1784088791629	1395248457
15780	1658	1784088801108	3186814450
15781	1651	1784088801109	2248823680
15782	1656	1784088801110	1621415449
15783	1654	1784088801110	1044497012
15784	1658	1784088801111	2956775462
15785	1656	1784088801111	1944652455
15786	1748	1784088801111	935679687
15787	1756	1784088801112	3770257095
15788	1755	1784088801112	3257212446
15789	1754	1784088801113	2116879774
1579	1513	1784088791629	3737859525
15790	1750	1784088801113	3923596710
15791	1753	1784088801114	1820930999
15792	1753	1784088801114	786458205
15793	1748	1784088801115	3960548985
15794	1750	1784088801115	911562640
15795	1757	1784088801116	360091154
15796	1756	1784088801116	2992701068
15797	1740	1784088801116	2265551936
15798	1748	1784088801118	473733026
15799	1748	1784088801119	720526497
158	1510	1784088786346	1081243443
1580	1756	1784088791630	1342037712
15800	1748	1784088801119	2052218331
15801	1745	1784088801120	2846223067
15802	1749	1784088801120	2920901680
15803	1749	1784088801121	2832136989
15804	1744	1784088801121	4161476769
15805	1748	1784088801121	1819134131
15806	1754	1784088801123	1461421877
15807	1752	1784088801124	827233540
15808	1686	1784088801124	1667120324
15809	1689	1784088801125	2953050747
1581	1559	1784088791631	1108332941
15810	1692	1784088801126	3481636412
15811	1693	1784088801127	1864446173
15812	1692	1784088801127	4258055107
15813	1692	1784088801127	2106551810
15814	1691	1784088801127	1834627732
15815	1690	1784088801128	922365998
15816	1692	1784088801128	4020421797
15817	1694	1784088801129	1297262375
15818	1690	1784088801129	669525803
15819	1724	1784088801130	2748468928
1582	1556	1784088791632	4001163891
15820	1726	1784088801130	164996861
15821	1712	1784088801131	3901563234
15822	1710	1784088801131	75400976
15823	1712	1784088801133	1987762682
15824	1713	1784088801133	13197321
15825	1763	1784088801133	1635855782
15826	1804	1784088801134	131219843
15827	1808	1784088801135	557970539
15828	1729	1784088801135	621126003
15829	1746	1784088801136	3303345759
1583	1591	1784088791633	3799763276
15830	1745	1784088801136	39252423
15831	1671	1784088801136	1673975537
15832	1660	1784088801137	1478204004
15833	1700	1784088801137	322280143
15834	1700	1784088801137	3611948598
15835	1798	1784088801138	1318181380
15836	1674	1784088801138	4249114984
15837	1744	1784088801139	2574242824
15838	1753	1784088801139	800458977
15839	1753	1784088801140	184755801
1584	1504	1784088791634	3456781369
15840	1753	1784088801140	3150637602
15841	1751	1784088801141	333386240
15842	1753	1784088801141	600219361
15843	1753	1784088801143	3044395373
15844	1748	1784088801144	32482352
15845	1750	1784088801144	3309734147
15846	1756	1784088801145	246027183
15847	1754	1784088801145	2202366812
15848	1767	1784088801146	4101267222
15849	1770	1784088801146	1375115886
1585	1474	1784088791634	658332437
15850	1771	1784088801147	122683502
15851	1772	1784088801147	822731478
15852	1769	1784088801148	2589171395
15853	1772	1784088801148	3631876859
15854	1773	1784088801149	3433681098
15855	1774	1784088801149	3948957737
15856	1772	1784088801150	3755207380
15857	1775	1784088801150	2159571365
15858	1776	1784088801151	3921345621
15859	1777	1784088801151	3115717723
1586	1601	1784088791635	1543206331
15860	1774	1784088801151	2620824891
15861	1777	1784088801153	4008696240
15862	1778	1784088801153	2598475881
15863	1779	1784088801154	2162584090
15864	1775	1784088801154	2949946032
15865	1778	1784088801154	2375365513
15866	1779	1784088801155	3452315213
15867	1780	1784088801156	3384291291
15868	1775	1784088801156	422881034
15869	1779	1784088801157	4051617826
1587	1508	1784088791637	561775216
15870	1780	1784088801157	3666968730
15871	1781	1784088801158	985376263
15872	1774	1784088801161	4178874276
15873	1778	1784088801161	2926011030
15874	1779	1784088801161	3282085398
15875	1780	1784088801163	2510003787
15876	1773	1784088801164	1885825126
15877	1777	1784088801164	3989462044
15878	1778	1784088801165	1786792532
15879	1779	1784088801166	4155845307
1588	1592	1784088791639	40354996
15880	1770	1784088801166	2207465340
15881	1774	1784088801167	1675629773
15882	1775	1784088801167	462964171
15883	1776	1784088801167	1999040550
15884	1771	1784088801168	3905518329
15885	1775	1784088801168	1763451009
15886	1776	1784088801169	1498256756
15887	1777	1784088801169	4938942
15888	1773	1784088801170	1377709730
15889	1777	1784088801170	1997793699
1589	1545	1784088791640	255842963
15890	1778	1784088801171	221546123
15891	1779	1784088801171	2734709117
15892	1745	1784088801173	4111320782
15893	1753	1784088801173	3757437227
15894	1752	1784088801174	4249873154
15895	1751	1784088801174	3632163494
15896	1747	1784088801175	1958914427
15897	1750	1784088801175	1383497979
15898	1750	1784088801176	382660900
15899	1745	1784088801176	2873214483
159	1605	1784088786347	632208870
1590	1591	1784088791641	364495043
15900	1750	1784088801177	1661302104
15901	1757	1784088801177	1761753873
15902	1755	1784088801177	1816758802
15903	1661	1784088801178	399946507
15904	1663	1784088801178	561771666
15905	1665	1784088801179	1261409455
15906	1657	1784088801179	2939203463
15907	1656	1784088801180	2084141052
15908	1659	1784088801180	3742448045
15909	1652	1784088801181	392528229
1591	1590	1784088791641	1554875499
15910	1658	1784088801181	2259469443
15911	1656	1784088801181	1311562369
15912	1660	1784088801181	192099619
15913	1658	1784088801183	825713770
15914	1680	1784088801183	522552173
15915	1682	1784088801184	629503564
15916	1687	1784088801184	3181546759
15917	1688	1784088801185	3329865574
15918	1686	1784088801185	3797965660
15919	1686	1784088801186	857871131
1592	1534	1784088791642	3337406413
15920	1685	1784088801186	1888511561
15921	1684	1784088801187	854792872
15922	1688	1784088801187	3383824706
15923	1689	1784088801188	3960956430
15924	1685	1784088801189	477682803
15925	1676	1784088801190	1700832887
15926	1678	1784088801190	3994718501
15927	1680	1784088801191	4059947619
15928	1681	1784088801191	702394223
15929	1680	1784088801191	2139224723
1593	1518	1784088791643	886322384
15930	1680	1784088801193	1119801108
15931	1681	1784088801193	20614964
15932	1681	1784088801194	1488969210
15933	1688	1784088801195	3809771448
15934	1689	1784088801195	2177458495
15935	1680	1784088801196	2368073796
15936	1693	1784088801198	181819777
15937	1695	1784088801199	4204728170
15938	1697	1784088801199	1782106276
15939	1698	1784088801200	97572500
1594	1520	1784088791644	658800672
15940	1697	1784088801200	102024394
15941	1698	1784088801201	4254511305
15942	1698	1784088801201	624911528
15943	1697	1784088801202	699394788
15944	1700	1784088801203	2275497911
15945	1702	1784088801204	3718644584
15946	1699	1784088801204	2626696164
15947	1821	1784088801205	3864249955
15948	1820	1784088801205	738813059
15949	1824	1784088801206	1688167639
1595	1536	1784088791645	3992230030
15950	1826	1784088801206	3974626205
15951	1825	1784088801207	1566367707
15952	1825	1784088801208	4022604559
15953	1824	1784088801208	1726991848
15954	1823	1784088801209	312662144
15955	1825	1784088801209	917870015
15956	1825	1784088801210	1511050131
15957	1821	1784088801210	644307636
15958	1824	1784088801210	4167367508
15959	1823	1784088801211	4031905953
1596	1520	1784088791645	1648834403
15960	1828	1784088801211	1257913877
15961	1834	1784088801212	1689152766
15962	1828	1784088801212	524463673
15963	1829	1784088801213	3332622549
15964	1828	1784088801214	3951228617
15965	1832	1784088801214	1076747280
15966	1829	1784088801215	1765195486
15967	1824	1784088801215	1513139242
15968	1825	1784088801216	2802215739
15969	1825	1784088801216	2973232318
1597	1540	1784088791647	2086207706
15970	1824	1784088801217	557003488
15971	1829	1784088801217	1736627185
15972	1835	1784088801218	3116683570
15973	1829	1784088801219	2280448341
15974	1830	1784088801219	1548095288
15975	1829	1784088801220	600392837
15976	1833	1784088801220	3661328451
15977	1830	1784088801221	2209103926
15978	1825	1784088801221	3009081817
15979	1832	1784088801222	1247747368
1598	1522	1784088791647	336717579
15980	1826	1784088801222	375868365
15981	1825	1784088801223	3561644502
15982	1830	1784088801223	2954207355
15983	1836	1784088801224	1268458175
15984	1830	1784088801224	3161445445
15985	1831	1784088801225	514944162
15986	1830	1784088801225	2078299455
15987	1834	1784088801226	720199412
15988	1831	1784088801226	2384802568
15989	1826	1784088801227	2265613207
1599	1534	1784088791648	1476042283
15990	1833	1784088801227	1985116313
15991	1783	1784088801227	2346342358
15992	1785	1784088801228	3357181436
15993	1789	1784088801228	3719634751
15994	1790	1784088801229	2677482254
15995	1789	1784088801229	3536536211
15996	1789	1784088801230	437004426
15997	1788	1784088801230	3283928690
15998	1787	1784088801231	1159205612
15999	1789	1784088801231	3154508088
16	1514	1784088786181	889498770
160	1510	1784088786347	1880009402
1600	1518	1784088791648	1138971359
16000	1790	1784088801232	2164882093
16001	1786	1784088801233	1163067312
16002	1833	1784088801234	3021717048
16003	1833	1784088801235	932885849
16004	1834	1784088801235	3041009891
16005	1834	1784088801236	4255055368
16006	1835	1784088801236	1120233513
16007	1834	1784088801237	552077607
16008	1835	1784088801237	1335035148
16009	1835	1784088801238	14806743
1601	1639	1784088791649	3075759971
16010	1834	1784088801238	3816035549
16011	1838	1784088801239	1521558072
16012	1837	1784088801239	971201732
16013	1679	1784088801240	3720010687
16014	1680	1784088801240	3946197567
16015	1682	1784088801241	2175076188
16016	1683	1784088801241	49159581
16017	1684	1784088801242	1406731516
16018	1685	1784088801242	953462992
16019	1684	1784088801243	3382246193
1602	1502	1784088791649	4264093666
16020	1683	1784088801243	560639690
16021	1686	1784088801244	4182663856
16022	1687	1784088801245	1280284221
16023	1681	1784088801245	51980531
16024	1799	1784088801246	3952059408
16025	1800	1784088801246	1442378083
16026	1802	1784088801247	873251873
16027	1803	1784088801247	2164659498
16028	1802	1784088801248	1103009935
16029	1802	1784088801248	597631386
1603	1601	1784088791650	3976579611
16030	1801	1784088801249	2834656173
16031	1800	1784088801249	466508285
16032	1793	1784088801250	3569404529
16033	1794	1784088801251	1350997244
16034	1791	1784088801252	2823173166
16035	1792	1784088801252	1628578761
16036	1795	1784088801253	2143459355
16037	1798	1784088801253	698659476
16038	1799	1784088801254	2542698818
16039	1798	1784088801254	1004169521
1604	1499	1784088791650	2710212652
16040	1798	1784088801254	3148158645
16041	1797	1784088801255	494528617
16042	1796	1784088801256	576249509
16043	1798	1784088801256	932735494
16044	1800	1784088801257	2042388686
16045	1799	1784088801257	2897430805
16046	1756	1784088801258	3430494721
16047	1756	1784088801258	411838359
16048	1757	1784088801259	1441752156
16049	1758	1784088801259	3940680638
1605	1665	1784088791651	4183181679
16050	1758	1784088801260	1007272712
16051	1760	1784088801260	4189622243
16052	1761	1784088801261	2709131696
16053	1761	1784088801262	3158356933
16054	1756	1784088801263	3470583991
16055	1759	1784088801263	2766610139
16056	1756	1784088801264	3692294482
16057	1742	1784088801264	4048855761
16058	1742	1784088801265	1924099055
16059	1746	1784088801265	441221007
1606	1501	1784088791653	3853905601
16060	1747	1784088801265	3479968939
16061	1749	1784088801266	4209959732
16062	1749	1784088801267	74787966
16063	1749	1784088801267	72445369
16064	1749	1784088801268	65739068
16065	1748	1784088801269	811970855
16066	1751	1784088801269	1578288762
16067	1748	1784088801270	1246340448
16068	1749	1784088801270	1830460010
16069	1753	1784088801271	2446736983
1607	1666	1784088791655	733859999
16070	1754	1784088801271	2556862292
16071	1755	1784088801272	143007086
16072	1757	1784088801272	1931186124
16073	1756	1784088801273	1785511772
16074	1756	1784088801273	4055023498
16075	1756	1784088801274	2490526999
16076	1755	1784088801274	2602912312
16077	1758	1784088801275	3173525437
16078	1757	1784088801275	23415686
16079	1712	1784088801276	2115898205
1608	1502	1784088791657	3677419777
16080	1664	1784088801276	817077036
16081	1666	1784088801277	3032604028
16082	1668	1784088801277	2078596807
16083	1669	1784088801277	2283031638
16084	1669	1784088801278	4130749440
16085	1669	1784088801278	2101164008
16086	1669	1784088801279	2746432653
16087	1668	1784088801279	3599924696
16088	1672	1784088801280	460314461
16089	1673	1784088801280	529115834
1609	1661	1784088791659	2507372899
16090	1667	1784088801281	2955701000
16091	1528	1784088801281	741215213
16092	1530	1784088801283	3628169811
16093	1530	1784088801283	3458469709
16094	1529	1784088801284	288253491
16095	1529	1784088801284	3081800902
16096	1530	1784088801285	3581000565
16097	1530	1784088801285	1299976309
16098	1529	1784088801286	586526871
16099	1529	1784088801286	3885766012
161	1605	1784088786347	431499849
1610	1497	1784088791660	681737848
16100	1531	1784088801287	1967612630
16101	1531	1784088801287	966244499
16102	1531	1784088801288	2109380248
16103	1528	1784088801288	2707608631
16104	1528	1784088801289	4217876673
16105	1750	1784088801289	1491985902
16106	1750	1784088801290	253038343
16107	1751	1784088801290	3338116344
16108	1751	1784088801291	880697190
16109	1752	1784088801292	4139880402
1611	1661	1784088791660	2753761650
16110	1751	1784088801293	1662134333
16111	1751	1784088801293	3274915315
16112	1752	1784088801294	2201461140
16113	1751	1784088801294	3597338886
16114	1754	1784088801295	4053789401
16115	1748	1784088801295	2274939264
16116	1794	1784088801296	3628725037
16117	1796	1784088801296	2356087051
16118	1798	1784088801297	414792681
16119	1799	1784088801298	3009290087
1612	1497	1784088791661	3603849230
16120	1793	1784088801298	1097493182
16121	1793	1784088801299	103873197
16122	1792	1784088801299	4001562076
16123	1791	1784088801299	609123804
16124	1800	1784088801300	2946501975
16125	1801	1784088801300	932761769
16126	1797	1784088801301	2162483291
16127	1796	1784088801301	3894155927
16128	1797	1784088801303	116867680
16129	1799	1784088801303	1804662064
1613	1664	1784088791663	1411849361
16130	1800	1784088801304	590269691
16131	1804	1784088801305	3601011855
16132	1805	1784088801305	2459164428
16133	1805	1784088801305	2863201719
16134	1805	1784088801306	582560510
16135	1807	1784088801306	2222113914
16136	1808	1784088801307	2020244580
16137	1804	1784088801307	1111745148
16138	1658	1784088801308	3391028458
16139	1657	1784088801308	1324632788
1614	1502	1784088791664	2181353697
16140	1652	1784088801308	3946768111
16141	1637	1784088801309	1564529437
16142	1795	1784088801310	2167947327
16143	1797	1784088801310	1846644789
16144	1801	1784088801311	2318739864
16145	1802	1784088801311	3832498838
16146	1801	1784088801311	1246618675
16147	1801	1784088801312	3480660876
16148	1800	1784088801312	2980384266
16149	1799	1784088801313	305509330
1615	1670	1784088791664	4261394113
16150	1801	1784088801314	267446550
16151	1802	1784088801314	534205753
16152	1798	1784088801315	1669837306
16153	1776	1784088801316	2442230694
16154	1777	1784088801316	2757081461
16155	1779	1784088801317	1335009746
16156	1771	1784088801318	1054885761
16157	1780	1784088801318	2073805305
16158	1783	1784088801319	1754043253
16159	1776	1784088801319	2710748736
1616	1506	1784088791665	2886311052
16160	1781	1784088801320	1177706162
16161	1775	1784088801320	2193412127
16162	1779	1784088801325	3715990628
16163	1785	1784088801326	1098680524
16164	1813	1784088801326	2743440763
16165	1786	1784088801327	3965082748
16166	1813	1784088801327	3795399952
16167	1780	1784088801328	4038956454
16168	1812	1784088801328	3309636989
16169	1781	1784088801329	787593938
1617	1602	1784088791665	2431003261
16170	1813	1784088801330	481132641
16171	1799	1784088801330	1152614837
16172	1809	1784088801331	4178424520
16173	1809	1784088801331	1329593921
16174	1789	1784088801331	3563726797
16175	1790	1784088801332	1676761008
16176	1792	1784088801332	2767250608
16177	1793	1784088801333	3136073842
16178	1792	1784088801334	2986635463
16179	1793	1784088801334	2886895516
1618	1507	1784088791667	134097626
16180	1793	1784088801335	947346726
16181	1792	1784088801335	3631436111
16182	1794	1784088801336	1894989077
16183	1795	1784088801336	1518676693
16184	1791	1784088801337	2201433198
16185	1734	1784088801337	772269740
16186	1742	1784088801338	4288873252
16187	1741	1784088801338	589929516
16188	1740	1784088801338	270184979
16189	1736	1784088801339	3972768106
1619	1599	1784088791668	2207903142
16190	1738	1784088801339	3328483553
16191	1738	1784088801340	3747980735
16192	1733	1784088801340	2918753330
16193	1735	1784088801341	3385444791
16194	1742	1784088801341	3913817606
16195	1741	1784088801342	4256499302
16196	1678	1784088801342	2450773768
16197	1681	1784088801343	1084529289
16198	1683	1784088801343	445933924
16199	1682	1784088801344	620215049
162	1510	1784088786348	1550235753
1620	1504	1784088791669	1049315300
16200	1681	1784088801344	238721934
16201	1681	1784088801345	530088286
16202	1681	1784088801345	1918431486
16203	1680	1784088801346	2682122052
16204	1684	1784088801346	2305381294
16205	1687	1784088801347	3104729000
16206	1687	1784088801347	2550959431
16207	1772	1784088801347	1500784359
16208	1773	1784088801348	1208861416
16209	1775	1784088801348	1943940083
1621	1603	1784088791669	1662103361
16210	1776	1784088801349	3151725187
16211	1775	1784088801349	2196595063
16212	1775	1784088801349	480315593
16213	1774	1784088801350	1123611205
16214	1774	1784088801350	2471366482
16215	1776	1784088801351	4094718499
16216	1778	1784088801352	2343108181
16217	1775	1784088801352	1024311851
16218	1788	1784088801353	3656833728
16219	1791	1784088801353	199021234
1622	1506	1784088791670	2144651991
16220	1792	1784088801354	977654294
16221	1793	1784088801354	1244832715
16222	1790	1784088801355	3676380423
16223	1793	1784088801355	1932882064
16224	1794	1784088801355	1105983825
16225	1795	1784088801355	3362897792
16226	1792	1784088801357	2386389836
16227	1795	1784088801357	3693946685
16228	1796	1784088801358	1454039937
16229	1797	1784088801358	2407497028
1623	1604	1784088791670	2498916853
16230	1793	1784088801359	498955930
16231	1796	1784088801360	1564479852
16232	1797	1784088801361	1957954096
16233	1798	1784088801361	1325472894
16234	1792	1784088801363	1932999904
16235	1795	1784088801363	1072598532
16236	1796	1784088801364	1191314444
16237	1797	1784088801364	3144414664
16238	1792	1784088801365	629558617
16239	1796	1784088801365	3088835886
1624	1507	1784088791671	599230577
16240	1797	1784088801365	3437493881
16241	1798	1784088801366	1510632070
16242	1792	1784088801366	411094909
16243	1796	1784088801366	15567493
16244	1797	1784088801367	3207421513
16245	1798	1784088801367	3767258412
16246	1792	1784088801367	2633259433
16247	1796	1784088801368	2968543400
16248	1797	1784088801368	2440081251
16249	1798	1784088801369	2722740911
1625	1599	1784088791671	1087137732
16250	1792	1784088801369	955703927
16251	1796	1784088801370	34679515
16252	1797	1784088801370	4172356791
16253	1798	1784088801371	3842926192
16254	1794	1784088801371	3963079685
16255	1798	1784088801371	1612571723
16256	1799	1784088801373	3920493784
16257	1800	1784088801373	2857257481
16258	1792	1784088801374	3588564296
16259	1796	1784088801374	3745110130
1626	1502	1784088791671	4053310475
16260	1797	1784088801375	2700543941
16261	1798	1784088801375	1317463670
16262	1691	1784088801376	1601234132
16263	1692	1784088801376	3270388178
16264	1695	1784088801377	233831861
16265	1696	1784088801377	3353196091
16266	1696	1784088801377	3312931768
16267	1697	1784088801379	2696415849
16268	1697	1784088801379	3609376630
16269	1696	1784088801379	422999575
1627	1599	1784088791673	3326731181
16270	1699	1784088801380	1700331231
16271	1700	1784088801380	3023694022
16272	1696	1784088801381	532900058
16273	1678	1784088801381	1739690645
16274	1658	1784088801382	1290858405
16275	1680	1784088801382	1852895667
16276	1660	1784088801382	1246345727
16277	1683	1784088801383	1088032463
16278	1663	1784088801383	4128756989
16279	1684	1784088801384	3327945282
1628	1502	1784088791674	2728676485
16280	1664	1784088801384	692528737
16281	1683	1784088801385	4037697975
16282	1663	1784088801385	3142062183
16283	1684	1784088801385	2670529951
16284	1664	1784088801386	2729129608
16285	1684	1784088801386	1571587815
16286	1664	1784088801386	955809802
16287	1683	1784088801387	2498521129
16288	1663	1784088801387	403737811
16289	1686	1784088801387	969074670
1629	1604	1784088791675	1611462397
16290	1666	1784088801388	3357154254
16291	1688	1784088801388	2512949479
16292	1668	1784088801389	480730701
16293	1687	1784088801389	1890841086
16294	1667	1784088801390	3992796641
16295	1945	1784088801390	149727171
16296	1748	1784088801390	1863607795
16297	1795	1784088801391	2869291689
16298	1750	1784088801391	1289199682
16299	1800	1784088801391	98136269
163	1605	1784088786348	2875639025
1630	1507	1784088791675	3779290880
16300	1755	1784088801393	4221760728
16301	1801	1784088801393	2051657651
16302	1756	1784088801394	3773612125
16303	1800	1784088801394	578625797
16304	1755	1784088801395	4196942350
16305	1800	1784088801395	1228134032
16306	1755	1784088801396	756692014
16307	1799	1784088801396	3594143876
16308	1754	1784088801396	1234550656
16309	1798	1784088801397	1554646450
1631	1608	1784088791677	1094438361
16310	1753	1784088801397	1821640215
16311	1800	1784088801398	1320776789
16312	1755	1784088801398	2685299617
16313	1801	1784088801399	942291250
16314	1756	1784088801399	252921132
16315	1799	1784088801399	3208738344
16316	1754	1784088801400	2493492884
16317	1646	1784088801400	1877968364
16318	1614	1784088801401	3534201577
16319	1649	1784088801401	2835350340
1632	1511	1784088791678	3528550089
16320	1617	1784088801401	3527472416
16321	1651	1784088801403	1791636626
16322	1619	1784088801403	2846574553
16323	1638	1784088801404	3504352407
16324	1611	1784088801404	2938153281
16325	1638	1784088801405	2673021215
16326	1615	1784088801405	4134646735
16327	1641	1784088801406	160795769
16328	1618	1784088801406	1992384484
16329	1634	1784088801406	2937422265
1633	1641	1784088791678	3762388114
16330	1611	1784088801406	594194909
16331	1640	1784088801407	2902434425
16332	1617	1784088801407	1717578131
16333	1638	1784088801408	799047927
16334	1615	1784088801408	183402446
16335	1642	1784088801409	1271250734
16336	1619	1784088801409	3981843351
16337	1642	1784088801410	3751720211
16338	1619	1784088801410	312228152
16339	1675	1784088801410	3893220010
1634	1459	1784088791681	1730623476
16340	1654	1784088801411	2671832925
16341	1676	1784088801411	3812004400
16342	1655	1784088801411	1708526521
16343	1680	1784088801413	1197198408
16344	1659	1784088801413	2626266355
16345	1681	1784088801413	4157596672
16346	1660	1784088801414	2480188150
16347	1681	1784088801414	798161701
16348	1660	1784088801415	888915165
16349	1682	1784088801415	1269018351
1635	1616	1784088791681	2614031209
16350	1661	1784088801416	1870105124
16351	1682	1784088801416	3959079341
16352	1661	1784088801416	2662695181
16353	1681	1784088801417	784380082
16354	1660	1784088801417	219381812
16355	1684	1784088801418	1246332237
16356	1663	1784088801418	955479034
16357	1685	1784088801419	1695321453
16358	1664	1784088801419	3857214
16359	1683	1784088801419	3576868458
1636	1519	1784088791684	691641023
16360	1663	1784088801420	2351589159
16361	1777	1784088801420	1496009794
16362	1748	1784088801421	1286069159
16363	1779	1784088801421	2045452932
16364	1750	1784088801421	3038296892
16365	1784	1784088801421	2613852205
16366	1755	1784088801423	1226455561
16367	1785	1784088801423	437370600
16368	1756	1784088801424	3168955536
16369	1784	1784088801424	1165090823
1637	1620	1784088791685	913745417
16370	1755	1784088801425	2931147050
16371	1784	1784088801425	170019041
16372	1755	1784088801426	3405155441
16373	1783	1784088801426	1259569377
16374	1754	1784088801426	441751819
16375	1782	1784088801427	803004657
16376	1753	1784088801427	3661777444
16377	1784	1784088801428	676949158
16378	1755	1784088801428	3085855327
16379	1785	1784088801429	2321154658
1638	1523	1784088791685	3819335722
16380	1756	1784088801429	3443552688
16381	1783	1784088801430	3487375306
16382	1754	1784088801430	9769921
16383	1784	1784088801430	1779355408
16384	1753	1784088801431	421430080
16385	1786	1784088801432	489512142
16386	1755	1784088801432	480500822
16387	1788	1784088801433	621381671
16388	1757	1784088801433	1936684631
16389	1789	1784088801434	1291612761
1639	1605	1784088791686	2277507288
16390	1758	1784088801434	2870031963
16391	1788	1784088801434	4188978487
16392	1757	1784088801435	1177419848
16393	1788	1784088801435	2639460275
16394	1757	1784088801436	3997234750
16395	1787	1784088801436	1932418312
16396	1756	1784088801436	3575874970
16397	1787	1784088801437	2670148048
16398	1756	1784088801437	4123132726
16399	1780	1784088801438	1411353447
164	1509	1784088786349	806035730
1640	1508	1784088791686	3827164236
16400	1760	1784088801439	2001371261
16401	1781	1784088801439	180821177
16402	1761	1784088801440	4286585418
16403	1779	1784088801440	3183318431
16404	1758	1784088801441	3510483412
16405	1775	1784088801441	4073002106
16406	1752	1784088801442	332683721
16407	1776	1784088801442	1921778762
16408	1753	1784088801443	1139464317
16409	1778	1784088801444	2180188674
1641	1600	1784088791687	3993285775
16410	1755	1784088801445	3726359009
16411	1779	1784088801445	2466394273
16412	1756	1784088801445	3859578568
16413	1779	1784088801446	3440403791
16414	1756	1784088801446	1878714481
16415	1780	1784088801447	717794407
16416	1757	1784088801447	2233902244
16417	1780	1784088801447	3019593676
16418	1757	1784088801447	2292718971
16419	1779	1784088801448	2174542064
1642	1505	1784088791688	106632419
16420	1756	1784088801448	3368108726
16421	1781	1784088801449	2083895673
16422	1758	1784088801449	4124091913
16423	1782	1784088801450	719054826
16424	1759	1784088801450	1781837618
16425	1779	1784088801450	315729650
16426	1756	1784088801451	3565517719
16427	1802	1784088801451	1407075654
16428	1466	1784088801451	1806447752
16429	1465	1784088801451	70901165
1643	1521	1784088791688	2239613773
16430	1463	1784088801453	887101626
16431	1464	1784088801453	3006909559
16432	1801	1784088801454	3310732274
16433	1470	1784088801455	3773932308
16434	1465	1784088801455	3392310697
16435	1470	1784088801456	1076898493
16436	1464	1784088801456	2768290915
16437	1806	1784088801456	2435070896
16438	1470	1784088801457	2097125577
16439	1464	1784088801457	2340240200
1644	1508	1784088791689	981704426
16440	1470	1784088801458	3979768388
16441	1463	1784088801458	1096897404
16442	1808	1784088801459	871451081
16443	1465	1784088801459	3404664536
16444	1465	1784088801459	2386853860
16445	1466	1784088801460	2575690709
16446	1466	1784088801460	1910079066
16447	1807	1784088801461	3236517436
16448	1467	1784088801461	949213444
16449	1465	1784088801461	3103960770
1645	1609	1784088791689	2445439192
16450	1466	1784088801462	3398027361
16451	1463	1784088801462	1359628106
16452	1807	1784088801462	2875529767
16453	1465	1784088801463	1005180262
16454	1465	1784088801463	3247327285
16455	1463	1784088801464	3861489113
16456	1464	1784088801464	362770388
16457	1806	1784088801465	4267986807
16458	1465	1784088801465	135489482
16459	1470	1784088801466	3192464495
1646	1512	1784088791690	3803864660
16460	1463	1784088801466	3940606444
16461	1471	1784088801466	1747043890
16462	1805	1784088801467	1081262997
16463	1470	1784088801467	2524067525
16464	1465	1784088801468	1083111423
16465	1470	1784088801468	487287966
16466	1463	1784088801468	1199840132
16467	1807	1784088801469	1927692144
16468	1467	1784088801469	564061010
16469	1465	1784088801470	3476130249
1647	1563	1784088791690	680867605
16470	1467	1784088801470	3711403629
16471	1466	1784088801471	2186458350
16472	1807	1784088801471	3277563926
16473	1467	1784088801472	3112211553
16474	1461	1784088801472	3453562627
16475	1466	1784088801472	2166642798
16476	1462	1784088801473	775265857
16477	1804	1784088801473	577101888
16478	1467	1784088801474	1584293894
16479	1461	1784088801474	1559306180
1648	1542	1784088791691	1345257908
16480	1469	1784088801475	1937019401
16481	1459	1784088801475	1323513985
16482	1805	1784088801475	1032939592
16483	1466	1784088801476	1866383175
16484	1465	1784088801476	3165905387
16485	1462	1784088801478	3761196703
16486	1463	1784088801478	584833623
16487	1804	1784088801478	3792425923
16488	1470	1784088801479	4245019345
16489	1465	1784088801479	1063637811
1649	1463	1784088791691	662817503
16490	1465	1784088801480	1096243826
16491	1464	1784088801481	1751105986
16492	1810	1784088801481	3919509073
16493	1465	1784088801481	1678839240
16494	1465	1784088801482	1107429803
16495	1465	1784088801482	1901381578
16496	1463	1784088801483	11381668
16497	1816	1784088801483	1895932129
16498	1470	1784088801484	1159043214
16499	1470	1784088801484	3960525477
165	1605	1784088786349	3573226634
1650	1462	1784088791693	3455373063
16500	1469	1784088801485	702506745
16501	1463	1784088801485	1757584265
16502	1810	1784088801486	3268088996
16503	1470	1784088801486	2580190465
16504	1465	1784088801487	1717919930
16505	1468	1784088801487	835720477
16506	1464	1784088801487	991679549
16507	1811	1784088801488	1719392236
16508	1470	1784088801488	477326245
16509	1465	1784088801488	979651379
1651	1459	1784088791694	748193045
16510	1468	1784088801489	4123967287
16511	1464	1784088801489	1198448049
16512	1810	1784088801490	3532081685
16513	1470	1784088801490	2232499500
16514	1465	1784088801491	340993217
16515	1468	1784088801491	4166717746
16516	1463	1784088801491	536510660
16517	1814	1784088801491	629270086
16518	1470	1784088801493	3014789369
16519	1472	1784088801493	1826684107
1652	1462	1784088791694	925229325
16520	1472	1784088801494	2761058579
16521	1463	1784088801494	2213331734
16522	1811	1784088801495	1765063208
16523	1472	1784088801495	3564205586
16524	1465	1784088801495	2981043676
16525	1462	1784088801495	3213934271
16526	1457	1784088801496	2697630051
16527	1806	1784088801497	496878898
16528	1467	1784088801497	606374919
16529	1464	1784088801498	741438167
1653	1466	1784088791695	2527227580
16530	1465	1784088801498	3402572563
16531	1463	1784088801498	663753853
16532	1814	1784088801499	811327101
16533	1465	1784088801500	2958102392
16534	1466	1784088801500	2493526534
16535	1463	1784088801501	3395837824
16536	1466	1784088801501	2570814717
16537	1806	1784088801502	743983210
16538	1466	1784088801502	3684405438
16539	1465	1784088801503	785359814
1654	1613	1784088791696	560974530
16540	1462	1784088801503	3739017768
16541	1463	1784088801503	460359255
16542	1805	1784088801504	3057384483
16543	1470	1784088801504	3190523447
16544	1465	1784088801505	2710529026
16545	1465	1784088801505	413463053
16546	1464	1784088801505	1736980296
16547	1811	1784088801506	4106361126
16548	1465	1784088801506	4231703748
16549	1465	1784088801506	1661775373
1655	1523	1784088791696	609779590
16550	1465	1784088801507	2537783074
16551	1463	1784088801507	2323609536
16552	1817	1784088801508	3870323273
16553	1470	1784088801508	104580200
16554	1470	1784088801508	3141781330
16555	1469	1784088801509	2554067282
16556	1463	1784088801509	872379135
16557	1811	1784088801510	2893674768
16558	1470	1784088801510	1249795308
16559	1464	1784088801511	605656160
1656	1604	1784088791697	1723837948
16560	1468	1784088801511	3769382184
16561	1464	1784088801511	2264994350
16562	1812	1784088801511	3665731106
16563	1470	1784088801513	388829109
16564	1465	1784088801513	2442440421
16565	1468	1784088801514	827000312
16566	1464	1784088801514	2528130615
16567	1811	1784088801514	4088210562
16568	1470	1784088801515	1892040616
16569	1465	1784088801515	1809557475
1657	1513	1784088791697	3019805745
16570	1468	1784088801515	690434311
16571	1463	1784088801516	1697527817
16572	1808	1784088801516	3211992437
16573	1470	1784088801517	530721214
16574	1472	1784088801517	807702236
16575	1472	1784088801518	536963991
16576	1463	1784088801518	3637586528
16577	1812	1784088801519	3670487322
16578	1472	1784088801519	3709424147
16579	1465	1784088801519	16961522
1658	1603	1784088791701	888475463
16580	1462	1784088801520	628211977
16581	1457	1784088801520	3807104417
16582	1807	1784088801521	2685990945
16583	1467	1784088801521	3602860599
16584	1464	1784088801521	2765289197
16585	1465	1784088801523	3411150443
16586	1463	1784088801524	3317245237
16587	1815	1784088801524	3426345027
16588	1465	1784088801524	1880367987
16589	1466	1784088801525	889766226
1659	1512	1784088791701	3102873438
16590	1463	1784088801525	1101713965
16591	1466	1784088801525	227091790
16592	1807	1784088801526	2227491922
16593	1466	1784088801526	576581357
16594	1465	1784088801526	3897268720
16595	1462	1784088801527	2101052965
16596	1464	1784088801527	749547935
16597	1806	1784088801528	3387757312
16598	1470	1784088801528	4094714494
16599	1465	1784088801529	3998556499
166	1509	1784088786350	1416210105
1660	1598	1784088791703	1486201494
16600	1465	1784088801529	2238991211
16601	1464	1784088801529	4053362787
16602	1812	1784088801530	222707630
16603	1465	1784088801530	4180365262
16604	1465	1784088801531	3745008557
16605	1465	1784088801531	3966666188
16606	1463	1784088801531	2379226595
16607	1818	1784088801531	268789178
16608	1470	1784088801533	375089545
16609	1470	1784088801534	3210617762
1661	1509	1784088791705	824651754
16610	1469	1784088801534	2890410396
16611	1463	1784088801534	1964419621
16612	1812	1784088801535	1438365490
16613	1465	1784088801535	2020069155
16614	1464	1784088801535	1988046545
16615	1468	1784088801536	3283069007
16616	1464	1784088801536	1300418128
16617	1813	1784088801537	568818722
16618	1470	1784088801537	556689725
16619	1465	1784088801538	922582205
1662	1601	1784088791706	2492826764
16620	1468	1784088801538	742537105
16621	1464	1784088801539	10578204
16622	1812	1784088801539	618977721
16623	1470	1784088801539	2653943005
16624	1465	1784088801540	3161666592
16625	1468	1784088801540	567777684
16626	1463	1784088801541	1652642346
16627	1816	1784088801541	3391543723
16628	1470	1784088801541	2827796744
16629	1472	1784088801541	2214546717
1663	1512	1784088791706	2319847913
16630	1472	1784088801543	4077139312
16631	1463	1784088801543	3223752490
16632	1813	1784088801544	3640786859
16633	1472	1784088801544	2212964977
16634	1465	1784088801545	3174443602
16635	1462	1784088801545	473295063
16636	1457	1784088801545	3505286599
16637	1808	1784088801546	4084132899
16638	1467	1784088801546	966365268
16639	1464	1784088801546	52282396
1664	1602	1784088791706	2223409497
16640	1465	1784088801547	4042029933
16641	1463	1784088801548	663288631
16642	1816	1784088801548	3428783481
16643	1465	1784088801549	2322749190
16644	1466	1784088801549	589778277
16645	1463	1784088801550	3396382922
16646	1466	1784088801550	784137118
16647	1664	1784088801550	2536668319
16648	1649	1784088801551	4079635627
16649	1667	1784088801551	593728418
1665	1511	1784088791707	2715278364
16650	1652	1784088801551	3087247682
16651	1669	1784088801553	237336818
16652	1654	1784088801553	2661148756
16653	1668	1784088801554	588071505
16654	1655	1784088801554	2921748713
16655	1667	1784088801554	872651513
16656	1654	1784088801555	3690883117
16657	1668	1784088801555	1919716970
16658	1655	1784088801556	3746853010
16659	1668	1784088801556	3966663410
1666	1556	1784088791708	1785459068
16660	1655	1784088801557	975276148
16661	1667	1784088801557	3422395149
16662	1654	1784088801558	2672665054
16663	1671	1784088801558	1339121788
16664	1656	1784088801558	2372958265
16665	1674	1784088801559	3103443404
16666	1659	1784088801559	1342227327
16667	1675	1784088801560	683281871
16668	1657	1784088801560	165984103
16669	1662	1784088801561	1349637560
1667	1542	1784088791708	3622797145
16670	1649	1784088801562	244903769
16671	1664	1784088801562	1535306342
16672	1651	1784088801562	3032647853
16673	1666	1784088801562	3155645501
16674	1653	1784088801563	2085190552
16675	1667	1784088801564	421657713
16676	1654	1784088801564	3616334983
16677	1666	1784088801565	3272541561
16678	1653	1784088801565	3308022838
16679	1667	1784088801566	1535819363
1668	1467	1784088791709	1508693180
16680	1654	1784088801566	4150852785
16681	1668	1784088801567	4193349754
16682	1655	1784088801567	1376035618
16683	1668	1784088801568	73533923
16684	1655	1784088801568	4158484041
16685	1675	1784088801569	317695673
16686	1657	1784088801569	4234532804
16687	1676	1784088801570	1355977302
16688	1658	1784088801570	1670330616
16689	1668	1784088801571	3352528399
1669	1466	1784088791711	3872032779
16690	1655	1784088801571	1266813688
16691	1665	1784088801571	596871832
16692	1644	1784088801571	839740252
16693	1668	1784088801572	3676867919
16694	1647	1784088801572	4286853407
16695	1673	1784088801573	2849709378
16696	1652	1784088801573	970207944
16697	1674	1784088801574	3761255290
16698	1653	1784088801574	360067695
16699	1672	1784088801574	3338207857
167	1605	1784088786350	2037119163
1670	1463	1784088791711	1318663011
16700	1652	1784088801575	3933954639
16701	1672	1784088801575	3830517599
16702	1652	1784088801576	571980435
16703	1671	1784088801576	2112849908
16704	1651	1784088801577	716329905
16705	1671	1784088801578	1655472178
16706	1651	1784088801578	807680366
16707	1675	1784088801578	2567215708
16708	1653	1784088801579	1252681856
16709	1676	1784088801579	2400701288
1671	1466	1784088791711	2534060959
16710	1654	1784088801580	2595138713
16711	1673	1784088801581	2326283675
16712	1651	1784088801581	2181078043
16713	1650	1784088801582	3820875743
16714	1636	1784088801583	2239892496
16715	1652	1784088801583	3896027427
16716	1638	1784088801584	4188413931
16717	1654	1784088801584	1996818723
16718	1640	1784088801585	2944256419
16719	1655	1784088801585	1389362357
1672	1465	1784088791713	2531377540
16720	1641	1784088801586	3562453344
16721	1655	1784088801587	3531912099
16722	1641	1784088801587	3594529323
16723	1656	1784088801589	3469414928
16724	1642	1784088801590	3761960778
16725	1656	1784088801590	3528197781
16726	1642	1784088801590	2786053366
16727	1655	1784088801591	1951849569
16728	1641	1784088801591	3547466318
16729	1659	1784088801591	107699910
1673	1613	1784088791715	3761855411
16730	1645	1784088801593	3516834862
16731	1660	1784088801593	87636877
16732	1646	1784088801594	2808103491
16733	1655	1784088801594	458250947
16734	1643	1784088801594	1853457507
16735	1730	1784088801595	1328128445
16736	1705	1784088801596	3917170411
16737	1739	1784088801597	2410193751
16738	1714	1784088801598	3542237459
16739	1738	1784088801599	1900699009
1674	1521	1784088791715	1788491921
16740	1713	1784088801599	2642782028
16741	1737	1784088801602	1604063810
16742	1712	1784088801602	3639538299
16743	1733	1784088801603	3934463246
16744	1708	1784088801603	4080021165
16745	1736	1784088801604	723345006
16746	1711	1784088801605	1904327401
16747	1736	1784088801605	1824533893
16748	1711	1784088801606	3434430279
16749	1731	1784088801606	2118598819
1675	1602	1784088791716	3071123054
16750	1706	1784088801607	3051734171
16751	1737	1784088801607	3370191608
16752	1711	1784088801608	2886423448
16753	1745	1784088801609	143769323
16754	1719	1784088801609	3342210078
16755	1744	1784088801610	535837466
16756	1718	1784088801611	1796067142
16757	1752	1784088801612	3402932232
16758	1730	1784088801612	2639760761
16759	1756	1784088801613	1144792351
1676	1510	1784088791716	2427013264
16760	1734	1784088801613	2753566771
16761	1757	1784088801614	888057937
16762	1735	1784088801614	1569800781
16763	1758	1784088801614	2114695673
16764	1736	1784088801615	1319747408
16765	1754	1784088801615	1733352731
16766	1732	1784088801616	406565047
16767	1758	1784088801616	3745818172
16768	1736	1784088801617	2790287934
16769	1759	1784088801617	3677077445
1677	1602	1784088791716	181107880
16770	1737	1784088801617	570003516
16771	1760	1784088801617	1168168993
16772	1738	1784088801618	2006116015
16773	1758	1784088801618	1451221902
16774	1736	1784088801619	2563427587
16775	1761	1784088801619	615014629
16776	1739	1784088801620	3683101413
16777	1762	1784088801620	479809785
16778	1740	1784088801621	2237732191
16779	1763	1784088801621	1879892657
1678	1510	1784088791717	1145943985
16780	1741	1784088801621	2089544930
16781	1760	1784088801621	1677996448
16782	1738	1784088801623	3028187170
16783	1763	1784088801623	1990933894
16784	1741	1784088801624	2581024449
16785	1764	1784088801624	2584178093
16786	1742	1784088801624	2713991872
16787	1765	1784088801625	2714715638
16788	1743	1784088801625	472764348
16789	1761	1784088801626	241505359
1679	1597	1784088791718	108132119
16790	1737	1784088801627	1735725895
16791	1764	1784088801627	3805103276
16792	1740	1784088801628	1437643330
16793	1765	1784088801628	1063318197
16794	1741	1784088801629	2854712868
16795	1766	1784088801629	591109382
16796	1742	1784088801629	1175107724
16797	1761	1784088801630	1709774124
16798	1737	1784088801630	2628081682
16799	1765	1784088801630	840514724
168	1509	1784088786351	1952775184
1680	1507	1784088791719	1606768515
16800	1741	1784088801632	816750073
16801	1766	1784088801632	1986269108
16802	1742	1784088801632	187008308
16803	1767	1784088801633	1675286116
16804	1743	1784088801633	2701410202
16805	1760	1784088801634	381657831
16806	1736	1784088801634	2904812280
16807	1764	1784088801634	4226890778
16808	1740	1784088801635	1804169560
16809	1765	1784088801635	140157965
1681	1518	1784088791719	592677752
16810	1741	1784088801636	2691683633
16811	1766	1784088801636	1086046079
16812	1742	1784088801637	1842907813
16813	1759	1784088801637	2370430432
16814	1735	1784088801637	1492491294
16815	1763	1784088801638	2777262225
16816	1739	1784088801638	1471229558
16817	1764	1784088801639	1263597561
16818	1740	1784088801639	2720039710
16819	1765	1784088801639	502149970
1682	1510	1784088791720	1908004993
16820	1741	1784088801640	2127710413
16821	1756	1784088801640	3420252178
16822	1737	1784088801641	688309229
16823	1760	1784088801641	190939028
16824	1741	1784088801641	2311991197
16825	1761	1784088801641	3041448527
16826	1742	1784088801642	4079957917
16827	1762	1784088801642	3782037288
16828	1743	1784088801643	3198301467
16829	1757	1784088801643	2514042259
1683	1607	1784088791720	2641687244
16830	1738	1784088801644	3459106012
16831	1761	1784088801644	2037779887
16832	1742	1784088801645	1026750723
16833	1762	1784088801645	3221972334
16834	1743	1784088801645	30764695
16835	1764	1784088801646	176552014
16836	1745	1784088801646	3355813582
16837	1761	1784088801648	2422731838
16838	1737	1784088801648	3626159032
16839	1765	1784088801649	3332863384
1684	1512	1784088791721	576112089
16840	1741	1784088801649	1801976095
16841	1766	1784088801650	1158742277
16842	1742	1784088801650	1626514907
16843	1767	1784088801651	2350048719
16844	1743	1784088801651	2022891308
16845	1725	1784088801651	2380454066
16846	1712	1784088801651	2160613134
16847	1734	1784088801652	2745904570
16848	1721	1784088801653	3168778193
16849	1734	1784088801653	3666283827
1685	1560	1784088791721	2068985426
16850	1721	1784088801653	1479579312
16851	1734	1784088801654	1943983769
16852	1721	1784088801654	3370464102
16853	1731	1784088801655	1040510114
16854	1718	1784088801655	3170570276
16855	1735	1784088801655	1828152588
16856	1722	1784088801656	104046079
16857	1736	1784088801656	3085392798
16858	1723	1784088801657	430084717
16859	1731	1784088801657	830937490
1686	1542	1784088791723	671162288
16860	1718	1784088801657	1662755891
16861	1735	1784088801658	3034598261
16862	1720	1784088801658	3572812506
16863	1741	1784088801659	1683397623
16864	1726	1784088801660	2023485718
16865	1740	1784088801660	4141940215
16866	1725	1784088801660	1438389399
16867	1639	1784088801661	3485251819
16868	1614	1784088801661	496133402
16869	1643	1784088801661	1117080905
1687	1465	1784088791725	1706246013
16870	1618	1784088801662	2902924738
16871	1645	1784088801662	378855297
16872	1620	1784088801663	2915556702
16873	1637	1784088801663	3795517349
16874	1612	1784088801664	4121050199
16875	1641	1784088801664	196349116
16876	1616	1784088801665	1236732105
16877	1644	1784088801665	224594363
16878	1619	1784088801666	4124833598
16879	1637	1784088801666	3193036592
1688	1464	1784088791726	3632581497
16880	1612	1784088801666	1265863611
16881	1642	1784088801667	697086433
16882	1617	1784088801668	1746576802
16883	1640	1784088801668	2951796374
16884	1615	1784088801668	2723438894
16885	1645	1784088801669	3296595909
16886	1620	1784088801669	2190838393
16887	1644	1784088801670	1029895714
16888	1619	1784088801670	986559844
16889	1782	1784088801670	1014297775
1689	1461	1784088791727	3665550144
16890	1754	1784088801671	166834181
16891	1783	1784088801671	3138060977
16892	1755	1784088801671	2908521972
16893	1785	1784088801672	224744952
16894	1757	1784088801672	154093426
16895	1786	1784088801673	2615509330
16896	1758	1784088801674	1015615169
16897	1791	1784088801675	3243592267
16898	1758	1784088801675	2289364198
16899	1792	1784088801675	749650920
169	1607	1784088786351	64160852
1690	1464	1784088791728	3608938045
16900	1759	1784088801676	3947667084
16901	1792	1784088801676	1145753432
16902	1759	1784088801677	1643503850
16903	1792	1784088801677	3520449396
16904	1759	1784088801677	2421635494
16905	1794	1784088801677	3478766974
16906	1761	1784088801679	4105904933
16907	1795	1784088801679	1745038302
16908	1762	1784088801680	889761748
16909	1792	1784088801680	70633868
1691	1466	1784088791728	3427812920
16910	1759	1784088801680	3093026070
16911	1733	1784088801681	2162595585
16912	1706	1784088801681	1148385050
16913	1741	1784088801681	2214248559
16914	1714	1784088801683	4088386863
16915	1741	1784088801683	3026809134
16916	1714	1784088801683	698730564
16917	1740	1784088801684	347905417
16918	1713	1784088801684	293057765
16919	1736	1784088801685	3017765970
1692	1650	1784088791730	1631597188
16920	1709	1784088801685	3695080189
16921	1739	1784088801685	868739601
16922	1712	1784088801686	2568622127
16923	1739	1784088801686	2304899461
16924	1712	1784088801687	3759454288
16925	1734	1784088801687	768124113
16926	1707	1784088801687	1909121073
16927	1736	1784088801688	3546856337
16928	1709	1784088801688	2170136621
16929	1743	1784088801691	3533137773
1693	1521	1784088791731	2811027533
16930	1716	1784088801929	3143384952
16931	1744	1784088801929	3836062828
16932	1717	1784088801929	4050472692
16933	1698	1784088801929	1934306995
16934	1675	1784088801931	828084775
16935	1777	1784088801931	873504977
16936	1747	1784088801931	3829832025
16937	1781	1784088801932	888319044
16938	1751	1784088801932	4234329822
16939	1784	1784088801932	3343456365
1694	1639	1784088791731	2972710814
16940	1754	1784088801933	1459191474
16941	1785	1784088801933	2804782304
16942	1755	1784088801934	1976070208
16943	1784	1784088801934	2400130707
16944	1754	1784088801934	3224751921
16945	1784	1784088801934	1565589650
16946	1754	1784088801936	208471341
16947	1783	1784088801936	3691380815
16948	1753	1784088801937	809727429
16949	1783	1784088801937	3483695849
1695	1510	1784088791731	67578790
16950	1753	1784088801938	3526891130
16951	1785	1784088801938	3458669753
16952	1755	1784088801938	124724606
16953	1787	1784088801939	3527671269
16954	1757	1784088801939	2719747960
16955	1787	1784088801940	2541347457
16956	1754	1784088801941	2298894534
16957	1784	1784088801941	2042421221
16958	1754	1784088801943	3700683440
16959	1785	1784088801943	2629170772
1696	1639	1784088791733	1058364334
16960	1755	1784088801944	1857508829
16961	1792	1784088801944	1986677261
16962	1757	1784088801944	159146808
16963	1784	1784088801945	1669687202
16964	1760	1784088801945	3422864698
16965	1781	1784088801946	495644545
16966	1758	1784088801946	3951771224
16967	1785	1784088801946	3472399377
16968	1752	1784088801947	2233474413
16969	1784	1784088801947	2315850689
1697	1510	1784088791733	4192634461
16970	1756	1784088801948	2335059543
16971	1679	1784088801948	2250257665
16972	1654	1784088801949	3333684014
16973	1791	1784088801949	1638241460
16974	1758	1784088801949	1003686345
16975	1641	1784088801950	2758133140
16976	1616	1784088801950	4070116062
16977	1778	1784088801951	248907194
16978	1750	1784088801951	1942887304
16979	1780	1784088801951	1509762761
1698	1634	1784088791734	4191022668
16980	1752	1784088801951	4247139807
16981	1782	1784088801952	2354253124
16982	1754	1784088801954	771517114
16983	1774	1784088801954	979044293
16984	1746	1784088801955	3883275881
16985	1783	1784088801955	529615871
16986	1750	1784088801955	1144792318
16987	1786	1784088801955	3463308477
16988	1753	1784088801956	2709046330
16989	1779	1784088801957	550036910
1699	1507	1784088791734	2992595502
16990	1746	1784088801957	47212012
16991	1784	1784088801958	2789457845
16992	1751	1784088801958	946680714
16993	1778	1784088801959	2352894698
16994	1749	1784088801960	2580658920
16995	1782	1784088801960	1227026788
16996	1753	1784088801960	3072292101
16997	1782	1784088801961	374547386
16998	1759	1784088801961	3200188841
16999	1816	1784088801961	1772019169
17	1590	1784088786181	1854226892
170	1510	1784088786353	1330270409
1700	1619	1784088791735	2098077991
17000	1788	1784088801961	297622290
17001	1794	1784088801963	3549700591
17002	1761	1784088801963	1142109254
17003	1816	1784088801964	1963137685
17004	1788	1784088801964	3164710864
17005	1783	1784088801965	3786604728
17006	1760	1784088801965	3779068714
17007	1815	1784088801965	2299981427
17008	1787	1784088801965	2050428220
17009	1784	1784088801966	4076788175
1701	1510	1784088791735	486134898
17010	1759	1784088801966	1479212542
17011	1816	1784088801967	2574710729
17012	1786	1784088801967	2175777229
17013	1802	1784088801967	341659465
17014	1769	1784088801968	1765265940
17015	1813	1784088801968	3998604542
17016	1780	1784088801969	734048469
17017	1809	1784088801969	3563778062
17018	1781	1784088801969	525181562
17019	1779	1784088801970	569303120
1702	1641	1784088791736	491407177
17020	1753	1784088801970	4117481026
17021	1782	1784088801971	3094269045
17022	1756	1784088801971	3672306481
17023	1784	1784088801971	161849257
17024	1758	1784088801971	857703038
17025	1785	1784088801973	1468585779
17026	1759	1784088801973	1681378303
17027	1779	1784088801974	2441399265
17028	1758	1784088801974	582786472
17029	1779	1784088801975	3331035478
1703	1512	1784088791736	749334285
17030	1758	1784088801975	3324617282
17031	1778	1784088801975	97683981
17032	1757	1784088801976	2227101
17033	1778	1784088801976	1324806343
17034	1757	1784088801977	1095032526
17035	1787	1784088801978	3057478046
17036	1761	1784088801978	4163954625
17037	1788	1784088801978	2815894817
17038	1762	1784088801978	3422315913
17039	1785	1784088801980	530468103
1704	1833	1784088791738	2311864589
17040	1759	1784088801980	2455035577
17041	1735	1784088801980	1054485634
17042	1710	1784088801980	1280459316
17043	1736	1784088801981	877891245
17044	1711	1784088801981	3617783639
17045	1737	1784088801981	1894549280
17046	1712	1784088801983	314597068
17047	1738	1784088801983	2812245580
17048	1713	1784088801984	2488734494
17049	1738	1784088801984	115895709
1705	1696	1784088791739	3808348298
17050	1714	1784088801985	893064043
17051	1740	1784088801985	3671174145
17052	1716	1784088801985	3662955448
17053	1741	1784088801985	871130645
17054	1717	1784088801986	2856802254
17055	1741	1784088801987	4015324874
17056	1717	1784088801987	3599469424
17057	1736	1784088801987	1288972892
17058	1717	1784088801988	2643758265
17059	1740	1784088801988	3770666605
1706	1904	1784088791739	1558943761
17060	1721	1784088801989	1678876083
17061	1738	1784088801989	1506176023
17062	1719	1784088801990	388131836
17063	1775	1784088801990	585686752
17064	1748	1784088801990	454309355
17065	1778	1784088801991	3523324238
17066	1751	1784088801991	119769812
17067	1779	1784088801991	511274289
17068	1752	1784088801991	3953756744
17069	1780	1784088801993	1421814424
1707	1766	1784088791740	1030556422
17070	1753	1784088801993	1137929797
17071	1772	1784088801994	1014310526
17072	1750	1784088801994	3744019218
17073	1775	1784088801995	2850503401
17074	1753	1784088801995	3887949892
17075	1776	1784088801995	3575688507
17076	1754	1784088801996	3427295939
17077	1777	1784088801996	2220048242
17078	1755	1784088801997	3595290058
17079	1774	1784088801997	3314946148
1708	1904	1784088791740	754855719
17080	1752	1784088801998	4135131130
17081	1777	1784088801998	3511912116
17082	1755	1784088801998	3417263676
17083	1778	1784088801998	1425435178
17084	1756	1784088802000	535871024
17085	1779	1784088802000	1625425173
17086	1757	1784088802000	1497517685
17087	1777	1784088802000	2038582766
17088	1753	1784088802002	2914723959
17089	1780	1784088802002	1657394508
1709	1766	1784088791741	24543438
17090	1756	1784088802003	1752580542
17091	1781	1784088802003	1287706379
17092	1757	1784088802003	3108232318
17093	1782	1784088802004	1692618327
17094	1758	1784088802005	1622614734
17095	1780	1784088802005	4084834305
17096	1753	1784088802006	358213518
17097	1783	1784088802006	986472758
17098	1756	1784088802007	1228806932
17099	1784	1784088802007	2493241394
171	1607	1784088786353	1535189888
1710	1904	1784088791744	64923288
17100	1757	1784088802008	2107494415
17101	1785	1784088802008	2424472251
17102	1758	1784088802009	1390248839
17103	1780	1784088802009	1669778736
17104	1753	1784088802010	2223233051
17105	1784	1784088802010	3298392866
17106	1757	1784088802010	3779585677
17107	1785	1784088802011	2258846808
17108	1758	1784088802011	1323704622
17109	1786	1784088802012	2446503538
1711	1766	1784088791745	884439353
17110	1759	1784088802012	2655605550
17111	1775	1784088802012	3572998935
17112	1753	1784088802013	2049524807
17113	1779	1784088802013	2159889425
17114	1757	1784088802014	661740376
17115	1780	1784088802014	1770518988
17116	1758	1784088802014	4014827980
17117	1781	1784088802015	2804897925
17118	1759	1784088802015	84225970
17119	1777	1784088802016	2158560862
1712	1919	1784088791746	409838382
17120	1753	1784088802016	2571179962
17121	1781	1784088802016	1790023173
17122	1757	1784088802017	4255732148
17123	1782	1784088802017	2617261678
17124	1758	1784088802017	959023838
17125	1783	1784088802018	418820393
17126	1759	1784088802018	1112267205
17127	1775	1784088802019	699813932
17128	1755	1784088802019	4073040849
17129	1779	1784088802020	1579116072
1713	1782	1784088791746	2799636074
17130	1759	1784088802021	1979384831
17131	1780	1784088802021	3041051610
17132	1760	1784088802022	3628592822
17133	1781	1784088802022	1888623031
17134	1761	1784088802022	3772702999
17135	1777	1784088802023	2400489790
17136	1757	1784088802023	502182794
17137	1781	1784088802024	1214275359
17138	1761	1784088802024	2748353486
17139	1782	1784088802024	2429407281
1714	1528	1784088791747	2065832588
17140	1762	1784088802025	1402978237
17141	1783	1784088802025	233822675
17142	1763	1784088802027	3345861354
17143	1780	1784088802027	3628759634
17144	1754	1784088802027	2484213934
17145	1784	1784088802028	1871486930
17146	1758	1784088802028	352031315
17147	1785	1784088802029	1501323737
17148	1759	1784088802029	252529939
17149	1786	1784088802030	3281364827
1715	1525	1784088791748	3824086146
17150	1760	1784088802030	352579482
17151	1719	1784088802030	4011747413
17152	1707	1784088802032	2829342447
17153	1727	1784088802032	1323493792
17154	1715	1784088802032	683340617
17155	1727	1784088802033	1658879759
17156	1715	1784088802033	2878069482
17157	1726	1784088802034	1931599450
17158	1714	1784088802034	2478319738
17159	1722	1784088802035	3338270258
1716	1545	1784088791749	878362411
17160	1710	1784088802035	16611669
17161	1724	1784088802036	3845662490
17162	1712	1784088802036	2260220607
17163	1724	1784088802037	2498151743
17164	1712	1784088802037	345996516
17165	1719	1784088802038	125978194
17166	1707	1784088802038	347227163
17167	1721	1784088802039	610500336
17168	1709	1784088802039	2645158787
17169	1728	1784088802040	17095309
1717	1526	1784088791749	2481520071
17170	1716	1784088802040	3304674611
17171	1729	1784088802041	1674046942
17172	1717	1784088802041	3714941174
17173	1735	1784088802041	1588892387
17174	1715	1784088802042	257860650
17175	1739	1784088802042	3217738078
17176	1719	1784088802043	894881990
17177	1740	1784088802043	415132684
17178	1720	1784088802044	2477596344
17179	1741	1784088802044	2507346586
1718	1687	1784088791750	1801145406
17180	1721	1784088802045	1096612470
17181	1744	1784088802045	269257490
17182	1724	1784088802045	2899857017
17183	1743	1784088802045	3288335850
17184	1723	1784088802047	2245383860
17185	1743	1784088802047	1881877849
17186	1723	1784088802048	1564961998
17187	1743	1784088802048	2765556789
17188	1723	1784088802048	1858500506
17189	1742	1784088802049	994226401
1719	1668	1784088791750	3996196400
17190	1722	1784088802049	2118325038
17191	1745	1784088802050	193359717
17192	1725	1784088802050	1960776736
17193	1745	1784088802051	3342904383
17194	1725	1784088802051	3809762287
17195	1735	1784088802052	2448696162
17196	1715	1784088802052	2144065708
17197	1735	1784088802052	2204379360
17198	1715	1784088802053	378385399
17199	1737	1784088802053	294640926
172	1510	1784088786354	3208778013
1720	1611	1784088791750	2908126186
17200	1717	1784088802054	3782975816
17201	1737	1784088802054	4202674023
17202	1717	1784088802055	509365450
17203	1738	1784088802055	1429332361
17204	1718	1784088802056	4231855370
17205	1737	1784088802056	519538219
17206	1717	1784088802056	2835214532
17207	1737	1784088802057	2850452835
17208	1717	1784088802057	3421211861
17209	1738	1784088802058	698005139
1721	1524	1784088791751	883635380
17210	1718	1784088802058	3311269386
17211	1737	1784088802058	3229660856
17212	1717	1784088802059	3805063691
17213	1740	1784088802059	1353039324
17214	1720	1784088802060	3047370279
17215	1736	1784088802060	1120269937
17216	1721	1784088802061	3734204078
17217	1730	1784088802061	4061331597
17218	1710	1784088802061	3484476608
17219	1739	1784088802062	938169601
1722	1621	1784088791751	2620912585
17220	1719	1784088802063	1014971778
17221	1739	1784088802063	500820570
17222	1719	1784088802063	468709460
17223	1739	1784088802064	388158362
17224	1719	1784088802064	595437189
17225	1738	1784088802065	1529627572
17226	1718	1784088802065	601745775
17227	1740	1784088802066	3010963404
17228	1720	1784088802066	3074713019
17229	1740	1784088802067	1890203532
1723	1525	1784088791751	3200269372
17230	1720	1784088802067	1776503038
17231	1735	1784088802068	3336335146
17232	1715	1784088802068	2250087237
17233	1737	1784088802069	3863924959
17234	1717	1784088802069	4130205791
17235	1743	1784088802070	112073627
17236	1723	1784088802070	1730023225
17237	1742	1784088802070	2966169002
17238	1722	1784088802071	2748170007
17239	1665	1784088802071	3394335929
1724	1751	1784088791753	309077079
17240	1651	1784088802072	3979876650
17241	1666	1784088802072	4214635399
17242	1652	1784088802072	3428676634
17243	1668	1784088802073	200378811
17244	1654	1784088802073	2006770070
17245	1669	1784088802074	287279791
17246	1655	1784088802074	2636574936
17247	1671	1784088802075	4159581980
17248	1657	1784088802075	1351270765
17249	1672	1784088802076	3733954804
1725	1657	1784088791754	1270724626
17250	1658	1784088802076	2666412429
17251	1671	1784088802076	3080762958
17252	1657	1784088802077	4240085981
17253	1670	1784088802077	2875163705
17254	1656	1784088802078	3822606309
17255	1673	1784088802078	1435685869
17256	1659	1784088802078	182986176
17257	1674	1784088802078	1527325485
17258	1660	1784088802080	2367051670
17259	1671	1784088802080	2598331417
1726	1530	1784088791755	4009087601
17260	1657	1784088802081	2176488
17261	1709	1784088802081	1342176762
17262	1688	1784088802081	2450841483
17263	1712	1784088802082	1617492097
17264	1692	1784088802083	216292217
17265	1698	1784088802083	817990735
17266	1678	1784088802084	1961256031
17267	1696	1784088802084	1070896530
17268	1676	1784088802084	729534188
17269	1698	1784088802085	3019622165
1727	1652	1784088791756	311612861
17270	1678	1784088802085	3143218882
17271	1699	1784088802086	2019367743
17272	1679	1784088802086	406722455
17273	1744	1784088802086	1173242890
17274	1726	1784088802086	631798164
17275	1786	1784088802087	4250265962
17276	1767	1784088802087	495228017
17277	1791	1784088802088	3309798413
17278	1768	1784088802088	2831829169
17279	1715	1784088802088	2165295000
1728	1523	1784088791756	885372047
17280	1697	1784088802089	3441191500
17281	1732	1784088802089	2381508402
17282	1712	1784088802090	4149772722
17283	1731	1784088802090	679402296
17284	1711	1784088802090	3683693007
17285	1658	1784088802091	1288939923
17286	1624	1784088802091	2209240709
17287	1647	1784088802092	3822412049
17288	1623	1784088802092	3069138559
17289	1686	1784088802092	3712708570
1729	1716	1784088791756	1949926750
17290	1669	1784088802093	3277044905
17291	1687	1784088802093	1043758851
17292	1670	1784088802094	952119943
17293	1785	1784088802094	2781723742
17294	1756	1784088802095	1096230123
17295	1661	1784088802095	50108821
17296	1636	1784088802096	2224228207
17297	1818	1784088802096	3137559939
17298	1711	1784088802096	3265912632
17299	1818	1784088802097	914841023
173	1607	1784088786354	3190167748
1730	1587	1784088791757	3062781740
17300	1711	1784088802097	3048643635
17301	1820	1784088802098	714095637
17302	1713	1784088802098	3870829717
17303	1820	1784088802099	3928955704
17304	1713	1784088802099	1882514111
17305	1821	1784088802099	3662592564
17306	1714	1784088802100	2515114726
17307	1820	1784088802100	4086005995
17308	1713	1784088802101	3118287616
17309	1821	1784088802101	1132925146
1731	1782	1784088791759	732368061
17310	1714	1784088802102	1397679407
17311	1821	1784088802102	352623402
17312	1714	1784088802102	4015702914
17313	1820	1784088802104	3749001745
17314	1713	1784088802104	2942027759
17315	1824	1784088802105	2652281966
17316	1717	1784088802105	145128567
17317	1825	1784088802106	4287963310
17318	1718	1784088802106	1730596414
17319	1727	1784088802106	1841528979
1732	1673	1784088791760	3966911978
17320	1712	1784088802107	879887787
17321	1728	1784088802107	2504496264
17322	1713	1784088802108	2022566555
17323	1732	1784088802108	728539681
17324	1717	1784088802109	2781777215
17325	1733	1784088802109	3802983575
17326	1718	1784088802109	2266600999
17327	1735	1784088802110	108696006
17328	1720	1784088802110	2393406749
17329	1735	1784088802111	1729726598
1733	1533	1784088791760	2002524110
17330	1720	1784088802111	2439945864
17331	1736	1784088802112	2442722579
17332	1721	1784088802112	161888605
17333	1736	1784088802113	1989039107
17334	1721	1784088802113	2392404159
17335	1735	1784088802113	349284320
17336	1720	1784088802114	4250471761
17337	1738	1784088802114	2653093683
17338	1723	1784088802115	2267033962
17339	1736	1784088802115	2241661735
1734	1522	1784088791761	3327930635
17340	1721	1784088802115	2077795473
17341	1672	1784088802116	1238508863
17342	1647	1784088802116	535654087
17343	1675	1784088802116	4048665472
17344	1650	1784088802118	4016484858
17345	1678	1784088802118	3540664601
17346	1653	1784088802118	450518505
17347	1679	1784088802119	339213811
17348	1654	1784088802119	1541709854
17349	1678	1784088802120	355601863
1735	1532	1784088791761	2987328609
17350	1653	1784088802120	2596060887
17351	1679	1784088802120	1208071441
17352	1654	1784088802121	1871281617
17353	1678	1784088802121	1003092023
17354	1653	1784088802122	834899756
17355	1677	1784088802122	190610024
17356	1652	1784088802123	2469489763
17357	1679	1784088802123	4225012358
17358	1654	1784088802123	355193631
17359	1681	1784088802124	1265991825
1736	1499	1784088791761	760861066
17360	1656	1784088802124	1608150143
17361	1678	1784088802124	1251568094
17362	1655	1784088802125	1842600919
17363	1514	1784088802125	3948543357
17364	1517	1784088802126	3511168411
17365	1525	1784088802126	4237440565
17366	1524	1784088802126	2087344208
17367	1527	1784088802127	4188106631
17368	1521	1784088802127	886467573
17369	1513	1784088802128	1053359346
1737	1506	1784088791763	1585654990
17370	1520	1784088802129	4048499120
17371	1513	1784088802129	1880377694
17372	1523	1784088802129	2031963117
17373	1514	1784088802130	1792049275
17374	1516	1784088802130	2354925331
17375	1597	1784088802131	2223466994
17376	1524	1784088802131	1488913102
17377	1557	1784088802131	971910098
17378	1536	1784088802131	238986192
17379	1599	1784088802133	2482800613
1738	1496	1784088791763	587297540
17380	1503	1784088802133	1838601215
17381	1515	1784088802133	2131441601
17382	1504	1784088802134	3068608877
17383	1607	1784088802135	3852109682
17384	1511	1784088802135	1017105828
17385	1518	1784088802136	3705277230
17386	1508	1784088802136	923001891
17387	1512	1784088802136	3686603988
17388	1503	1784088802137	2032103138
17389	1517	1784088802137	3747861183
1739	1514	1784088791764	4281113134
17390	1508	1784088802138	3838208267
17391	1517	1784088802138	838153791
17392	1503	1784088802139	1912135278
17393	1514	1784088802139	2840638374
17394	1505	1784088802139	888979460
17395	1527	1784088802140	366926804
17396	1516	1784088802140	3144719982
17397	1522	1784088802141	4219201729
17398	1506	1784088802141	1048528022
17399	1523	1784088802141	37873921
174	1510	1784088786355	1877518915
1740	1499	1784088791765	4230149897
17400	1509	1784088802141	3246588260
17401	1524	1784088802143	567389018
17402	1504	1784088802143	498573675
17403	1528	1784088802143	2684405952
17404	1512	1784088802143	432016175
17405	1530	1784088802144	3656334869
17406	1515	1784088802144	2845510742
17407	1521	1784088802145	2211383768
17408	1513	1784088802145	1729330516
17409	1517	1784088802146	2104209344
1741	1604	1784088791766	2381700525
17410	1504	1784088802146	3213080484
17411	1677	1784088802147	2243292285
17412	1511	1784088802147	1522115273
17413	1655	1784088802148	3563002561
17414	1511	1784088802148	661478417
17415	1524	1784088802149	259303633
17416	1518	1784088802149	3030790235
17417	1505	1784088802150	1596898587
17418	1516	1784088802150	3779916650
17419	1503	1784088802150	198819047
1742	1499	1784088791766	2657776896
17420	1512	1784088802151	1419449653
17421	1505	1784088802151	774206303
17422	1527	1784088802151	1185541380
17423	1512	1784088802151	2904033591
17424	1715	1784088802153	2161057835
17425	1529	1784088802153	1902681357
17426	1541	1784088802153	4216013971
17427	1527	1784088802154	2769124121
17428	1717	1784088802154	714134919
17429	1529	1784088802155	2474081345
1743	1604	1784088791767	2326516360
17430	1717	1784088802155	2634760190
17431	1531	1784088802155	266351943
17432	1650	1784088802156	3312598019
17433	1530	1784088802156	2087434034
17434	1710	1784088802157	3487861091
17435	1529	1784088802157	1925302539
17436	1714	1784088802157	3345939902
17437	1529	1784088802158	1853673819
17438	1695	1784088802158	1760723576
17439	1529	1784088802159	2471654405
1744	1504	1784088791767	2220629554
17440	1709	1784088802159	2780466211
17441	1529	1784088802159	1054548174
17442	1718	1784088802160	2277760623
17443	1532	1784088802160	1885017177
17444	1530	1784088802161	1881045313
17445	1500	1784088802161	1994924275
17446	1526	1784088802161	1118402884
17447	1510	1784088802163	1197386262
17448	1543	1784088802163	306520236
17449	1545	1784088802163	3165480081
1745	1613	1784088791768	3270024607
17450	1541	1784088802163	4014358204
17451	1545	1784088802164	162886221
17452	1541	1784088802164	3462611725
17453	1545	1784088802165	1940909996
17454	1530	1784088802166	1793631053
17455	1545	1784088802166	4253043087
17456	1536	1784088802167	2262841564
17457	1545	1784088802167	2275071086
17458	1538	1784088802168	690341163
17459	1545	1784088802168	984482696
1746	1512	1784088791768	2716747382
17460	1533	1784088802169	1505030904
17461	1545	1784088802169	1489100071
17462	1534	1784088802169	3978028725
17463	1545	1784088802170	584794310
17464	1535	1784088802170	527876109
17465	1545	1784088802171	2901731045
17466	1537	1784088802171	1819149125
17467	1545	1784088802171	3605953284
17468	1703	1784088802173	1741304275
17469	1507	1784088802173	3917375282
1747	1625	1784088791769	3709896438
17470	1709	1784088802173	669512414
17471	1513	1784088802173	3805263796
17472	1709	1784088802174	2014110570
17473	1513	1784088802174	3926089273
17474	1703	1784088802174	2334438833
17475	1512	1784088802175	2835448487
17476	1704	1784088802175	3858685015
17477	1508	1784088802176	1780595276
17478	1701	1784088802176	583653369
17479	1510	1784088802177	3432971305
1748	1508	1784088791769	2860843447
17480	1706	1784088802177	1342960471
17481	1510	1784088802178	2826514204
17482	1701	1784088802178	3542548472
17483	1505	1784088802178	1383005433
17484	1698	1784088802180	2300258720
17485	1507	1784088802180	3997320047
17486	1709	1784088802181	3350596392
17487	1513	1784088802181	3479254263
17488	1458	1784088802181	190474906
17489	1517	1784088802181	3602705594
1749	1625	1784088791770	3924789639
17490	1514	1784088802182	3764753915
17491	1499	1784088802182	624997593
17492	1652	1784088802183	3842621465
17493	1508	1784088802183	1852087863
17494	1613	1784088802183	3734125942
17495	1545	1784088802185	1663300198
17496	1528	1784088802185	887681311
17497	1545	1784088802186	423194503
17498	1632	1784088802186	2850342946
17499	1545	1784088802186	2752362593
175	1639	1784088786355	378661602
1750	1506	1784088791770	3902897895
17500	1633	1784088802187	3153692603
17501	1545	1784088802187	2663721044
17502	1628	1784088802188	1330062851
17503	1545	1784088802188	3839866293
17504	1525	1784088802189	2521970980
17505	1545	1784088802189	1794118550
17506	1656	1784088802189	2378172405
17507	1545	1784088802190	283807351
17508	1526	1784088802191	1783597181
17509	1545	1784088802191	2917030289
1751	1630	1784088791771	1792119676
17510	1652	1784088802192	107984250
17511	1545	1784088802193	415649613
17512	1604	1784088802193	776038216
17513	1510	1784088802194	3856460092
17514	1518	1784088802194	1127823828
17515	1510	1784088802195	3682856264
17516	1622	1784088802195	4272413741
17517	1506	1784088802196	2704741574
17518	1629	1784088802196	1520396612
17519	1515	1784088802196	4200004877
1752	1507	1784088791771	3882002053
17520	1624	1784088802197	3369851527
17521	1510	1784088802197	2381150294
17522	1521	1784088802198	3005852717
17523	1513	1784088802198	2202541709
17524	1652	1784088802199	4095223903
17525	1515	1784088802199	806822377
17526	1522	1784088802199	3618411460
17527	1509	1784088802200	2034206461
17528	1647	1784088802200	513166054
17529	1510	1784088802201	3262715221
1753	1523	1784088791773	419721570
17530	1532	1784088802201	3520808848
17531	1522	1784088802202	3546785311
17532	1534	1784088802202	895032377
17533	1527	1784088802202	3885892550
17534	1533	1784088802203	57878290
17535	1521	1784088802203	1447829269
17536	1542	1784088802204	1093161155
17537	1531	1784088802204	2313932001
17538	1661	1784088802205	2950549255
17539	1517	1784088802205	3462346033
1754	1508	1784088791773	645597381
17540	1661	1784088802206	2328291602
17541	1517	1784088802206	1731289879
17542	1657	1784088802206	1934899214
17543	1513	1784088802207	2198054557
17544	1661	1784088802207	2338217195
17545	1517	1784088802208	3603698199
17546	1661	1784088802208	3398457261
17547	1517	1784088802209	2180281909
17548	1664	1784088802209	3301758185
17549	1520	1784088802210	9916482
1755	1538	1784088791774	2667053704
17550	1666	1784088802210	2283364181
17551	1522	1784088802211	1851074266
17552	1660	1784088802211	3969720800
17553	1516	1784088802211	3901800382
17554	1662	1784088802212	2903162619
17555	1518	1784088802212	3160341358
17556	1681	1784088802213	4191082137
17557	1513	1784088802213	1857053680
17558	1678	1784088802214	2514631072
17559	1514	1784088802214	811113843
1756	1515	1784088791774	3628997377
17560	1673	1784088802214	546171430
17561	1513	1784088802215	3095388631
17562	1671	1784088802215	1235108284
17563	1515	1784088802216	2883895413
17564	1688	1784088802216	147764055
17565	1520	1784088802216	3386964801
17566	1670	1784088802217	1149931862
17567	1506	1784088802217	752206289
17568	1676	1784088802218	3216620559
17569	1512	1784088802218	231781435
1757	1711	1784088791775	544281907
17570	1688	1784088802218	555241666
17571	1520	1784088802219	3214501575
17572	1680	1784088802219	2197300093
17573	1514	1784088802220	3983571718
17574	1682	1784088802220	4185988391
17575	1518	1784088802221	47619660
17576	1681	1784088802221	1329668853
17577	1517	1784088802221	2214731303
17578	1684	1784088802222	2153048792
17579	1520	1784088802222	3382580321
1758	1504	1784088791775	3236777416
17580	1689	1784088802223	2731587293
17581	1521	1784088802223	2310888947
17582	1676	1784088802224	1994610337
17583	1508	1784088802224	3835384015
17584	1673	1784088802224	3066288304
17585	1509	1784088802225	174138232
17586	1668	1784088802225	154605995
17587	1508	1784088802226	3158744953
17588	1666	1784088802226	3606368954
17589	1510	1784088802226	3620862858
1759	1521	1784088791776	1123139109
17590	1683	1784088802227	3491626833
17591	1515	1784088802227	1301133663
17592	1671	1784088802228	2060036188
17593	1507	1784088802228	2431981626
17594	1683	1784088802229	3713495573
17595	1515	1784088802229	1493327715
17596	1675	1784088802229	1735450410
17597	1509	1784088802230	2848705833
17598	1677	1784088802230	194288089
17599	1513	1784088802231	2310760040
176	1542	1784088786356	487018734
1760	1504	1784088791776	1316068318
17600	1676	1784088802231	2908963407
17601	1512	1784088802231	572328002
17602	1679	1784088802231	3909913341
17603	1515	1784088802232	124585765
17604	1684	1784088802232	3412269093
17605	1516	1784088802234	2612417057
17606	1683	1784088802234	738628674
17607	1515	1784088802235	3901029742
17608	1680	1784088802235	1771543154
17609	1516	1784088802236	2290108831
1761	1515	1784088791777	614847970
17610	1675	1784088802236	2944225976
17611	1515	1784088802237	1919312741
17612	1673	1784088802237	3375805187
17613	1517	1784088802238	1046913742
17614	1690	1784088802238	2590619259
17615	1522	1784088802239	1747214642
17616	1678	1784088802239	2522083824
17617	1514	1784088802239	920390719
17618	1690	1784088802240	924395311
17619	1522	1784088802240	1398174593
1762	1501	1784088791778	3297016585
17620	1682	1784088802241	2359617731
17621	1516	1784088802241	2433078266
17622	1684	1784088802241	4241186174
17623	1520	1784088802242	1706574108
17624	1683	1784088802242	3806514253
17625	1519	1784088802242	820049050
17626	1686	1784088802242	655199028
17627	1522	1784088802244	2270843282
17628	1691	1784088802244	2939917158
17629	1523	1784088802245	740671698
1763	1590	1784088791779	79823636
17630	1537	1784088802245	611889313
17631	1545	1784088802246	1653046231
17632	1537	1784088802246	1255619509
17633	1545	1784088802246	413001270
17634	1540	1784088802247	3062363688
17635	1545	1784088802247	2528264213
17636	1541	1784088802248	986434911
17637	1545	1784088802248	3970489844
17638	1648	1784088802248	4197622904
17639	1545	1784088802249	1369180690
1764	1499	1784088791779	1447438462
17640	1648	1784088802249	3114984473
17641	1545	1784088802249	1181565466
17642	1645	1784088802249	450425054
17643	1545	1784088802250	1014489083
17644	1646	1784088802250	2664977779
17645	1545	1784088802251	2992142808
17646	1647	1784088802251	3419332869
17647	1545	1784088802252	3359827001
17648	1650	1784088802252	1920750238
17649	1545	1784088802252	1970680799
1765	1595	1784088791780	2583781081
17650	1524	1784088802252	805042042
17651	1506	1784088802254	948798675
17652	1718	1784088802254	3648472840
17653	1506	1784088802254	2901441162
17654	1723	1784088802255	2401382941
17655	1509	1784088802256	1470895847
17656	1724	1784088802257	3642114468
17657	1510	1784088802257	2220032570
17658	1723	1784088802258	3065590393
17659	1509	1784088802258	2918177779
1766	1502	1784088791780	3467142983
17660	1723	1784088802259	414440468
17661	1509	1784088802259	1443122754
17662	1716	1784088802259	1294166023
17663	1508	1784088802260	3028719476
17664	1721	1784088802261	314640946
17665	1507	1784088802261	1684644608
17666	1717	1784088802261	3660450413
17667	1509	1784088802263	2531161585
17668	1724	1784088802263	2068379794
17669	1510	1784088802263	716080664
1767	1593	1784088791782	2667232273
17670	1506	1784088802263	4290961221
17671	1499	1784088802264	1176808266
17672	1510	1784088802264	857072849
17673	1503	1784088802265	464566708
17674	1509	1784088802265	2289840864
17675	1503	1784088802265	1741681011
17676	1513	1784088802266	3290697981
17677	1506	1784088802266	671175716
17678	1535	1784088802267	316139590
17679	1504	1784088802267	727668706
1768	1500	1784088791783	2786266453
17680	1592	1784088802267	2971916983
17681	1499	1784088802268	1135347321
17682	1561	1784088802268	485432080
17683	1545	1784088802269	2731828242
17684	1562	1784088802269	2549879679
17685	1545	1784088802270	754696753
17686	1564	1784088802270	1458662246
17687	1545	1784088802271	1457610704
17688	1556	1784088802271	914900596
17689	1545	1784088802271	3956639798
1769	1594	1784088791784	2054148586
17690	1561	1784088802273	3136292704
17691	1545	1784088802273	1590533866
17692	1565	1784088802273	1093009939
17693	1545	1784088802273	618070795
17694	1558	1784088802274	1861552514
17695	1545	1784088802275	2868421928
17696	1563	1784088802275	33045924
17697	1545	1784088802276	3504486601
17698	1561	1784088802276	344216278
17699	1545	1784088802278	1842802479
177	1639	1784088786357	3939491391
1770	1502	1784088791785	692616439
17700	1565	1784088802279	3324071254
17701	1545	1784088802279	1461616410
17702	1541	1784088802280	3856102981
17703	1518	1784088802280	1303030619
17704	1543	1784088802281	13885294
17705	1520	1784088802281	3082825373
17706	1545	1784088802282	601664280
17707	1522	1784088802282	2411004571
17708	1537	1784088802283	682463025
17709	1514	1784088802283	4137346609
1771	1594	1784088791785	2341213371
17710	1541	1784088802283	452886755
17711	1518	1784088802284	2237197886
17712	1545	1784088802284	224831520
17713	1522	1784088802284	1753709622
17714	1538	1784088802284	2192039992
17715	1515	1784088802285	881142652
17716	1543	1784088802285	80976687
17717	1520	1784088802286	3911168214
17718	1541	1784088802286	3143130686
17719	1518	1784088802287	3180147478
1772	1501	1784088791786	1431499939
17720	1545	1784088802287	3807176557
17721	1522	1784088802288	4224258246
17722	1542	1784088802288	254093318
17723	1517	1784088802289	2896759328
17724	1548	1784088802289	4077124604
17725	1518	1784088802289	1028731889
17726	1546	1784088802290	3809261411
17727	1521	1784088802290	283772016
17728	1538	1784088802291	2650815619
17729	1513	1784088802291	3651590447
1773	1595	1784088791787	427901742
17730	1542	1784088802291	1828613560
17731	1517	1784088802291	2220739555
17732	1546	1784088802293	1037472754
17733	1521	1784088802293	2255128812
17734	1539	1784088802293	1926567
17735	1514	1784088802293	2044342679
17736	1544	1784088802294	1519300313
17737	1519	1784088802294	2942605670
17738	1547	1784088802295	595832284
17739	1517	1784088802295	2953341009
1774	1502	1784088791787	1127276845
17740	1551	1784088802295	217967202
17741	1521	1784088802296	3479731897
17742	1719	1784088802296	222767702
17743	1507	1784088802297	2300861248
17744	1507	1784088802297	1731805885
17745	1507	1784088802297	3440311958
17746	1506	1784088802298	3001785267
17747	1723	1784088802298	2392327419
17748	1508	1784088802299	1258229896
17749	1508	1784088802299	1098412500
1775	1510	1784088791788	2627627201
17750	1508	1784088802299	494197570
17751	1508	1784088802300	1383330490
17752	1510	1784088802300	398468953
17753	1504	1784088802301	3975629044
17754	1537	1784088802301	2952112215
17755	1500	1784088802301	2172896775
17756	1531	1784088802303	1091025079
17757	1510	1784088802303	1914644088
17758	1532	1784088802303	601422992
17759	1511	1784088802303	695175273
1776	1503	1784088791788	3709131094
17760	1535	1784088802304	1254155099
17761	1514	1784088802304	3233643869
17762	1527	1784088802305	2561558149
17763	1506	1784088802305	3365724205
17764	1531	1784088802306	1054468664
17765	1510	1784088802306	3189285734
17766	1535	1784088802306	3242830957
17767	1514	1784088802307	2045499279
17768	1528	1784088802307	4038800271
17769	1507	1784088802308	317631747
1777	1523	1784088791789	730754487
17770	1533	1784088802308	2552817644
17771	1512	1784088802308	4251787193
17772	1531	1784088802309	477981466
17773	1510	1784088802309	738968697
17774	1535	1784088802310	2237407324
17775	1514	1784088802310	2300379713
17776	1716	1784088802311	4233490029
17777	1499	1784088802311	1412969626
17778	1499	1784088802311	3580458854
17779	1498	1784088802311	3540155540
1778	1518	1784088791789	4228659441
17780	1508	1784088802313	318658358
17781	1510	1784088802313	3404488095
17782	1510	1784088802313	1840773116
17783	1510	1784088802313	419725302
17784	1509	1784088802314	3959971445
17785	1511	1784088802314	3730844688
17786	1511	1784088802314	595651919
17787	1510	1784088802315	2203946379
17788	1510	1784088802316	356520873
17789	1512	1784088802317	3372703138
1779	1503	1784088791790	3389615955
17790	1512	1784088802619	2688367655
17791	1512	1784088802620	4293237254
17792	1509	1784088802620	2987316283
17793	1509	1784088802621	371486465
17794	1540	1784088802622	2904931723
17795	1510	1784088802622	3716135848
17796	1504	1784088802623	3875230406
17797	1539	1784088802623	3598981697
17798	1545	1784088802624	3649997144
17799	1536	1784088802624	2822400691
178	1542	1784088786358	1854951780
1780	1495	1784088791790	1223640465
17800	1545	1784088802625	4090869572
17801	1539	1784088802625	3021909701
17802	1545	1784088802626	2312055461
17803	1548	1784088802627	1849651526
17804	1545	1784088802627	132156550
17805	1553	1784088802627	406120998
17806	1545	1784088802628	2113540455
17807	1541	1784088802628	585703408
17808	1545	1784088802629	3234776705
17809	1539	1784088802630	4097313899
1781	1591	1784088791791	1038126559
17810	1545	1784088802630	1977012317
17811	1546	1784088802631	2591603222
17812	1545	1784088802631	265047484
17813	1541	1784088802632	1603965780
17814	1545	1784088802632	2179197855
17815	1541	1784088802634	4007076251
17816	1545	1784088802634	4227430014
17817	1522	1784088802635	511218372
17818	1510	1784088802635	3027699887
17819	1515	1784088802636	2034665493
1782	1499	1784088791792	3737774371
17820	1510	1784088802636	2286042705
17821	1523	1784088802636	3882038700
17822	1511	1784088802637	2652226365
17823	1725	1784088802638	3014746599
17824	1855	1784088802638	4001347365
17825	1858	1784088802639	2162249477
17826	1850	1784088802639	3743774977
17827	1850	1784088802640	2457009231
17828	1846	1784088802640	958676814
17829	1848	1784088802641	1325874232
1783	1605	1784088791792	1358462620
17830	1850	1784088802641	3061274006
17831	1851	1784088802643	2407690117
17832	1853	1784088802643	2524047152
17833	1848	1784088802644	3570396157
17834	1850	1784088802644	580867010
17835	1506	1784088802645	754886213
17836	1506	1784088802646	2099997541
17837	1506	1784088802646	2917296232
17838	1506	1784088802646	3783159733
17839	1631	1784088802646	3456309418
1784	1505	1784088791793	2500889400
17840	1631	1784088802647	2111910703
17841	1631	1784088802648	4123554638
17842	1631	1784088802648	1471148194
17843	1633	1784088802649	1213347523
17844	1633	1784088802649	4005646564
17845	1633	1784088802650	3841704891
17846	1633	1784088802650	1652625318
17847	1633	1784088802651	2935918550
17848	1633	1784088802651	312615488
17849	1633	1784088802651	412659999
1785	1540	1784088791794	3559240989
17850	1633	1784088802653	3634605213
17851	1633	1784088802653	297173744
17852	1633	1784088802654	1476035119
17853	1633	1784088802654	1572868464
17854	1633	1784088802655	996522901
17855	1633	1784088802655	1879037641
17856	1633	1784088802656	699651606
17857	1633	1784088802656	596198729
17858	1633	1784088802656	1608721437
17859	1631	1784088802657	895142732
1786	1510	1784088791795	1574970310
17860	1631	1784088802657	2352416451
17861	1631	1784088802658	69093026
17862	1631	1784088802658	2792998222
17863	1633	1784088802659	3721640352
17864	1633	1784088802659	2067849095
17865	1633	1784088802660	1903840472
17866	1633	1784088802661	4144005317
17867	1631	1784088802661	3523945727
17868	1631	1784088802664	1238784926
17869	1631	1784088802664	3254721535
1787	1596	1784088791795	1937658507
17870	1631	1784088802665	247900459
17871	1631	1784088802666	3942144664
17872	1631	1784088802666	999052586
17873	1631	1784088802666	3013940555
17874	1631	1784088802666	2659892009
17875	1631	1784088802667	1814174143
17876	1631	1784088802668	3176535565
17877	1631	1784088802669	897537644
17878	1631	1784088802670	3719406931
17879	1631	1784088802670	2586816995
1788	1505	1784088791796	1318908447
17880	1631	1784088802671	1020417650
17881	1631	1784088802671	3036354067
17882	1631	1784088802671	379360767
17883	1541	1784088802673	4174036786
17884	1501	1784088802673	1858781281
17885	1720	1784088802674	1059366088
17886	1501	1784088802675	2386878723
17887	1501	1784088802675	1199993434
17888	1501	1784088802675	3906436321
17889	1501	1784088802676	3287151332
1789	1619	1784088791797	2653815311
17890	1850	1784088802676	642835274
17891	1631	1784088802677	1606800019
17892	1631	1784088802677	3852134608
17893	1631	1784088802678	3062087223
17894	1631	1784088802678	2188598739
17895	1850	1784088802678	607282085
17896	1628	1784088802679	3189658550
17897	1628	1784088802679	3350437784
17898	1628	1784088802679	609742111
17899	1628	1784088802681	1169740257
179	1639	1784088786358	269516242
1790	1510	1784088791797	3549523344
17900	1854	1784088802681	1802199525
17901	1631	1784088802682	789911071
17902	1631	1784088802683	2504666204
17903	1631	1784088802683	3327359675
17904	1631	1784088802683	259447985
17905	1723	1784088802684	677292980
17906	1501	1784088802684	4191574599
17907	1508	1784088802685	3393067934
17908	1505	1784088802685	79641195
17909	1505	1784088802686	279831295
1791	1615	1784088791798	2811924577
17910	1876	1784088802686	1310267682
17911	1653	1784088802686	2515797409
17912	1655	1784088802687	4122541137
17913	1657	1784088802688	2374882769
17914	1657	1784088802689	4121638222
17915	1877	1784088802690	4133899057
17916	1653	1784088802690	3657169777
17917	1655	1784088802690	4140435856
17918	1655	1784088802691	3374509138
17919	1657	1784088802693	1448206577
1792	1506	1784088791798	3532568992
17920	1874	1784088802694	2575872389
17921	1653	1784088802695	3601301613
17922	1655	1784088802695	310733480
17923	1657	1784088802696	1605413980
17924	1655	1784088802696	1867255578
17925	1724	1784088802696	3631722145
17926	1501	1784088802697	1835709228
17927	1506	1784088802697	434862639
17928	1512	1784088802698	1634416087
17929	1512	1784088802698	1455412829
1793	1725	1784088791799	2256064046
17930	1869	1784088802699	2747841510
17931	1645	1784088802699	935575076
17932	1651	1784088802699	2921872370
17933	1651	1784088802700	1561184005
17934	1656	1784088802700	22071913
17935	1706	1784088802701	3898270401
17936	1711	1784088802701	2474357
17937	1712	1784088802701	1837473308
17938	1710	1784088802703	1841202525
17939	1710	1784088802703	93157869
1794	1508	1784088791799	873344382
17940	1709	1784088802704	2832027200
17941	1710	1784088802704	3845999882
17942	1710	1784088802705	2703457594
17943	1709	1784088802705	2794491711
17944	1711	1784088802706	583843828
17945	1710	1784088802706	335487783
17946	1715	1784088802706	2088394072
17947	1716	1784088802706	1749302121
17948	1714	1784088802707	2020796720
17949	1714	1784088802708	3504476143
1795	1503	1784088791800	2119049020
17950	1714	1784088802708	1360336592
17951	1714	1784088802709	1462337895
17952	1714	1784088802709	3439677762
17953	1713	1784088802710	337334493
17954	1715	1784088802710	4089869447
17955	1710	1784088802711	2503052522
17956	1715	1784088802711	153304233
17957	1716	1784088802711	1074926553
17958	1714	1784088802713	513458901
17959	1714	1784088802713	3803894418
1796	1595	1784088791801	397057732
17960	1714	1784088802713	3500872867
17961	1714	1784088802714	2134980208
17962	1714	1784088802714	3133291527
17963	1713	1784088802715	1304943754
17964	1715	1784088802715	2711649831
17965	1708	1784088802716	3999520021
17966	1713	1784088802716	774827647
17967	1714	1784088802716	2272441061
17968	1712	1784088802717	2222894967
17969	1712	1784088802717	2757064100
1797	1595	1784088791801	291944368
17970	1712	1784088802717	2382225500
17971	1712	1784088802718	3064354905
17972	1712	1784088802718	3436948347
17973	1711	1784088802719	3404348365
17974	1713	1784088802719	2959831779
17975	1709	1784088802720	2187733116
17976	1714	1784088802720	3758505768
17977	1715	1784088802721	3071005415
17978	1713	1784088802721	784251142
17979	1713	1784088802721	1531701655
1798	1515	1784088791802	14258391
17980	1713	1784088802723	1601837330
17981	1713	1784088802724	4207197442
17982	1713	1784088802724	1694558978
17983	1733	1784088802724	12161337
17984	1714	1784088802725	3524358165
17985	1710	1784088802725	842193585
17986	1715	1784088802726	3637771023
17987	1716	1784088802726	2631863619
17988	1714	1784088802726	1397128147
17989	1714	1784088802727	1316126017
1799	1597	1784088791802	3626162164
17990	1714	1784088802728	3126852072
17991	1714	1784088802729	1044117644
17992	1714	1784088802729	458074523
17993	1713	1784088802730	470996351
17994	1715	1784088802730	2642510220
17995	1532	1784088802731	1257257633
17996	1517	1784088802731	569380321
17997	1523	1784088802732	2002441030
17998	1515	1784088802732	2211052306
17999	1531	1784088802732	1301308899
18	1601	1784088786183	4122240041
180	1542	1784088786359	3840066258
1800	1595	1784088791803	2425316049
18000	1517	1784088802733	2613541707
18001	1525	1784088802733	376597540
18002	1517	1784088802734	1388540843
18003	1532	1784088802734	1184830383
18004	1518	1784088802735	1832795572
18005	1533	1784088802735	1237030259
18006	1518	1784088802736	2525748119
18007	1533	1784088802736	2862106769
18008	1518	1784088802737	3664513617
18009	1535	1784088802737	3272389703
1801	1590	1784088791803	484773505
18010	1518	1784088802738	2492254835
18011	1532	1784088802738	2081696935
18012	1517	1784088802739	1387109258
18013	1538	1784088802739	239971033
18014	1520	1784088802740	2139181089
18015	1523	1784088802740	3520191682
18016	1513	1784088802741	2111757109
18017	1508	1784088802741	4123810446
18018	1508	1784088802741	1148667632
18019	1512	1784088802742	4292219241
1802	1587	1784088791804	3491484240
18020	1509	1784088802742	2740390382
18021	1507	1784088802743	1482858483
18022	1507	1784088802743	558263110
18023	1507	1784088802744	2460468542
18024	1507	1784088802744	1192387624
18025	1507	1784088802744	97894174
18026	1507	1784088802745	655631249
18027	1667	1784088802745	3293662675
18028	1670	1784088802746	2416448983
18029	1670	1784088802746	2918420735
1803	1587	1784088791804	1161881647
18030	1671	1784088802747	3274681566
18031	1670	1784088802747	2973301472
18032	1670	1784088802748	3418690357
18033	1670	1784088802749	4238392066
18034	1671	1784088802749	2713629735
18035	1669	1784088802749	3468615800
18036	1671	1784088802749	1958903438
18037	1667	1784088802751	1332479772
18038	1670	1784088802751	2606528597
18039	1670	1784088802752	1575320252
1804	1507	1784088791805	2261504293
18040	1671	1784088802753	2151138891
18041	1670	1784088802753	992427442
18042	1671	1784088802754	859570841
18043	1670	1784088802754	4165887448
18044	1671	1784088802755	100763402
18045	1669	1784088802755	1568654685
18046	1671	1784088802756	4242597509
18047	1665	1784088802756	755611915
18048	1668	1784088802757	20971233
18049	1668	1784088802757	3303275506
1805	1507	1784088791805	2481415597
18050	1669	1784088802758	3325389144
18051	1668	1784088802758	3202396169
18052	1669	1784088802759	3116511568
18053	1668	1784088802759	699881591
18054	1669	1784088802759	650493410
18055	1667	1784088802760	3997296102
18056	1669	1784088802760	2712603312
18057	1661	1784088802761	2145027518
18058	1664	1784088802761	111168994
18059	1664	1784088802762	3535370513
1806	1589	1784088791806	2419432983
18060	1665	1784088802762	1372372403
18061	1664	1784088802763	3042144130
18062	1665	1784088802763	409497510
18063	1664	1784088802764	942383113
18064	1665	1784088802764	368202417
18065	1663	1784088802764	119809571
18066	1665	1784088802765	3126252442
18067	1664	1784088802765	2009596168
18068	1667	1784088802766	487835477
18069	1667	1784088802766	3971576015
1807	1589	1784088791807	4271814599
18070	1668	1784088802766	4207245162
18071	1667	1784088802766	3294682032
18072	1668	1784088802768	1373103710
18073	1667	1784088802768	488384640
18074	1668	1784088802769	605779868
18075	1666	1784088802769	4120739473
18076	1668	1784088802770	3360805394
18077	1669	1784088802771	1384610973
18078	1672	1784088802771	1367611605
18079	1672	1784088802771	680823753
1808	1595	1784088791808	3121733823
18080	1673	1784088802772	1510928180
18081	1672	1784088802772	3257302473
18082	1673	1784088802773	3975537829
18083	1672	1784088802773	1439240041
18084	1673	1784088802774	61934171
18085	1671	1784088802774	1301881129
18086	1673	1784088802775	3380813016
18087	1508	1784088802775	3435137264
18088	1508	1784088802775	2667385064
18089	1508	1784088802776	177068074
1809	1597	1784088791809	1261494265
18090	1508	1784088802776	3172347212
18091	1508	1784088802778	2296722897
18092	1508	1784088802778	1233085302
18093	1524	1784088802778	2440201378
18094	1512	1784088802779	2405779845
18095	1520	1784088802779	2784584298
18096	1508	1784088802780	1529034312
18097	1520	1784088802780	3462157415
18098	1508	1784088802781	455634903
18099	1523	1784088802781	536958048
181	1630	1784088786360	862393173
1810	1597	1784088791809	916791720
18100	1511	1784088802781	2394276470
18101	1521	1784088802781	4008196569
18102	1509	1784088802782	2077936201
18103	1522	1784088802782	4076103373
18104	1510	1784088802783	2659108971
18105	1528	1784088802783	1905354581
18106	1516	1784088802783	1623548153
18107	1527	1784088802784	24788296
18108	1515	1784088802784	2980392225
18109	1521	1784088802785	4243453712
1811	1504	1784088791810	1910796314
18110	1509	1784088802786	3802227984
18111	1524	1784088802786	159914210
18112	1512	1784088802786	512211561
18113	1523	1784088802788	2622217916
18114	1511	1784088802788	3571273540
18115	1523	1784088802789	763753820
18116	1511	1784088802789	1600475194
18117	1524	1784088802789	791865454
18118	1512	1784088802790	3034095157
18119	1532	1784088802790	2637370205
1812	1592	1784088791810	1855607466
18120	1520	1784088802791	3477138719
18121	1530	1784088802791	516364438
18122	1518	1784088802791	273176606
18123	1531	1784088802792	2744096475
18124	1519	1784088802792	397533110
18125	1531	1784088802793	3888256314
18126	1519	1784088802793	3441136726
18127	1532	1784088802794	2815361902
18128	1520	1784088802794	1832907209
18129	1530	1784088802795	506559268
1813	1603	1784088791811	4186329044
18130	1518	1784088802795	4138827918
18131	1533	1784088802796	3018880248
18132	1521	1784088802796	3025144306
18133	1532	1784088802796	2442252574
18134	1520	1784088802798	2482789949
18135	1532	1784088802798	2775346072
18136	1520	1784088802798	2002684707
18137	1528	1784088802799	2909323155
18138	1516	1784088802799	1876021272
18139	1532	1784088802800	1159250927
1814	1603	1784088791811	2412591776
18140	1520	1784088802800	1456814240
18141	1530	1784088802801	1605686343
18142	1518	1784088802801	1711786919
18143	1531	1784088802801	1414411054
18144	1519	1784088802802	1519501257
18145	1531	1784088802802	268677327
18146	1519	1784088802803	2151412777
18147	1532	1784088802804	1824256035
18148	1520	1784088802804	1378064832
18149	1530	1784088802804	1598207989
1815	1510	1784088791812	3137646811
18150	1518	1784088802805	2164134711
18151	1533	1784088802805	3171027293
18152	1521	1784088802806	844663290
18153	1532	1784088802806	1524965971
18154	1520	1784088802806	2900375092
18155	1532	1784088802806	1847105749
18156	1520	1784088802808	1212343082
18157	1528	1784088802808	3346446110
18158	1516	1784088802809	271739840
18159	1517	1784088802809	1856608283
1816	1508	1784088791812	3242659088
18160	1505	1784088802810	2037864697
18161	1514	1784088802810	3169972808
18162	1503	1784088802811	3960768392
18163	1517	1784088802811	815797579
18164	1504	1784088802812	86673927
18165	1526	1784088802813	424208112
18166	1511	1784088802813	1391934749
18167	1531	1784088802814	1099079026
18168	1513	1784088802814	1872259144
18169	1519	1784088802815	278734653
1817	1507	1784088791813	150956642
18170	1507	1784088802815	4258213684
18171	1517	1784088802816	3705127786
18172	1506	1784088802816	1271116940
18173	1524	1784088802818	3899442038
18174	1505	1784088802818	1455354899
18175	1519	1784088802819	3451284199
18176	1505	1784088802819	2301887250
18177	1519	1784088802820	4267093740
18178	1506	1784088802820	3636174482
18179	1521	1784088802821	318139947
1818	1509	1784088791813	3247279565
18180	1509	1784088802821	1212464548
18181	1518	1784088802821	2506403732
18182	1507	1784088802821	110973647
18183	1521	1784088802822	2487455562
18184	1508	1784088802822	3518260481
18185	1529	1784088802823	3142467005
18186	1514	1784088802823	1799481720
18187	1534	1784088802824	676768595
18188	1516	1784088802824	3390894392
18189	1522	1784088802824	1589096177
1819	1509	1784088791814	3135454168
18190	1510	1784088802825	42014588
18191	1520	1784088802825	2399993850
18192	1509	1784088802826	2398774274
18193	1527	1784088802826	4025045318
18194	1508	1784088802826	363367806
18195	1522	1784088802828	710329030
18196	1508	1784088802828	3910562431
18197	1522	1784088802829	3366714821
18198	1509	1784088802829	1404871770
18199	1515	1784088802830	2362000590
182	1533	1784088786360	2548647473
1820	1513	1784088791814	4127460993
18200	1500	1784088802831	788538581
18201	1836	1784088802831	3780952555
18202	1688	1784088802831	179111842
18203	1513	1784088802832	3394732141
18204	1687	1784088802832	824538962
18205	1512	1784088802833	1241454642
18206	1688	1784088802834	898055237
18207	1514	1784088802835	3727256998
18208	1695	1784088802835	4020171669
18209	1513	1784088802835	2318455726
1821	1509	1784088791815	4281632653
18210	1692	1784088802836	2405080982
18211	1511	1784088802836	110293899
18212	1689	1784088802838	3095781396
18213	1513	1784088802839	2007930629
18214	1692	1784088802839	1413693066
18215	1510	1784088802840	786614942
18216	1688	1784088802840	1768592383
18217	1511	1784088802841	1155316942
18218	1628	1784088802841	3908653401
18219	1513	1784088802841	1142286137
1822	1509	1784088791815	1350756199
18220	1627	1784088802843	1356478772
18221	1512	1784088802844	1452921479
18222	1628	1784088802844	957210498
18223	1514	1784088802845	2072454058
18224	1635	1784088802845	3438461576
18225	1513	1784088802846	3549292466
18226	1632	1784088802846	2454871035
18227	1511	1784088802847	1800845243
18228	1629	1784088802847	2181835424
18229	1513	1784088802847	2534434126
1823	1529	1784088791816	3235478993
18230	1632	1784088802848	4126928737
18231	1510	1784088802848	880772092
18232	1628	1784088802849	3363031386
18233	1511	1784088802849	907009209
18234	1693	1784088802850	3511267559
18235	1513	1784088802850	1465058436
18236	1692	1784088802851	841241679
18237	1512	1784088802851	3725199450
18238	1693	1784088802851	3987658546
18239	1514	1784088802853	597277771
1824	1521	1784088791816	3203201541
18240	1700	1784088802853	185170249
18241	1513	1784088802854	787400366
18242	1697	1784088802854	1588039630
18243	1511	1784088802856	2759117239
18244	1694	1784088802856	1606380024
18245	1513	1784088802857	1504685261
18246	1697	1784088802857	620640603
18247	1510	1784088802857	1535620476
18248	1693	1784088802858	1273838163
18249	1511	1784088802858	3794005420
1825	1514	1784088791817	1363985985
18250	1692	1784088802858	3440655335
18251	1512	1784088802859	54698089
18252	1691	1784088802859	560223378
18253	1511	1784088802860	3559641875
18254	1692	1784088802860	1892085250
18255	1513	1784088802860	2413220298
18256	1699	1784088802861	426867560
18257	1512	1784088802861	2523596884
18258	1696	1784088802861	3737082507
18259	1510	1784088802863	758506643
1826	1505	1784088791817	2828093059
18260	1693	1784088802863	1504940793
18261	1512	1784088802864	1311430095
18262	1696	1784088802865	1757460591
18263	1509	1784088802865	1134577855
18264	1692	1784088802865	1252489631
18265	1510	1784088802866	3884266242
18266	1691	1784088802867	1047627927
18267	1511	1784088802867	3028822213
18268	1690	1784088802868	72547726
18269	1510	1784088802868	2386153032
1827	1514	1784088791818	579568501
18270	1691	1784088802868	3993195158
18271	1512	1784088802869	1968475432
18272	1698	1784088802870	805000361
18273	1511	1784088802870	1304165094
18274	1695	1784088802871	1995074219
18275	1509	1784088802871	3990248618
18276	1692	1784088802871	1602996415
18277	1511	1784088802873	3445309728
18278	1695	1784088802873	4196408701
18279	1508	1784088802874	1529389279
1828	1505	1784088791818	856379909
18280	1691	1784088802874	3025299611
18281	1509	1784088802875	1160758299
18282	1693	1784088802875	2036650955
18283	1513	1784088802876	2463542341
18284	1692	1784088802876	1534017144
18285	1512	1784088802877	1562967912
18286	1693	1784088802877	2024786257
18287	1514	1784088802877	955189077
18288	1700	1784088802878	1120362161
18289	1513	1784088802878	3534880646
1829	1514	1784088791819	30586926
18290	1697	1784088802879	1904307441
18291	1511	1784088802880	765343984
18292	1694	1784088802880	2680317947
18293	1513	1784088802881	791657261
18294	1697	1784088802882	198761060
18295	1510	1784088802882	1808072003
18296	1693	1784088802883	2488565777
18297	1511	1784088802883	1875933109
18298	1694	1784088802884	570426878
18299	1514	1784088802884	3826438801
183	1630	1784088786361	1363281079
1830	1505	1784088791819	2305908897
18300	1693	1784088802884	3851694574
18301	1513	1784088802885	1230379947
18302	1694	1784088802885	1322433717
18303	1515	1784088802886	774097517
18304	1701	1784088802886	86286207
18305	1514	1784088802887	4250015811
18306	1698	1784088802887	2174236469
18307	1512	1784088802887	1705727380
18308	1695	1784088802888	1619779377
18309	1514	1784088802888	2917879608
1831	1529	1784088791820	183669561
18310	1698	1784088802888	3642459511
18311	1511	1784088802889	3891420882
18312	1694	1784088802890	3338889332
18313	1512	1784088802890	3572857146
18314	1686	1784088802891	1335664949
18315	1511	1784088802891	2986183406
18316	1685	1784088802891	2514352788
18317	1510	1784088802893	446816762
18318	1686	1784088802893	1920111822
18319	1512	1784088802894	425814657
1832	1521	1784088791821	2208298584
18320	1693	1784088802894	4218029762
18321	1511	1784088802894	1964455561
18322	1690	1784088802895	1716487540
18323	1509	1784088802896	2794128625
18324	1687	1784088802896	3491887548
18325	1511	1784088802896	4126641487
18326	1690	1784088802897	1510327985
18327	1508	1784088802897	570194450
18328	1686	1784088802897	2856593696
18329	1509	1784088802898	2277692559
1833	1704	1784088791821	286314794
18330	1474	1784088802899	1408906754
18331	1709	1784088802900	596276740
18332	1723	1784088802900	4056564042
18333	1575	1784088802901	44994713
18334	1582	1784088802901	585850961
18335	1575	1784088802901	2131377701
18336	1486	1784088802903	1177859164
18337	1474	1784088802903	2120699461
18338	1531	1784088802903	1301002905
18339	1573	1784088802904	1834399351
1834	1519	1784088791822	1219704396
18340	1651	1784088802904	2118079098
18341	1780	1784088802905	2385545685
18342	1771	1784088802905	252551403
18343	1479	1784088802906	4277839548
18344	1480	1784088802906	2071421494
18345	1468	1784088802906	365154779
18346	1585	1784088802907	2817559732
18347	1633	1784088802907	1710937007
18348	1522	1784088802907	2398625267
18349	1787	1784088802908	1676170039
1835	1703	1784088791823	3675453206
18350	1604	1784088802908	1653115877
18351	1786	1784088802908	3877041453
18352	1601	1784088802909	1763702720
18353	1780	1784088802909	4213700544
18354	1596	1784088802910	3678727523
18355	1798	1784088802910	230651452
18356	1600	1784088802911	2178692778
18357	1680	1784088802911	3165588398
18358	1622	1784088802911	3184464117
18359	1746	1784088802913	166974514
1836	1518	1784088791823	3177618985
18360	1561	1784088802913	2084366375
18361	1756	1784088802914	1271742770
18362	1570	1784088802914	1535013001
18363	1745	1784088802914	173862628
18364	1560	1784088802915	4006414440
18365	1785	1784088802915	2059816565
18366	1604	1784088802916	601365241
18367	1794	1784088802916	1901480755
18368	1612	1784088802917	2321666653
18369	1792	1784088802917	751629094
1837	1634	1784088791824	2544805782
18370	1608	1784088802917	3383784968
18371	1798	1784088802918	3022760781
18372	1588	1784088802918	957333889
18373	1656	1784088802918	3354663912
18374	1599	1784088802919	3610354015
18375	1649	1784088802919	1658773624
18376	1546	1784088802920	4159534391
18377	1652	1784088802920	910352629
18378	1546	1784088802921	3191408301
18379	1649	1784088802921	1523493693
1838	1519	1784088791825	1756894007
18380	1546	1784088802921	561655405
18381	1647	1784088802921	572881522
18382	1546	1784088802923	4128106014
18383	1647	1784088802923	1704280869
18384	1546	1784088802924	1424275658
18385	1651	1784088802924	2028992953
18386	1546	1784088802924	2207477945
18387	1657	1784088802925	218154712
18388	1546	1784088802925	3393651491
18389	1651	1784088802926	3752878619
1839	1591	1784088791825	2013360325
18390	1546	1784088802926	1167558090
18391	1589	1784088802927	4292484351
18392	1546	1784088802927	2464173497
18393	1592	1784088802927	3282238387
18394	1546	1784088802928	805901165
18395	1589	1784088802928	2900754402
18396	1546	1784088802928	3883850526
18397	1587	1784088802929	1956724412
18398	1546	1784088802929	2930419844
18399	1587	1784088802930	1616026131
184	1533	1784088786361	1415687019
1840	1595	1784088791827	2074016708
18400	1546	1784088802930	2443475510
18401	1548	1784088802931	1113766171
18402	1546	1784088802931	1188278853
18403	1597	1784088802931	891435323
18404	1546	1784088802933	3829066897
18405	1591	1784088802933	4204156148
18406	1546	1784088802934	860693730
18407	1653	1784088802934	1653297953
18408	1546	1784088802935	2056869752
18409	1656	1784088802935	2212555409
1841	1670	1784088791828	2717065736
18410	1546	1784088802936	4115255697
18411	1653	1784088802936	2616341439
18412	1546	1784088802936	574495202
18413	1651	1784088802937	1503440081
18414	1546	1784088802937	2161592118
18415	1651	1784088802937	2599810159
18416	1546	1784088802937	1470140229
18417	1655	1784088802938	731066349
18418	1546	1784088802938	510983391
18419	1661	1784088802939	1404084838
1842	1687	1784088791828	2182538889
18420	1546	1784088802939	1484729720
18421	1655	1784088802939	1362757956
18422	1546	1784088802940	2399724811
18423	1653	1784088802940	1612743877
18424	1546	1784088802941	769768415
18425	1656	1784088802941	1276058146
18426	1546	1784088802943	4204164012
18427	1653	1784088802943	2621685657
18428	1546	1784088802944	3007447094
18429	1651	1784088802944	4254097374
1843	1598	1784088791829	3092840920
18430	1546	1784088802945	1016235743
18431	1651	1784088802945	3843090022
18432	1546	1784088802946	3957673644
18433	1655	1784088802946	702955225
18434	1546	1784088802946	1225527416
18435	1661	1784088802947	4168093682
18436	1546	1784088802947	2658916363
18437	1655	1784088802947	3884046777
18438	1546	1784088802948	3618614161
18439	1653	1784088802948	1321703853
1844	1520	1784088791829	1656023964
18440	1546	1784088802949	3647197931
18441	1656	1784088802949	909928670
18442	1546	1784088802949	236198552
18443	1653	1784088802950	2850234815
18444	1546	1784088802950	2902279244
18445	1651	1784088802951	21353586
18446	1546	1784088802951	2072677439
18447	1651	1784088802951	1884833789
18448	1546	1784088802953	845086629
18449	1655	1784088802953	3987144879
1845	1511	1784088791829	457299213
18450	1546	1784088802953	3180230988
18451	1661	1784088802954	720672632
18452	1546	1784088802954	1794748735
18453	1655	1784088802955	808862077
18454	1546	1784088802955	3356553195
18455	1653	1784088802956	1710640120
18456	1546	1784088802956	526854040
18457	1656	1784088802957	2370873678
18458	1546	1784088802957	1454593026
18459	1653	1784088802957	3610454809
1846	1597	1784088791830	2838859074
18460	1546	1784088802958	280528293
18461	1651	1784088802958	1129557186
18462	1546	1784088802959	3352251862
18463	1651	1784088802959	843988813
18464	1546	1784088802960	1696994050
18465	1655	1784088802960	2146659597
18466	1546	1784088802961	2991709041
18467	1661	1784088802961	2342283583
18468	1546	1784088802961	4219840747
18469	1655	1784088802962	474389570
1847	1554	1784088791830	1655816582
18470	1546	1784088802962	1951739394
18471	1653	1784088802963	3173207703
18472	1546	1784088802963	2736973425
18473	1656	1784088802964	868049977
18474	1546	1784088802964	30128293
18475	1653	1784088802965	1094743499
18476	1546	1784088802965	3602673878
18477	1651	1784088802965	4123225868
18478	1546	1784088802966	2674393932
18479	1651	1784088802966	2301798289
1848	1479	1784088791831	2574740232
18480	1546	1784088802967	2829196
18481	1655	1784088802967	3028465018
18482	1546	1784088802967	3613189119
18483	1661	1784088802968	1324096347
18484	1546	1784088802968	1974844715
18485	1655	1784088802969	2061849114
18486	1546	1784088802969	2730653016
18487	1649	1784088802970	3784925192
18488	1546	1784088802970	3944089282
18489	1652	1784088802970	3693873627
1849	1592	1784088791831	3497973105
18490	1546	1784088802971	1690730539
18491	1649	1784088802971	1434585229
18492	1546	1784088802972	3014740056
18493	1647	1784088802972	2797006073
18494	1546	1784088802973	290985612
18495	1647	1784088802973	474520454
18496	1546	1784088802974	3325026047
18497	1651	1784088802974	3337057287
18498	1546	1784088802975	2415635813
18499	1657	1784088802975	1005376232
185	1630	1784088786361	2716662585
1850	1520	1784088791832	188827858
18500	1546	1784088802976	3648168406
18501	1651	1784088802976	1979663599
18502	1546	1784088802977	235235749
18503	1473	1784088802977	4037460614
18504	1472	1784088802977	1803809248
18505	1462	1784088802978	1828959571
18506	1474	1784088802979	1690908495
18507	1461	1784088802979	3063580766
18508	1811	1784088802979	1643035796
18509	1813	1784088802980	2457897924
1851	1519	1784088791832	1308225021
18510	1645	1784088802980	2630293119
18511	1608	1784088802981	2436741468
18512	1612	1784088802981	3058399472
18513	1613	1784088802981	2372009559
18514	1611	1784088802981	2339106555
18515	1612	1784088802983	73961049
18516	1611	1784088802983	203263
18517	1612	1784088802984	3101584335
18518	1611	1784088802984	3225923212
18519	1612	1784088802984	2331475835
1852	1593	1784088791833	409485898
18520	1613	1784088802985	2531945269
18521	1610	1784088802985	214294924
18522	1614	1784088802986	725088343
18523	1615	1784088802986	1999432193
18524	1613	1784088802987	1894249335
18525	1614	1784088802987	2447221935
18526	1613	1784088802987	346993499
18527	1614	1784088802987	637565944
18528	1613	1784088802988	2432318071
18529	1614	1784088802988	906162675
1853	1512	1784088791833	3351293422
18530	1615	1784088802989	849308030
18531	1610	1784088802989	3543444101
18532	1614	1784088802990	1851939280
18533	1615	1784088802990	4172768814
18534	1613	1784088802990	4195944219
18535	1614	1784088802991	2139551054
18536	1613	1784088802991	3807191919
18537	1614	1784088802992	3395183317
18538	1613	1784088802992	1831642872
18539	1614	1784088802993	3935401176
1854	1468	1784088791834	2448444422
18540	1615	1784088802993	4111418504
18541	1608	1784088802993	1577554813
18542	1612	1784088802994	385531161
18543	1613	1784088802994	3032805873
18544	1611	1784088802995	1672903259
18545	1612	1784088802995	1065104751
18546	1611	1784088802995	140219034
18547	1612	1784088802996	2840508425
18548	1611	1784088802996	333551009
18549	1612	1784088802997	1966644542
1855	1592	1784088791834	1785449239
18550	1613	1784088802997	244568250
18551	1609	1784088802998	2776188086
18552	1613	1784088802998	1230989708
18553	1614	1784088802999	1984042070
18554	1612	1784088802999	14973782
18555	1613	1784088803000	3463484964
18556	1612	1784088803000	1436710379
18557	1613	1784088803001	267787427
18558	1612	1784088803001	3856877225
18559	1613	1784088803002	693589856
1856	1587	1784088791835	915158734
18560	1614	1784088803002	360496412
18561	1610	1784088803002	3216944494
18562	1614	1784088803003	2429351363
18563	1615	1784088803003	778121534
18564	1613	1784088803004	2813493510
18565	1614	1784088803004	1602396157
18566	1613	1784088803005	2142652031
18567	1614	1784088803005	3502771937
18568	1613	1784088803006	3871279223
18569	1614	1784088803006	2431726706
1857	1506	1784088791835	3491029837
18570	1615	1784088803006	53772789
18571	1498	1784088803007	1166069772
18572	1498	1784088803007	501507204
18573	1498	1784088803008	533911897
18574	1498	1784088803008	2084281626
18575	1498	1784088803009	2114789575
18576	1498	1784088803009	2018961056
18577	1466	1784088803009	420054526
18578	1466	1784088803010	3869504172
18579	1466	1784088803010	414336420
1858	1520	1784088791835	275553484
18580	1490	1784088803011	3489954263
18581	1490	1784088803011	564856009
18582	1486	1784088803011	88256274
18583	1486	1784088803012	2072474607
18584	1486	1784088803012	3225581709
18585	1486	1784088803013	3196560496
18586	1457	1784088803013	2247577377
18587	1457	1784088803014	3370327985
18588	1561	1784088803014	4154633896
18589	1561	1784088803014	512927151
1859	1527	1784088791836	1861011343
18590	1565	1784088803015	1993951445
18591	1565	1784088803015	3788239778
18592	1565	1784088803016	1736477132
18593	1565	1784088803016	4036113083
18594	1455	1784088803016	1399879428
18595	1455	1784088803017	3740233889
18596	1563	1784088803017	1689259725
18597	1563	1784088803018	3156453554
18598	1541	1784088803018	1789614420
18599	1541	1784088803019	4050519873
186	1533	1784088786363	1378426963
1860	1523	1784088791836	240576568
18600	1561	1784088803019	3702391020
18601	1561	1784088803020	899550187
18602	1457	1784088803020	2667278597
18603	1457	1784088803021	3555664277
18604	1561	1784088803021	3740656759
18605	1561	1784088803022	935718768
18606	1455	1784088803022	1981403258
18607	1455	1784088803022	4219918303
18608	1579	1784088803023	1097637556
18609	1579	1784088803023	2652595998
1861	1626	1784088791837	2696263865
18610	1579	1784088803024	2026403183
18611	1579	1784088803024	2814348485
18612	1495	1784088803025	2570827088
18613	1494	1784088803025	3592726055
18614	1484	1784088803025	3920995643
18615	1496	1784088803026	907321910
18616	1483	1784088803026	2120163993
18617	1488	1784088803027	3155700331
18618	1477	1784088803027	50561349
18619	1491	1784088803027	3825123952
1862	1520	1784088791838	2035392618
18620	1465	1784088803028	681333281
18621	1478	1784088803028	3328504666
18622	1488	1784088803029	3894915944
18623	1484	1784088803029	1346057540
18624	1490	1784088803030	788608909
18625	1483	1784088803030	2006523544
18626	1479	1784088803030	2577741117
18627	1482	1784088803031	1043515593
18628	1489	1784088803031	371800637
18629	1481	1784088803032	3915100687
1863	1592	1784088791839	2598907114
18630	1476	1784088803032	2166435861
18631	1483	1784088803032	180770398
18632	1495	1784088803033	376573251
18633	1482	1784088803033	790615621
18634	1471	1784088803034	716458229
18635	1507	1784088803034	4225118233
18636	1468	1784088803035	3667668707
18637	1458	1784088803035	1627945412
18638	1458	1784088803036	847693775
18639	1481	1784088803036	2948072035
1864	1502	1784088791839	3006134730
18640	1568	1784088803037	1073103624
18641	1564	1784088803037	603413049
18642	1565	1784088803038	3534305271
18643	1623	1784088803038	3411187530
18644	1535	1784088803039	3880680212
18645	1536	1784088803039	1246222237
18646	1505	1784088803039	1014003589
18647	1672	1784088803040	781682611
18648	1556	1784088803040	2681319322
18649	1522	1784088803041	4257915507
1865	1593	1784088791840	2967655859
18650	1545	1784088803041	2293617329
18651	1526	1784088803041	3024598722
18652	1522	1784088803042	641306980
18653	1517	1784088803042	2354271986
18654	1517	1784088803043	2148640841
18655	1517	1784088803043	1306649217
18656	1517	1784088803044	3229629336
18657	1517	1784088803044	225472848
18658	1517	1784088803044	3624257262
18659	1517	1784088803045	368413734
1866	1504	1784088791840	558620239
18660	1517	1784088803045	1708410610
18661	1602	1784088803046	2904515728
18662	1606	1784088803046	1418111259
18663	1606	1784088803047	2391252980
18664	1636	1784088803047	967118890
18665	1690	1784088803047	305895319
18666	1508	1784088803048	3317982707
18667	1584	1784088803048	2111633657
18668	1481	1784088803048	4079829271
18669	1548	1784088803049	722326942
1867	1553	1784088791841	2709965815
18670	1548	1784088803049	2182833631
18671	1544	1784088803050	144049972
18672	1544	1784088803051	2911529306
18673	1556	1784088803052	2642108585
18674	1544	1784088803052	2243366542
18675	1665	1784088803053	3418484499
18676	1533	1784088803053	1818508621
18677	1555	1784088803054	131442937
18678	1554	1784088803054	1098679910
18679	1551	1784088803055	4233151399
1868	1465	1784088791841	1379872934
18680	1545	1784088803055	2542231038
18681	1506	1784088803056	2713627150
18682	1486	1784088803057	3935443037
18683	1503	1784088803057	1695991622
18684	1468	1784088803058	946790361
18685	1541	1784088803058	3693358412
18686	1542	1784088803059	3067281416
18687	1555	1784088803059	2242864841
18688	1553	1784088803060	574756958
18689	1558	1784088803060	3671943470
1869	1525	1784088791842	247308172
18690	1557	1784088803061	3558279082
18691	1680	1784088803061	1365649102
18692	1551	1784088803062	1578370112
18693	1693	1784088803062	2185249163
18694	1562	1784088803063	3070711114
18695	1564	1784088803063	2174347271
18696	1550	1784088803064	299932879
18697	1563	1784088803064	17787853
18698	1549	1784088803065	3298973862
18699	1553	1784088803065	683280469
187	1600	1784088786363	251308999
1870	1521	1784088791842	3356516588
18700	1539	1784088803066	4033885776
18701	1536	1784088803066	4099147291
18702	1561	1784088803066	267229705
18703	1470	1784088803067	2055397866
18704	1477	1784088803067	3865267992
18705	1753	1784088803068	3822057052
18706	1745	1784088803068	4128225840
18707	1732	1784088803069	3428850980
18708	1729	1784088803069	1580924737
18709	1742	1784088803070	2329815212
1871	1509	1784088791843	2181544594
18710	1479	1784088803070	330479763
18711	1489	1784088803070	3328324023
18712	1481	1784088803071	349172538
18713	1481	1784088803071	2704309163
18714	1476	1784088803072	1103698490
18715	1659	1784088803072	357609984
18716	1637	1784088803073	794934009
18717	1615	1784088803073	2787109817
18718	1571	1784088803073	2393296036
18719	1651	1784088803074	957299974
1872	1505	1784088791844	2707649727
18720	1631	1784088803074	2316446711
18721	1611	1784088803075	1570954302
18722	1571	1784088803075	3513070943
18723	1655	1784088803076	2952587197
18724	1634	1784088803076	3432431415
18725	1613	1784088803077	1477594076
18726	1571	1784088803077	3279449019
18727	1659	1784088803077	2182302635
18728	1637	1784088803078	4235785612
18729	1615	1784088803078	1092475899
1873	1510	1784088791844	1123226783
18730	1571	1784088803079	2081743189
18731	1660	1784088803079	916017334
18732	1638	1784088803080	3554044999
18733	1616	1784088803080	4262757468
18734	1572	1784088803081	4026902316
18735	1653	1784088803082	2580518038
18736	1632	1784088803082	1940992779
18737	1611	1784088803083	1962914182
18738	1569	1784088803083	2988502221
18739	1665	1784088803084	2390231862
1874	1507	1784088791845	1197468443
18740	1666	1784088803084	3237156524
18741	1669	1784088803085	6549306
18742	1656	1784088803085	3893348906
18743	1658	1784088803086	2530806372
18744	1581	1784088803086	508116204
18745	1578	1784088803087	4273499943
18746	1582	1784088803087	2866565071
18747	1721	1784088803088	2208237379
18748	1462	1784088803088	1019343887
18749	1462	1784088803088	1041309474
1875	1509	1784088791845	1681151172
18750	1460	1784088803089	3031332021
18751	1465	1784088803090	3394135907
18752	1458	1784088803090	3703469858
18753	1458	1784088803091	754774070
18754	1463	1784088803091	4251282094
18755	1735	1784088803092	2397239187
18756	1504	1784088803092	2570558237
18757	1696	1784088803093	3889547488
18758	1476	1784088803093	2803894076
18759	1644	1784088803094	2530375232
1876	1506	1784088791846	1841794962
18760	1644	1784088803094	2634685576
18761	1619	1784088803094	297062271
18762	1663	1784088803095	3544909552
18763	1468	1784088803095	1550665079
18764	1481	1784088803096	3185012151
18765	1523	1784088803096	661744184
18766	1543	1784088803097	3910523483
18767	1648	1784088803097	2377321913
18768	1602	1784088803098	4236913161
18769	1467	1784088803098	725253418
1877	1510	1784088791846	2740361994
18770	1467	1784088803099	2606254742
18771	1467	1784088803099	66975746
18772	1467	1784088803099	66506684
18773	1467	1784088803100	1221859069
18774	1467	1784088803100	2748198018
18775	1467	1784088803101	1536877924
18776	1544	1784088803101	555344553
18777	1557	1784088803101	1451796918
18778	1593	1784088803102	103564129
18779	1595	1784088803102	251204506
1878	1507	1784088791846	1535894851
18780	1591	1784088803103	4131884573
18781	1592	1784088803103	377754962
18782	1618	1784088803103	1960820709
18783	1616	1784088803104	2447007415
18784	1476	1784088803104	1048232277
18785	1476	1784088803105	3741230573
18786	1551	1784088803105	530487108
18787	1546	1784088803106	4256857697
18788	1796	1784088803107	30596523
18789	1482	1784088803107	1231148611
1879	1511	1784088791847	1951175624
18790	1491	1784088803108	219098954
18791	1537	1784088803108	1433625411
18792	1544	1784088803108	1072260426
18793	1552	1784088803109	3580992942
18794	1544	1784088803109	2640692991
18795	1724	1784088803110	3038038385
18796	1556	1784088803110	4050126166
18797	1577	1784088803110	3008325532
18798	1579	1784088803111	2498735029
18799	1582	1784088803111	1139353869
188	1505	1784088786364	626419119
1880	1508	1784088791847	496246455
18800	1507	1784088803112	861278620
18801	1456	1784088803112	2787865254
18802	1456	1784088803112	2840804819
18803	1545	1784088803113	2662180941
18804	1533	1784088803114	2817813745
18805	1529	1784088803114	3732321935
18806	1556	1784088803114	317445881
18807	1562	1784088803115	3784289762
18808	1603	1784088803115	3807992579
18809	1480	1784088803116	561728879
1881	1503	1784088791848	4069346350
18810	1478	1784088803116	3248548570
18811	1482	1784088803117	2406322885
18812	1478	1784088803117	1737710408
18813	1479	1784088803118	858729403
18814	1477	1784088803118	1205874159
18815	1531	1784088803119	2782602783
18816	1531	1784088803119	1288217922
18817	1638	1784088803119	1383312377
18818	1643	1784088803120	3083272982
18819	1643	1784088803120	1070461207
1882	1500	1784088791848	996312030
18820	1640	1784088803121	773852034
18821	1642	1784088803121	892318761
18822	1643	1784088803122	334514716
18823	1640	1784088803122	1385502148
18824	1641	1784088803123	339947007
18825	1641	1784088803123	2851493054
18826	1639	1784088803124	486052467
18827	1642	1784088803124	90175678
18828	1641	1784088803124	3930917165
18829	1526	1784088803125	185330988
1883	1515	1784088791849	1243097396
18830	1603	1784088803125	1344805149
18831	1512	1784088803126	2465747708
18832	1602	1784088803126	3817963955
18833	1512	1784088803127	3428543514
18834	1547	1784088803127	4028871660
18835	1460	1784088803128	4175177180
18836	1465	1784088803129	2937123843
18837	1470	1784088803129	1259519980
18838	1465	1784088803129	2856125207
18839	1478	1784088803130	3084908687
1884	1507	1784088791849	2217937672
18840	1461	1784088803130	2697078719
18841	1470	1784088803131	733058157
18842	1470	1784088803131	1735523958
18843	1470	1784088803131	3848442194
18844	1470	1784088803132	3022382090
18845	1470	1784088803132	2824725095
18846	1470	1784088803133	517937958
18847	1470	1784088803133	2312437289
18848	1470	1784088803133	2917332553
18849	1470	1784088803134	4192681561
1885	1515	1784088791850	4168776552
18850	1470	1784088803134	1981228960
18851	1470	1784088803135	1393837409
18852	1470	1784088803135	2693004366
18853	1470	1784088803135	4193172045
18854	1470	1784088803136	1456218685
18855	1470	1784088803136	2968958730
18856	1470	1784088803137	845653236
18857	1470	1784088803137	294458763
18858	1470	1784088803137	3439393172
18859	1470	1784088803138	2396198499
1886	1507	1784088791850	1537671541
18860	1470	1784088803138	1736175171
18861	1470	1784088803139	591972006
18862	1470	1784088803139	1606170736
18863	1470	1784088803139	3323521548
18864	1470	1784088803140	2100030715
18865	1470	1784088803140	4131432791
18866	1470	1784088803141	3359756541
18867	1470	1784088803141	478248139
18868	1470	1784088803141	1822277788
18869	1470	1784088803142	3066396976
1887	1506	1784088791851	831456835
18870	1470	1784088803142	3612430333
18871	1470	1784088803143	2383139607
18872	1470	1784088803143	3713759782
18873	1470	1784088803143	1641264828
18874	1470	1784088803144	2191279146
18875	1470	1784088803144	3692152123
18876	1470	1784088803145	3931527260
18877	1470	1784088803145	692114317
18878	1470	1784088803146	3524810321
18879	1470	1784088803146	1925701761
1888	1502	1784088791852	3998410162
18880	1470	1784088803146	280134664
18881	1470	1784088803147	1325517660
18882	1470	1784088803147	1566792817
18883	1470	1784088803148	1897403448
18884	1470	1784088803148	4278597173
18885	1470	1784088803149	3612999694
18886	1470	1784088803149	4204657368
18887	1470	1784088803150	1978014703
18888	1470	1784088803150	905570716
18889	1470	1784088803150	3682965606
1889	1510	1784088791852	371253089
18890	1470	1784088803151	2792486408
18891	1470	1784088803151	3530967584
18892	1470	1784088803152	507813620
18893	1470	1784088803152	2025549797
18894	1470	1784088803153	3552479719
18895	1470	1784088803153	563446359
18896	1470	1784088803154	3194824102
18897	1470	1784088803154	1360543984
18898	1470	1784088803154	2201656220
18899	1470	1784088803155	2321160154
189	1604	1784088786365	196981989
1890	1506	1784088791853	196151785
18900	1470	1784088803155	2608015335
18901	1470	1784088803156	2231058947
18902	1470	1784088803156	2285361217
18903	1470	1784088803157	722996504
18904	1470	1784088803157	1728124582
18905	1470	1784088803157	656579288
18906	1470	1784088803158	3850937238
18907	1470	1784088803158	1859402963
18908	1470	1784088803159	1747905863
18909	1470	1784088803159	1497108737
1891	1507	1784088791853	1986280043
18910	1470	1784088803160	1755649417
18911	1470	1784088803160	371014217
18912	1470	1784088803161	4213476873
18913	1470	1784088803161	2083410202
18914	1470	1784088803161	3098856015
18915	1470	1784088803162	463150870
18916	1470	1784088803162	2151990933
18917	1470	1784088803163	2759420433
18918	1470	1784088803163	1717209953
18919	1470	1784088803164	1044306382
1892	1498	1784088791854	3315419458
18920	1470	1784088803164	1353941722
18921	1470	1784088803165	4274193273
18922	1470	1784088803165	1480638500
18923	1470	1784088803166	114114869
18924	1470	1784088803166	608318320
18925	1470	1784088803167	674959105
18926	1470	1784088803167	1516291748
18927	1470	1784088803168	680438066
18928	1470	1784088803168	2611733139
18929	1470	1784088803168	3735422003
1893	1596	1784088791854	3878667444
18930	1470	1784088803169	3204780055
18931	1470	1784088803169	1762333165
18932	1470	1784088803170	1533801208
18933	1470	1784088803170	2592345612
18934	1470	1784088803170	3294976139
18935	1470	1784088803171	26869988
18936	1470	1784088803171	2803483577
18937	1518	1784088803172	2229562186
18938	1518	1784088803172	2114676109
18939	1518	1784088803172	3950632773
1894	1502	1784088791855	3739399553
18940	1518	1784088803173	1401684577
18941	1518	1784088803173	3338582185
18942	1518	1784088803174	2719510960
18943	1518	1784088803174	929745784
18944	1518	1784088803175	1809179522
18945	1518	1784088803175	4272380234
18946	1518	1784088803176	2587988051
18947	1518	1784088803177	255011483
18948	1518	1784088803177	591380903
18949	1518	1784088803177	3058531183
1895	1602	1784088791855	2727219120
18950	1518	1784088803178	3332782681
18951	1518	1784088803178	1406435473
18952	1518	1784088803179	926042504
18953	1518	1784088803179	2722165568
18954	1518	1784088803179	4278180794
18955	1518	1784088803180	1804427634
18956	1518	1784088803180	258713707
18957	1518	1784088803181	2585334435
18958	1518	1784088803181	3054893471
18959	1518	1784088803181	593970007
1896	1507	1784088791856	825971771
18960	1518	1784088803182	2729014352
18961	1518	1784088803182	937152152
18962	1518	1784088803183	1396508545
18963	1518	1784088803183	3327114569
18964	1518	1784088803184	2599458227
18965	1518	1784088803184	260190075
18966	1518	1784088803184	1801774690
18967	1518	1784088803185	4262878378
18968	1518	1784088803185	3524966294
18969	1518	1784088803186	1198001502
1897	1639	1784088791856	446466275
18970	1518	1784088803186	931351656
18971	1518	1784088803186	2733766304
18972	1518	1784088803187	3323412409
18973	1518	1784088803187	1399162225
18974	1518	1784088803188	265989515
18975	1518	1784088803188	2594707267
18976	1518	1784088803188	4266581594
18977	1518	1784088803189	1799120018
18978	1518	1784088803189	1194364846
18979	1518	1784088803190	3527554406
1898	1508	1784088791857	3785242073
18980	1518	1784088803191	415251460
18981	1518	1784088803192	2377287372
18982	1518	1784088803192	3914616789
18983	1518	1784088803192	2082927901
18984	1518	1784088803193	546954727
18985	1518	1784088803193	3052103471
18986	1518	1784088803194	3507334710
18987	1518	1784088803194	1149179134
18988	1518	1784088803195	1752432578
18989	1518	1784088803195	4244718858
1899	1644	1784088791857	2998400675
18990	1518	1784088803195	2380923964
18991	1518	1784088803196	412663540
18992	1518	1784088803196	2088663021
18993	1518	1784088803197	3909930277
18994	1518	1784088803197	3048465887
18995	1518	1784088803197	549543703
18996	1518	1784088803198	1143445006
18997	1518	1784088803198	3512020166
18998	1518	1784088803199	4250519546
18999	1518	1784088803199	1747680562
19	1506	1784088786184	3017319355
190	1508	1784088786365	3271486488
1900	1512	1784088791858	1823372217
19000	1518	1784088803200	3799021786
19001	1518	1784088803200	1996669458
19002	1518	1784088803201	333712139
19003	1518	1784088803201	2258022851
19004	1518	1784088803202	3660159289
19005	1518	1784088803202	802792129
19006	1518	1784088803203	2648477219
19007	1518	1784088803203	145634539
19008	1518	1784088803203	614653911
19009	1518	1784088803204	2983224607
1901	1642	1784088791858	2116645815
19010	1518	1784088803204	3241878569
19011	1518	1784088803205	1414110945
19012	1518	1784088803205	816797688
19013	1518	1784088803205	2782784816
19014	1518	1784088803206	4183999946
19015	1518	1784088803206	1813020418
19016	1518	1784088803207	150386203
19017	1518	1784088803207	2642676947
19018	1518	1784088803208	2978539503
19019	1518	1784088803208	620387623
1902	1509	1784088791859	3410284427
19020	1518	1784088803209	2771675680
19021	1518	1784088803209	809947368
19022	1518	1784088803210	1419778545
19023	1518	1784088803210	3251807033
19024	1518	1784088803210	2641202115
19025	1518	1784088803211	136261899
19026	1518	1784088803211	1828321298
19027	1518	1784088803212	4186653402
19028	1518	1784088803212	3582437862
19029	1518	1784088803212	1089803054
1903	1551	1784088791859	652439307
19030	1518	1784088803213	807293464
19031	1518	1784088803214	2775378128
19032	1518	1784088803214	3247055305
19033	1518	1784088803214	1425578753
19034	1518	1784088803215	138916859
19035	1518	1784088803215	2637498675
19036	1518	1784088803216	4191404074
19037	1518	1784088803216	1822522082
19038	1518	1784088803217	1085116894
19039	1518	1784088803217	4282975929
1904	1459	1784088791859	3056493580
19040	1526	1784088803217	3053889681
19041	1520	1784088803218	820441265
19042	1527	1784088803218	1930332797
19043	1554	1784088803219	1480968542
19044	1554	1784088803219	2067049142
19045	1554	1784088803219	1982124366
19046	1554	1784088803220	1628724550
19047	1554	1784088803220	1812211390
19048	1554	1784088803221	670472854
19049	1554	1784088803221	719774062
1905	1622	1784088791860	415696686
19050	1554	1784088803222	4229836547
19051	1554	1784088803222	4044248315
19052	1554	1784088803223	3862878451
19053	1554	1784088803223	3945702155
19054	1554	1784088803223	3361718499
19055	1554	1784088803224	3310336795
19056	1554	1784088803224	3531552531
19057	1554	1784088803225	3748613355
19058	1554	1784088803225	2493378755
19059	1554	1784088803225	2576190267
1906	1506	1784088791860	3694548629
19060	1554	1784088803226	4073887677
19061	1554	1784088803226	4290964549
19062	1554	1784088803227	3908198477
19063	1554	1784088803227	3856800693
19064	1551	1784088803227	934920618
19065	1520	1784088803228	3749561872
19066	1520	1784088803228	1881576449
19067	1520	1784088803229	1487996583
19068	1520	1784088803230	479881380
19069	1520	1784088803230	873331202
1907	1629	1784088791861	1898074015
19070	1520	1784088803230	3167382170
19071	1520	1784088803231	2489186364
19072	1520	1784088803231	3991228374
19073	1520	1784088803232	3312639344
19074	1520	1784088803232	513024002
19075	1520	1784088803233	906212004
19076	1520	1784088803233	1337656654
19077	1520	1784088803233	1730975720
19078	1520	1784088803234	587725291
19079	1520	1784088803234	194014029
1908	1511	1784088791861	3896088591
19080	1520	1784088803235	629608526
19081	1520	1784088803235	219185896
19082	1520	1784088803236	1957180674
19083	1520	1784088803236	1547675556
19084	1520	1784088803236	2279168726
19085	1520	1784088803237	2941175920
19086	1520	1784088803237	3606478746
19087	1520	1784088803238	4267830588
19088	1520	1784088803238	3125445439
19089	1520	1784088803239	2463961497
1909	1622	1784088791862	3492253212
19090	1520	1784088803239	437944577
19091	1520	1784088803240	848106407
19092	1520	1784088803240	1261806669
19093	1520	1784088803240	1671575275
19094	1520	1784088803241	3091516313
19095	1520	1784088803241	2429770047
19096	1520	1784088803242	3916164821
19097	1520	1784088803242	3254549619
19098	1520	1784088803242	2245464688
19099	1520	1784088803243	2906685654
191	1604	1784088786366	718500105
1910	1506	1784088791863	4052641238
19100	1520	1784088803244	3829816807
19101	1520	1784088803244	3436302145
19102	1520	1784088803244	3043588267
19103	1520	1784088803245	2650728973
19104	1520	1784088803245	1175983999
19105	1520	1784088803246	1854899673
19106	1520	1784088803246	389493299
19107	1520	1784088803247	1067491477
19108	1520	1784088803247	2072759958
19109	1520	1784088803248	1394367536
1911	1619	1784088791863	2803449104
19110	1520	1784088803248	3688615080
19111	1520	1784088803248	4081868302
19112	1520	1784088803249	2331306468
19113	1520	1784088803250	2724428610
19114	1520	1784088803250	2038793776
19115	1520	1784088803250	1360139414
19116	1520	1784088803251	682271612
19117	1520	1784088803251	4010458
19118	1520	1784088803253	1142317017
19119	1520	1784088803253	1820446079
1912	1505	1784088791864	835023390
19120	1520	1784088803253	2608693113
19121	1520	1784088803254	3018517983
19122	1520	1784088803254	3394394677
19123	1459	1784088803255	3805217039
19124	1459	1784088803255	1702195946
19125	1459	1784088803256	615249744
19126	1459	1784088803256	2799944413
19127	1459	1784088803257	2757726693
19128	1459	1784088803257	3928461330
19129	1459	1784088803258	3506216084
1913	1633	1784088791864	4106346565
19130	1459	1784088803258	4013146135
19131	1459	1784088803259	3075488226
19132	1459	1784088803259	4130832320
19133	1459	1784088803260	1476415328
19134	1459	1784088803260	3973715888
19135	1459	1784088803260	2275757051
19136	1459	1784088803261	3312007016
19137	1459	1784088803261	4063233873
19138	1459	1784088803262	957560389
19139	1459	1784088803262	1682206366
1914	1521	1784088791865	1800624382
19140	1459	1784088803262	1373622137
19141	1459	1784088803263	3193180172
19142	1460	1784088803263	2481323162
19143	1673	1784088803264	3549939323
19144	1653	1784088803264	3256151511
19145	1660	1784088803264	1945329581
19146	1670	1784088803265	1757980687
19147	1650	1784088803265	808691577
19148	1657	1784088803266	2982640179
19149	1681	1784088803266	2719496087
1915	1614	1784088791865	1291143967
19150	1651	1784088803267	1161146825
19151	1658	1784088803267	790193834
19152	1792	1784088803267	3418683617
19153	1470	1784088803268	2849648629
19154	1464	1784088803268	1992070497
19155	1463	1784088803269	960915384
19156	1458	1784088803269	3411490770
19157	1789	1784088803269	1146065759
19158	1470	1784088803270	3754027856
19159	1464	1784088803270	4159571319
1916	1496	1784088791866	3992516925
19160	1463	1784088803271	1364965256
19161	1458	1784088803271	3061756628
19162	1790	1784088803272	3853193305
19163	1470	1784088803272	4077687051
19164	1464	1784088803273	3093153811
19165	1463	1784088803273	3729643556
19166	1458	1784088803274	732076204
19167	1851	1784088803274	15851594
19168	1732	1784088803275	1641582624
19169	1839	1784088803275	792390355
1917	1516	1784088791866	2443170340
19170	1730	1784088803276	1528172755
19171	1838	1784088803276	720954071
19172	1731	1784088803277	2078689871
19173	1904	1784088803277	1543726441
19174	1735	1784088803278	854841256
19175	1892	1784088803278	3064368216
19176	1733	1784088803279	587691610
19177	1891	1784088803279	2815524996
19178	1734	1784088803280	3704207764
19179	1917	1784088803280	4129584199
1918	1497	1784088791867	94197680
19180	1746	1784088803281	414153645
19181	1827	1784088803281	3752951534
19182	1892	1784088803282	972742853
19183	1731	1784088803282	2802631755
19184	1807	1784088803282	1141225499
19185	1891	1784088803283	421304612
19186	1732	1784088803283	2724311858
19187	1811	1784088803284	4280445062
19188	1851	1784088803284	3334147802
19189	1732	1784088803284	579577777
1919	1517	1784088791868	2269592914
19190	1839	1784088803285	4134251485
19191	1730	1784088803285	1919425162
19192	1838	1784088803286	245859261
19193	1731	1784088803286	1028054699
19194	1904	1784088803286	2983831327
19195	1735	1784088803287	3322861104
19196	1892	1784088803288	2257990425
19197	1733	1784088803288	23095570
19198	1891	1784088803289	2640144338
19199	1734	1784088803289	4121769915
192	1508	1784088786366	3101200663
1920	1503	1784088791868	4173900218
19200	1917	1784088803290	3489219693
19201	1746	1784088803290	1940924142
19202	1827	1784088803291	2377499161
19203	1892	1784088803291	2597096917
19204	1731	1784088803292	157403
19205	1807	1784088803292	623027269
19206	1891	1784088803293	593000068
19207	1732	1784088803293	3201677593
19208	1811	1784088803293	3815886047
19209	1851	1784088803295	956111746
1921	1613	1784088791868	3023229127
19210	1732	1784088803296	852666376
19211	1839	1784088803297	1129672399
19212	1730	1784088803297	505377584
19213	1838	1784088803297	3730801409
19214	1731	1784088803298	4068843799
19215	1904	1784088803298	1654469207
19216	1735	1784088803299	3169925572
19217	1892	1784088803299	4245500396
19218	1733	1784088803299	1664265143
19219	1891	1784088803300	1063521359
1922	1521	1784088791869	2752041992
19220	1734	1784088803300	2830281146
19221	1917	1784088803301	1162052990
19222	1746	1784088803301	1574906878
19223	1827	1784088803302	2267744599
19224	1892	1784088803302	264018762
19225	1731	1784088803302	119376503
19226	1807	1784088803303	607437479
19227	1891	1784088803304	1766038826
19228	1732	1784088803304	1950656460
19229	1811	1784088803305	3987166381
1923	1515	1784088791870	2731749003
19230	1851	1784088803305	1533156395
19231	1732	1784088803305	218126081
19232	1839	1784088803306	591207223
19233	1730	1784088803306	626879201
19234	1838	1784088803307	215530941
19235	1731	1784088803307	3805441132
19236	1904	1784088803308	3677397027
19237	1735	1784088803308	733764011
19238	1892	1784088803309	2586416966
19239	1733	1784088803309	2736499432
1924	1512	1784088791870	950305165
19240	1891	1784088803309	3320909915
19241	1734	1784088803310	385355300
19242	1917	1784088803310	3174301655
19243	1746	1784088803311	1680922561
19244	1827	1784088803311	1126692743
19245	1892	1784088803312	1904465364
19246	1731	1784088803312	2947299534
19247	1807	1784088803313	530208154
19248	1891	1784088803313	46762997
19249	1732	1784088803314	2619197519
1925	1532	1784088791871	3667683023
19250	1811	1784088803314	3149623815
19251	1851	1784088803314	2191910657
19252	1732	1784088803315	1067340221
19253	1839	1784088803315	1055166943
19254	1730	1784088803316	1777812944
19255	1838	1784088803316	283544624
19256	1731	1784088803316	3238370127
19257	1904	1784088803317	1349807062
19258	1735	1784088803317	3884058082
19259	1892	1784088803318	2537583137
1926	1514	1784088791871	3195548219
19260	1733	1784088803318	3590388939
19261	1891	1784088803319	142926680
19262	1734	1784088803319	3350223703
19263	1917	1784088803320	257438846
19264	1746	1784088803320	623431720
19265	1827	1784088803321	266278383
19266	1892	1784088803321	3302246648
19267	1731	1784088803322	3263290407
19268	1807	1784088803322	911161547
19269	1891	1784088803323	1526715720
1927	1627	1784088791871	54285693
19270	1732	1784088803323	2376579997
19271	1811	1784088803324	2984562493
19272	1522	1784088803324	3491317192
19273	1503	1784088803325	4250457713
19274	1513	1784088803325	2796862999
19275	1546	1784088803325	2541551482
19276	1513	1784088803326	3497870631
19277	1523	1784088803326	3727620146
19278	1546	1784088803327	3780658898
19279	1513	1784088803327	2616541003
1928	1522	1784088791872	933061953
19280	1523	1784088803327	3542498095
19281	1531	1784088803328	86210069
19282	1512	1784088803328	636112321
19283	1522	1784088803329	3185859572
19284	1530	1784088803329	3730774853
19285	1511	1784088803329	223212053
19286	1521	1784088803330	1670180303
19287	1529	1784088803330	739491258
19288	1510	1784088803331	337980017
19289	1520	1784088803331	4232480650
1929	1630	1784088791873	1034088415
19290	1532	1784088803332	2829951679
19291	1513	1784088803332	2898987927
19292	1522	1784088803333	3992579996
19293	1532	1784088803333	3704436269
19294	1513	1784088803333	1184103712
19295	1522	1784088803334	1434697815
19296	1533	1784088803334	1971379484
19297	1514	1784088803335	1014887541
19298	1523	1784088803335	1420059923
19299	1531	1784088803336	2109022331
193	1604	1784088786367	1465751828
1930	1523	1784088791873	3877462645
19300	1512	1784088803336	4028930351
19301	1521	1784088803337	1731481202
19302	1532	1784088803337	1648056365
19303	1513	1784088803338	601698254
19304	1522	1784088803338	3709277181
19305	1534	1784088803339	2553923487
19306	1515	1784088803339	3823470633
19307	1524	1784088803339	3223664955
19308	1769	1784088803340	642981254
19309	1748	1784088803340	2817028230
1931	1540	1784088791874	628896816
19310	1757	1784088803341	3492598861
19311	1666	1784088803341	1976862352
19312	1649	1784088803342	600599712
19313	1657	1784088803342	1372336347
19314	1637	1784088803343	833467784
19315	1616	1784088803343	2532216770
19316	1624	1784088803343	2039074805
19317	1622	1784088803344	737544944
19318	1604	1784088803344	4179814839
19319	1617	1784088803345	3488603981
1932	1517	1784088791874	3573138147
19320	1616	1784088803345	71168719
19321	1600	1784088803346	3935606842
19322	1608	1784088803346	2838005731
19323	1903	1784088803346	3738971641
19324	1879	1784088803347	1350200812
19325	1905	1784088803347	1595023582
19326	1881	1784088803348	157458729
19327	1897	1784088803348	1097947617
19328	1873	1784088803349	2558313894
19329	1899	1784088803349	1266653165
1933	1536	1784088791875	1406767592
19330	1875	1784088803350	141505778
19331	1883	1784088803350	230348448
19332	1859	1784088803351	3084817113
19333	1522	1784088803351	1907939683
19334	1514	1784088803352	485896540
19335	1689	1784088803352	3763744854
19336	1738	1784088803353	3486397261
19337	1742	1784088803353	1772004714
19338	1733	1784088803354	2926449260
19339	1731	1784088803354	591186200
1934	1520	1784088791875	1510270522
19340	1751	1784088803354	4158098751
19341	1738	1784088803355	753021775
19342	1742	1784088803356	247928804
19343	1733	1784088803356	183262751
19344	1731	1784088803357	4254253770
19345	1747	1784088803357	1709233797
19346	1538	1784088803358	1414114196
19347	1531	1784088803358	1936539319
19348	1544	1784088803359	2450007453
19349	1537	1784088803359	613418136
1935	1599	1784088791876	3582076624
19350	1538	1784088803360	1480772571
19351	1531	1784088803360	2032061353
19352	1538	1784088803360	228986055
19353	1531	1784088803361	1845237099
19354	1542	1784088803361	840532592
19355	1531	1784088803362	3043044848
19356	1548	1784088803362	2906471489
19357	1537	1784088803362	2696279473
19358	1542	1784088803363	4135213993
19359	1531	1784088803363	4035221328
1936	1511	1784088791876	4100273480
19360	1542	1784088803364	3291128660
19361	1531	1784088803364	3781758075
19362	1763	1784088803365	1189777250
19363	1738	1784088803365	2544865618
19364	1763	1784088803365	3781499249
19365	1737	1784088803366	1409101068
19366	1764	1784088803366	2452495326
19367	1738	1784088803367	3066017126
19368	1652	1784088803367	1021251775
19369	1638	1784088803368	3850862544
1937	1624	1784088791877	2687549277
19370	1651	1784088803369	1095759792
19371	1637	1784088803369	2187253840
19372	1652	1784088803369	779555820
19373	1638	1784088803370	272950869
19374	1880	1784088803370	1777288434
19375	1647	1784088803371	3848250697
19376	1872	1784088803371	1272887149
19377	1646	1784088803372	2306376069
19378	1840	1784088803372	800900299
19379	1647	1784088803373	1357612870
1938	1520	1784088791877	2733402184
19380	1712	1784088803373	3905024657
19381	1593	1784088803374	2609559231
19382	1712	1784088803374	4186304221
19383	1593	1784088803374	406563599
19384	1709	1784088803375	145750734
19385	1592	1784088803375	3746062807
19386	1713	1784088803376	337902900
19387	1594	1784088803376	1921257986
19388	1710	1784088803376	3359999381
19389	1593	1784088803377	1741143824
1939	1509	1784088791878	3283766192
19390	1693	1784088803377	3591144701
19391	1594	1784088803378	3226900012
19392	1594	1784088803378	1516975073
19393	1577	1784088803379	185700116
19394	1593	1784088803379	2309970803
19395	1576	1784088803380	774733855
19396	1594	1784088803380	3018580351
19397	1577	1784088803380	238800893
19398	1892	1784088803381	332084462
19399	1743	1784088803381	596996301
194	1508	1784088786367	3836016681
1940	1595	1784088791878	2454070046
19400	1812	1784088803382	385467452
19401	1867	1784088803382	44066924
19402	1728	1784088803383	2879799247
19403	1792	1784088803383	4009124376
19404	1885	1784088803384	2322592639
19405	1729	1784088803384	312040608
19406	1804	1784088803616	1175283700
19407	1872	1784088803616	1344294623
19408	1726	1784088803617	713940984
19409	1790	1784088803617	852848498
1941	1527	1784088791878	4095529393
19410	1878	1784088803618	524464823
19411	1728	1784088803618	4047032832
19412	1794	1784088803619	1972389541
19413	1892	1784088803619	1201926267
19414	1743	1784088803619	4078510760
19415	1812	1784088803620	2449588383
19416	1867	1784088803621	2350131473
19417	1728	1784088803621	1504343512
19418	1792	1784088803621	2683474204
19419	1885	1784088803622	3486062816
1942	1626	1784088791879	2321655249
19420	1729	1784088803623	1385103175
19421	1804	1784088803623	2812845762
19422	1872	1784088803624	3963352751
19423	1726	1784088803624	2844598310
19424	1790	1784088803624	2559214917
19425	1878	1784088803625	1200818651
19426	1728	1784088803625	462708215
19427	1794	1784088803626	2762303800
19428	1890	1784088803626	4192656759
19429	1742	1784088803626	2367744847
1943	1532	1784088791879	3068585663
19430	1811	1784088803627	1441251297
19431	1865	1784088803627	2401802060
19432	1727	1784088803628	2623970878
19433	1791	1784088803628	2717569335
19434	1883	1784088803628	2112549419
19435	1728	1784088803629	2062147824
19436	1803	1784088803629	3184787900
19437	1870	1784088803630	3925868933
19438	1725	1784088803630	1286006290
19439	1789	1784088803631	932324068
1944	1513	1784088791880	2376312348
19440	1876	1784088803631	4007558872
19441	1727	1784088803631	303379290
19442	1793	1784088803632	4081352353
19443	1895	1784088803632	606481886
19444	1749	1784088803633	4263993002
19445	1777	1784088803633	3143631633
19446	1752	1784088803633	658583603
19447	1958	1784088803634	2824278273
19448	1752	1784088803634	202783479
19449	1945	1784088803635	1743655715
1945	1510	1784088791880	2090355608
19450	1695	1784088803635	2925488247
19451	1891	1784088803635	126503182
19452	1748	1784088803636	1392527193
19453	1776	1784088803636	1915666171
19454	1751	1784088803637	94569308
19455	1951	1784088803637	3934227841
19456	1751	1784088803638	511121417
19457	1938	1784088803638	4285673452
19458	1694	1784088803639	2836123920
19459	1895	1784088803639	3540480875
1946	1545	1784088791881	1256600860
19460	1749	1784088803640	243120576
19461	1777	1784088803640	372529679
19462	1752	1784088803641	2474351282
19463	1958	1784088803641	628481057
19464	1752	1784088803641	4190183079
19465	1946	1784088803642	2324262372
19466	1695	1784088803642	2566949449
19467	1689	1784088803643	747501055
19468	1458	1784088803643	229980271
19469	1458	1784088803643	1415454011
1947	1520	1784088791881	730364731
19470	1461	1784088803644	2598839315
19471	1464	1784088803644	1845251042
19472	1462	1784088803645	2943229994
19473	1457	1784088803646	649831104
19474	1458	1784088803646	1799259889
19475	1513	1784088803647	4294364516
19476	1518	1784088803647	297126525
19477	1518	1784088803647	550469845
19478	1519	1784088803647	622928148
19479	1521	1784088803648	3066491690
1948	1512	1784088791882	3379582759
19480	1518	1784088803648	1008016800
19481	1483	1784088803649	3564898506
19482	1484	1784088803649	426437224
19483	1473	1784088803650	2868890378
19484	1479	1784088803650	716541093
19485	1484	1784088803651	1617003323
19486	1473	1784088803651	4221053456
19487	1479	1784088803653	670532497
19488	1484	1784088803653	3207178517
19489	1473	1784088803654	3657947790
1949	1547	1784088791882	761250821
19490	1479	1784088803654	3868075219
19491	1484	1784088803655	3049146318
19492	1473	1784088803655	2552793565
19493	1479	1784088803655	2344603925
19494	1484	1784088803656	678724261
19495	1473	1784088803656	1165886667
19496	1462	1784088803657	3742921250
19497	1486	1784088803657	931061377
19498	1486	1784088803657	2041682930
19499	1472	1784088803657	2594632153
195	1589	1784088786368	2271219553
1950	1532	1784088791883	213257996
19500	1471	1784088803658	1787850631
19501	1470	1784088803658	3047246185
19502	1472	1784088803658	3903828915
19503	1471	1784088803659	1809789848
19504	1473	1784088803659	3103859687
19505	1471	1784088803660	9109810
19506	1472	1784088803660	2423715322
19507	1474	1784088803661	4284125097
19508	1574	1784088803661	3474169570
19509	1574	1784088803661	3613041461
1951	1535	1784088791883	3670074150
19510	1571	1784088803661	1195129859
19511	1474	1784088803663	3199689658
19512	1473	1784088803663	3171859577
19513	1474	1784088803664	1738295251
19514	1471	1784088803664	2521866048
19515	1471	1784088803665	2833110180
19516	1470	1784088803665	2024439904
19517	1472	1784088803665	518624106
19518	1471	1784088803666	3605459729
19519	1472	1784088803666	606156573
1952	1531	1784088791883	1027057651
19520	1574	1784088803667	2787826485
19521	1557	1784088803667	3584740254
19522	1574	1784088803667	166361378
19523	1557	1784088803668	1453285673
19524	1574	1784088803668	3947758785
19525	1557	1784088803669	1018202727
19526	1574	1784088803669	1383538939
19527	1557	1784088803670	2340762118
19528	1574	1784088803670	770713435
19529	1557	1784088803670	3706670637
1953	1524	1784088791884	2750191650
19530	1574	1784088803671	3626346127
19531	1557	1784088803671	1051549743
19532	1574	1784088803671	3503147233
19533	1557	1784088803673	3180907160
19534	1574	1784088803673	2113347093
19535	1557	1784088803673	3619103190
19536	1574	1784088803674	4246858977
19537	1557	1784088803674	1619171767
19538	1574	1784088803675	476180982
19539	1557	1784088803675	938010012
1954	1519	1784088791884	1805121739
19540	1576	1784088803676	1474748701
19541	1559	1784088803676	3860445049
19542	1576	1784088803677	726263965
19543	1559	1784088803677	3403471764
19544	1576	1784088803677	2835595738
19545	1559	1784088803678	2341698677
19546	1576	1784088803678	4159176782
19547	1559	1784088803679	2471887438
19548	1576	1784088803679	1642067219
19549	1559	1784088803679	1024205153
1955	1523	1784088791885	2143118421
19550	1576	1784088803680	211620801
19551	1559	1784088803680	1217837278
19552	1576	1784088803680	971779226
19553	1559	1784088803682	1683215411
19554	1576	1784088803682	612354399
19555	1559	1784088803683	622621650
19556	1576	1784088803683	2337375284
19557	1559	1784088803684	1037635049
19558	1576	1784088803684	2081430998
19559	1559	1784088803685	2474847942
1956	1520	1784088791886	437068318
19560	1587	1784088803685	1875963598
19561	1570	1784088803685	2327104067
19562	1587	1784088803686	703649166
19563	1570	1784088803686	4056973550
19564	1587	1784088803687	587417342
19565	1570	1784088803687	1814961119
19566	1587	1784088803687	2243665103
19567	1570	1784088803687	119018932
19568	1587	1784088803688	1853810492
19569	1570	1784088803688	2633002810
1957	1615	1784088791887	2217436834
19570	1587	1784088803689	2106832849
19571	1570	1784088803689	2873539007
19572	1587	1784088803689	2217344501
19573	1570	1784088803690	3491951378
19574	1587	1784088803690	3830693465
19575	1570	1784088803691	1306290211
19576	1587	1784088803691	1679293253
19577	1570	1784088803693	652895816
19578	1587	1784088803693	846485524
19579	1570	1784088803694	3171032262
1958	1527	1784088791887	1588892662
19580	1561	1784088803694	2750349055
19581	1544	1784088803695	4265275888
19582	1599	1784088803695	266365086
19583	1582	1784088803695	2768677487
19584	1600	1784088803696	2990257709
19585	1583	1784088803696	1868247881
19586	1600	1784088803697	689777425
19587	1583	1784088803697	1777612840
19588	1578	1784088803697	1149216260
19589	1561	1784088803697	2856267793
1959	1511	1784088791888	2361797617
19590	1578	1784088803698	1315013633
19591	1561	1784088803698	1683686556
19592	1577	1784088803699	1431359291
19593	1560	1784088803699	913666684
19594	1577	1784088803700	3293484771
19595	1560	1784088803700	3772149218
19596	1578	1784088803700	1228005720
19597	1561	1784088803701	2297902530
19598	1578	1784088803701	2044788899
19599	1561	1784088803701	1424750500
196	1497	1784088786369	3005506975
1960	1501	1784088791888	1763975014
19600	1663	1784088803703	1325949520
19601	1663	1784088803703	1021747671
19602	1663	1784088803704	1638864072
19603	1663	1784088803704	3678086873
19604	1664	1784088803705	2062460942
19605	1664	1784088803706	3097617056
19606	1664	1784088803706	3967535749
19607	1664	1784088803707	3880677821
19608	1669	1784088803707	307104954
19609	1669	1784088803707	2885347877
1961	1510	1784088791889	2156138175
19610	1669	1784088803708	2416715110
19611	1669	1784088803708	175825162
19612	1646	1784088803709	3764252572
19613	1810	1784088803710	1650089615
19614	1647	1784088803710	2098755406
19615	1813	1784088803711	1003307581
19616	1645	1784088803711	18608868
19617	1804	1784088803711	4224380416
19618	1593	1784088803713	3501656530
19619	1594	1784088803713	823865972
1962	1504	1784088791889	1560129096
19620	1594	1784088803714	324351242
19621	1563	1784088803714	3523974041
19622	1536	1784088803715	2872520002
19623	1524	1784088803716	3640379589
19624	1552	1784088803716	321579950
19625	1537	1784088803717	3451940880
19626	1549	1784088803717	3128785880
19627	1562	1784088803718	533946781
19628	1559	1784088803718	71231413
19629	1562	1784088803719	942839941
1963	1530	1784088791890	2142215340
19630	1561	1784088803719	4148399839
19631	1560	1784088803720	4056054337
19632	1553	1784088803720	2079006861
19633	1541	1784088803721	4222795096
19634	1542	1784088803721	2421447141
19635	1576	1784088803721	1440836618
19636	1660	1784088803721	3057102324
19637	1646	1784088803723	709096120
19638	1708	1784088803723	3829931149
19639	1539	1784088803724	969308285
1964	1513	1784088791890	3544680237
19640	1526	1784088803724	1826941552
19641	1547	1784088803725	959112074
19642	1483	1784088803726	3352202310
19643	1686	1784088803726	2601024734
19644	1522	1784088803727	3575053936
19645	1563	1784088803727	3459599858
19646	1538	1784088803728	2165890684
19647	1537	1784088803728	2404497021
19648	1540	1784088803728	3192115302
19649	1538	1784088803729	945247356
1965	1537	1784088791891	3755155910
19650	1536	1784088803729	2952041804
19651	1647	1784088803730	4091481330
19652	1506	1784088803731	936364533
19653	1514	1784088803731	3125971480
19654	1516	1784088803731	473443705
19655	1512	1784088803732	228411031
19656	1514	1784088803733	1359403856
19657	1514	1784088803734	3119147970
19658	1519	1784088803734	2250057394
19659	1643	1784088803735	2237998521
1966	1528	1784088791891	593907345
19660	1512	1784088803735	2795291172
19661	1519	1784088803736	2707215975
19662	1509	1784088803736	1379184811
19663	1539	1784088803737	3910064145
19664	1528	1784088803737	1023793251
19665	1512	1784088803738	2707094914
19666	1502	1784088803738	3820410579
19667	1520	1784088803739	2799613405
19668	1527	1784088803739	3976784613
19669	1556	1784088803740	3333805043
1967	1508	1784088791892	45328832
19670	1493	1784088803740	1319605776
19671	1643	1784088803741	1772257215
19672	1629	1784088803741	2156541401
19673	1639	1784088803742	2702427667
19674	1627	1784088803742	1954755457
19675	1685	1784088803743	2492285673
19676	1499	1784088803743	2139834042
19677	1499	1784088803744	683412843
19678	1499	1784088803744	2350652879
19679	1499	1784088803745	3418910576
1968	1499	1784088791892	832847450
19680	1499	1784088803745	2034722250
19681	1499	1784088803745	2600788221
19682	1493	1784088803746	1520747955
19683	1495	1784088803747	1099886757
19684	1496	1784088803747	2260017103
19685	1497	1784088803748	4113204118
19686	1484	1784088803748	4151420365
19687	1485	1784088803749	2509788325
19688	1487	1784088803749	4099045738
19689	1487	1784088803749	3360964307
1969	1507	1784088791893	1077786780
19690	1466	1784088803750	3013462254
19691	1460	1784088803750	2566966007
19692	1470	1784088803751	2785194303
19693	1468	1784088803751	926276704
19694	1465	1784088803752	1958511641
19695	1463	1784088803752	2552468077
19696	1490	1784088803753	518174273
19697	1491	1784088803753	2356892243
19698	1484	1784088803754	3267639498
19699	1479	1784088803754	2121383685
197	1598	1784088786370	2310149259
1970	1458	1784088791893	2804743064
19700	1519	1784088803755	3373907671
19701	1512	1784088803755	3467122571
19702	1507	1784088803755	1699438115
19703	1507	1784088803756	4124092022
19704	1717	1784088803756	2229525625
19705	1476	1784088803758	636502380
19706	1525	1784088803758	437463336
19707	1535	1784088803758	3410662355
19708	1552	1784088803759	1612137965
19709	1819	1784088803760	4067029578
1971	1526	1784088791894	969436154
19710	1689	1784088803760	122057124
19711	1483	1784088803761	1398234219
19712	1979	1784088803761	4185512909
19713	1463	1784088803762	2488347555
19714	1463	1784088803763	2230326810
19715	1467	1784088803763	787035913
19716	1467	1784088803764	4200215119
19717	1465	1784088803764	3530515190
19718	1470	1784088803765	2610890453
19719	1467	1784088803765	1198291796
1972	1513	1784088791894	1279170832
19720	1463	1784088803765	1865800159
19721	1463	1784088803766	2128765898
19722	1468	1784088803766	2011312680
19723	1467	1784088803767	362822792
19724	1467	1784088803767	479830001
19725	1465	1784088803768	3261360113
19726	1467	1784088803768	527419408
19727	1463	1784088803768	4285016411
19728	1467	1784088803769	2857458080
19729	1467	1784088803769	321999813
1973	1538	1784088791895	3215996587
19730	1467	1784088803770	599732983
19731	1467	1784088803770	1964462056
19732	1468	1784088803771	4065696199
19733	1467	1784088803772	3338903485
19734	1463	1784088803773	203001199
19735	1530	1784088803773	340620168
19736	1467	1784088803773	364443664
19737	1467	1784088803774	3991679478
19738	1467	1784088803774	2343062636
19739	1467	1784088803775	4040366541
1974	1521	1784088791895	3401784172
19740	1467	1784088803775	2211929620
19741	1467	1784088803776	2381498257
19742	1467	1784088803776	113930355
19743	1467	1784088803776	4221523010
19744	1467	1784088803777	1970665624
19745	1467	1784088803778	1125511654
19746	1467	1784088803779	3358410244
19747	1521	1784088803779	2261821094
19748	1798	1784088803780	862049755
19749	1775	1784088803780	3544893459
1975	1615	1784088791896	1926946138
19750	1635	1784088803781	3310829978
19751	1635	1784088803781	1075745003
19752	1635	1784088803782	347465017
19753	1472	1784088803782	2254363545
19754	1708	1784088803782	3157635734
19755	1631	1784088803782	2791924313
19756	1631	1784088803783	799538397
19757	1676	1784088803783	1055068166
19758	1631	1784088803784	581606089
19759	1631	1784088803784	3972010634
1976	1522	1784088791896	3144198640
19760	1723	1784088803785	993530678
19761	1632	1784088803785	328543662
19762	1516	1784088803786	3387339437
19763	1573	1784088803786	3881370326
19764	1631	1784088803786	2187289533
19765	1631	1784088803786	1278602238
19766	1707	1784088803788	3461034082
19767	1631	1784088803788	194116921
19768	1631	1784088803789	3371570030
19769	1470	1784088803789	1232232592
1977	1604	1784088791897	3147124497
19770	1552	1784088803790	1740712221
19771	1553	1784088803790	2376728363
19772	1543	1784088803791	1665193932
19773	1516	1784088803791	18924646
19774	1536	1784088803792	1183757230
19775	1617	1784088803792	2582116871
19776	1581	1784088803792	2308500486
19777	1471	1784088803793	432220547
19778	1478	1784088803794	838557450
19779	1470	1784088803794	366479851
1978	1535	1784088791897	1919769737
19780	1744	1784088803795	2818591510
19781	1845	1784088803796	1076135499
19782	1838	1784088803797	752524776
19783	1813	1784088803797	2852724505
19784	1723	1784088803798	356838445
19785	1666	1784088803798	348723553
19786	1669	1784088803799	802171470
19787	1775	1784088803799	2883992423
19788	1778	1784088803800	2297342302
19789	1807	1784088803800	1557760827
1979	1518	1784088791898	1006864976
19790	1840	1784088803801	519945236
19791	1485	1784088803802	2418393466
19792	1504	1784088803802	2379961343
19793	1511	1784088803803	4145825862
19794	1572	1784088803803	3210119783
19795	1572	1784088803804	834577464
19796	1574	1784088803804	1059640244
19797	1573	1784088803805	65191830
19798	1575	1784088803805	1250156585
19799	1467	1784088803806	2688002028
198	1505	1784088786370	331199682
1980	1617	1784088791898	4172575948
19800	1545	1784088803806	2977414278
19801	1474	1784088803807	4197614269
19802	1546	1784088803807	899562212
19803	1585	1784088803808	2247300674
19804	1591	1784088803809	814514502
19805	1476	1784088803809	748101970
19806	1512	1784088803810	966150407
19807	1477	1784088803810	1168600243
19808	1555	1784088803811	732046337
19809	1680	1784088803811	2603807090
1981	1501	1784088791898	3256878593
19810	1458	1784088803812	2677324069
19811	1458	1784088803813	1960563856
19812	1458	1784088803813	1554761480
19813	1458	1784088803814	743355077
19814	1681	1784088803814	1232316337
19815	1458	1784088803815	3511021497
19816	1458	1784088803816	853635485
19817	1458	1784088803816	2358120480
19818	1458	1784088803817	1174796981
19819	1683	1784088803818	3715751309
1982	1539	1784088791899	4273913558
19820	1458	1784088803818	2903981472
19821	1458	1784088803818	3963813747
19822	1458	1784088803819	222899633
19823	1458	1784088803819	2821433005
19824	1680	1784088803820	4280455710
19825	1458	1784088803820	2853853375
19826	1458	1784088803821	2832668312
19827	1458	1784088803821	3142782313
19828	1458	1784088803822	1871418513
19829	1458	1784088803823	3180254743
1983	1529	1784088791899	2758655679
19830	1664	1784088803823	2100261438
19831	1644	1784088803823	4153021469
19832	1520	1784088803824	3271211660
19833	1527	1784088803824	312340890
19834	1530	1784088803825	1633986037
19835	1631	1784088803826	602403904
19836	1650	1784088803826	93784324
19837	1539	1784088803827	2440088729
19838	1652	1784088803827	549868126
19839	1652	1784088803827	1141236236
1984	1611	1784088791900	715136971
19840	1519	1784088803828	1788805698
19841	1651	1784088803829	2641357358
19842	1664	1784088803829	297176958
19843	1464	1784088803830	3146125034
19844	1558	1784088803830	2971341264
19845	1518	1784088803831	2779388211
19846	1499	1784088803831	1443349738
19847	1499	1784088803832	299087445
19848	1499	1784088803833	3044255473
19849	1499	1784088803833	3345926807
1985	1505	1784088791900	193014238
19850	1499	1784088803834	1664921841
19851	1499	1784088803834	2823829106
19852	1482	1784088803835	2120093188
19853	1477	1784088803835	575505219
19854	1490	1784088803835	2158616335
19855	1486	1784088803836	1218197890
19856	1487	1784088803836	960263376
19857	1485	1784088803836	878376192
19858	1487	1784088803837	522564016
19859	1488	1784088803838	2355961786
1986	1499	1784088791901	1282362047
19860	1477	1784088803838	2509361682
19861	1479	1784088803839	1602621398
19862	1481	1784088803839	2058331417
19863	1479	1784088803840	3998760413
19864	1470	1784088803840	2589465377
19865	1691	1784088803841	2795100224
19866	1690	1784088803841	3951647746
19867	1675	1784088803841	802582933
19868	1674	1784088803843	3190504769
19869	1594	1784088803843	3203399828
1987	1586	1784088791901	3865107452
19870	1503	1784088803844	2840966269
19871	1595	1784088803844	1694309313
19872	1504	1784088803844	2620275978
19873	1595	1784088803845	3763788458
19874	1505	1784088803845	1844727318
19875	1596	1784088803846	3807066102
19876	1505	1784088803846	3822982551
19877	1517	1784088803846	1122612002
19878	1507	1784088803847	1650869840
19879	1519	1784088803847	710415798
1988	1498	1784088791902	1975710275
19880	1490	1784088803848	334511058
19881	1482	1784088803848	2509669945
19882	1486	1784088803848	2079530976
19883	1479	1784088803849	3670105682
19884	1492	1784088803849	2966538911
19885	1476	1784088803850	2400108830
19886	1566	1784088803850	403526208
19887	1567	1784088803851	2249546612
19888	1564	1784088803851	3030106766
19889	1642	1784088803852	744562552
1989	1602	1784088791902	1279854588
19890	1483	1784088803852	1805501348
19891	1473	1784088803853	573117166
19892	1613	1784088803853	536984834
19893	1727	1784088803853	1431744901
19894	1533	1784088803854	2169889416
19895	1537	1784088803854	4076205128
19896	1466	1784088803855	3283173034
19897	1854	1784088803855	2593472743
19898	1568	1784088803856	2163101877
19899	1568	1784088803857	3768198656
199	1659	1784088786371	3633461287
1990	1511	1784088791903	4054728527
19900	1568	1784088803857	2162114454
19901	1568	1784088803858	2206370155
19902	1856	1784088803858	3462346062
19903	1572	1784088803859	3741802575
19904	1572	1784088803859	863597446
19905	1572	1784088803860	3713653142
19906	1572	1784088803860	946914869
19907	1855	1784088803860	3848686988
19908	1570	1784088803861	2040556664
19909	1570	1784088803861	1500807928
1991	1557	1784088791903	1912253083
19910	1570	1784088803862	1416811367
19911	1570	1784088803862	3613546867
19912	1857	1784088803863	2418316224
19913	1572	1784088803864	2383121268
19914	1572	1784088803864	1651873981
19915	1572	1784088803865	2354393773
19916	1572	1784088803865	1769745678
19917	1858	1784088803866	157996036
19918	1572	1784088803866	3889309963
19919	1572	1784088803867	2615369451
1992	1554	1784088791903	3359520150
19920	1572	1784088803867	4187493533
19921	1572	1784088803868	3663407846
19922	1877	1784088803868	370637459
19923	1572	1784088803868	2637570044
19924	1572	1784088803869	1900547125
19925	1572	1784088803869	2674435621
19926	1572	1784088803870	2051127686
19927	1878	1784088803870	2697549177
19928	1572	1784088803871	2394750902
19929	1572	1784088803871	4069361750
1993	1597	1784088791904	212839089
19930	1572	1784088803872	406352615
19931	1572	1784088803873	1006324892
19932	1879	1784088803873	940511691
19933	1572	1784088803874	3653147927
19934	1572	1784088803874	901811934
19935	1572	1784088803875	3688899790
19936	1572	1784088803876	1053375341
19937	1859	1784088803877	2767145005
19938	1572	1784088803877	1866097803
19939	1572	1784088803878	319492971
1994	1506	1784088791904	3874731089
19940	1572	1784088803878	3147579090
19941	1572	1784088803879	2556362921
19942	1859	1784088803879	4262881461
19943	1570	1784088803880	2895446740
19944	1570	1784088803880	4201293764
19945	1570	1784088803880	2237342905
19946	1570	1784088803882	2642253282
19947	1573	1784088803882	3952278958
19948	1568	1784088803882	1025775205
19949	1550	1784088803883	3580495409
1995	1554	1784088791905	630675241
19950	1557	1784088803883	3414359038
19951	1467	1784088803884	1215811709
19952	1467	1784088803884	902584036
19953	1467	1784088803884	1222315474
19954	1467	1784088803885	2968579956
19955	1467	1784088803885	1674604208
19956	1467	1784088803886	3129731440
19957	1467	1784088803887	1483802198
19958	1467	1784088803887	887267431
19959	1467	1784088803888	986135010
1996	1554	1784088791905	1538619201
19960	1467	1784088803888	2805690327
19961	1467	1784088803889	2201942936
19962	1512	1784088803889	1446343050
19963	1603	1784088803890	1969720287
19964	1521	1784088803890	807044694
19965	1564	1784088803891	989153481
19966	1540	1784088803891	1773650189
19967	1530	1784088803891	4071170517
19968	1520	1784088803893	1362869607
19969	1589	1784088803894	3647400599
1997	1597	1784088791906	1187911558
19970	1590	1784088803894	2477982608
19971	1467	1784088803895	3763703560
19972	1565	1784088803895	2362443496
19973	1571	1784088803895	3527066205
19974	1570	1784088803896	3504229166
19975	1466	1784088803896	3156712260
19976	1574	1784088803896	559177267
19977	1573	1784088803897	906045036
19978	1572	1784088803897	1056421732
19979	1570	1784088803898	986278659
1998	1507	1784088791906	629903832
19980	1573	1784088803899	1859172880
19981	1576	1784088803899	3541577751
19982	1573	1784088803900	852184175
19983	1570	1784088803900	2003576131
19984	1633	1784088803901	1695273526
19985	1630	1784088803901	1487267172
19986	1629	1784088803901	2202128215
19987	1632	1784088803902	1556556253
19988	1633	1784088803902	770241854
19989	1473	1784088803903	3677375282
1999	1597	1784088791907	2671147511
19990	1574	1784088803904	1224379726
19991	1575	1784088803904	4277553949
19992	1576	1784088803905	232127297
19993	1577	1784088803905	3826494396
19994	1843	1784088803906	4098279655
19995	1513	1784088803906	1765812196
19996	1514	1784088803907	2144975928
19997	1503	1784088803907	3541186494
19998	1776	1784088803908	1794072036
19999	1798	1784088803908	624495263
2	1518	1784088786166	4273481301
20	1503	1784088786185	1728698626
200	1558	1784088786371	3161935835
2000	1507	1784088791907	1240631786
20000	1787	1784088803908	2337678067
20001	1799	1784088803909	399125862
20002	1800	1784088803909	1555220564
20003	1613	1784088803910	2974350248
20004	1489	1784088803910	2160595673
20005	1613	1784088803911	1599897507
20006	1673	1784088803911	2763057722
20007	1869	1784088803911	1381205856
20008	1806	1784088803912	3442327307
20009	1803	1784088803912	469922865
2001	1596	1784088791907	4065503355
20010	1800	1784088803913	1428180455
20011	1869	1784088803913	2876289838
20012	1806	1784088803914	2348860258
20013	1803	1784088803914	2419398258
20014	1800	1784088803915	1040426499
20015	1858	1784088803915	2617843669
20016	1798	1784088803916	2599688726
20017	1798	1784088803916	2995288904
20018	1798	1784088803917	1597192451
20019	1869	1784088803917	439505481
2002	1506	1784088791908	30006820
20020	1806	1784088803918	1059508614
20021	1803	1784088803918	339492360
20022	1800	1784088803919	489859780
20023	1844	1784088803920	1052818328
20024	1781	1784088803920	590662002
20025	1784	1784088803921	1696044343
20026	1787	1784088803922	1780757162
20027	1866	1784088803923	3373970041
20028	1803	1784088803924	2541526302
20029	1800	1784088803924	2002297939
2003	1589	1784088791908	976228280
20030	1797	1784088803925	44306365
20031	1870	1784088803925	4146238761
20032	1807	1784088803927	1395387778
20033	1804	1784088803927	2656113892
20034	1801	1784088803928	3385816558
20035	1863	1784088803928	1965387482
20036	1800	1784088803929	1190610466
20037	1797	1784088803929	212744084
20038	1794	1784088803930	2567358667
20039	1836	1784088803930	2122193115
2004	1499	1784088791909	1013420933
20040	1779	1784088803931	4187227583
20041	1782	1784088803931	2828961262
20042	1785	1784088803931	1149020180
20043	1484	1784088803932	2539973979
20044	1613	1784088804447	3542828402
20045	1621	1784088804448	4147498926
20046	1669	1784088804448	1623537865
20047	1478	1784088804449	4209412629
20048	1612	1784088804449	1984853086
20049	1620	1784088804450	2606470239
2005	1558	1784088791909	1512002425
20050	1639	1784088804450	1493206657
20051	1545	1784088804451	1536459989
20052	1527	1784088804451	3548548826
20053	1520	1784088804451	1916486739
20054	1583	1784088804452	3785577844
20055	1514	1784088804452	1572178683
20056	1506	1784088804453	4161911437
20057	1531	1784088804453	2519028003
20058	1518	1784088804453	1247109205
20059	1555	1784088804454	561480911
2006	1459	1784088791910	2516690035
20060	1549	1784088804454	28480964
20061	1540	1784088804455	2767825330
20062	1556	1784088804455	925222507
20063	1551	1784088804456	1317714485
20064	1733	1784088804456	3188149198
20065	1665	1784088804456	1501729512
20066	1661	1784088804457	3013005104
20067	1529	1784088804457	126651701
20068	1801	1784088804457	2109579548
20069	1667	1784088804458	3328594840
2007	1502	1784088791910	476346912
20070	1789	1784088804458	2700445708
20071	1660	1784088804459	1003607538
20072	1693	1784088804459	1235357578
20073	1606	1784088804460	2624369294
20074	1607	1784088804460	3133633413
20075	1479	1784088804460	1742873251
20076	1479	1784088804461	732601834
20077	1565	1784088804461	1585168948
20078	1535	1784088804461	3307933930
20079	1464	1784088804463	690838515
2008	1498	1784088791910	2990402867
20080	1459	1784088804463	3349127222
20081	1465	1784088804464	3925109363
20082	1473	1784088804464	1715044727
20083	1581	1784088804464	3432703935
20084	1598	1784088804465	838219040
20085	1526	1784088804466	386204890
20086	1610	1784088804466	4022420067
20087	1532	1784088804466	3680922575
20088	1528	1784088804466	1646098981
20089	1612	1784088804467	2149850080
2009	1596	1784088791911	336066142
20090	1612	1784088804468	2575049192
20091	1667	1784088804468	2092147006
20092	1472	1784088804468	1147019352
20093	1497	1784088804469	1106508923
20094	1464	1784088804469	2461083904
20095	1543	1784088804470	79743225
20096	1554	1784088804470	1806834490
20097	1474	1784088804470	4283862084
20098	1550	1784088804471	3300933352
20099	1550	1784088804471	351931535
201	1665	1784088786373	718422255
2010	1506	1784088791911	897848028
20100	1550	1784088804471	1076753093
20101	1550	1784088804473	2677326111
20102	1550	1784088804473	992514122
20103	1550	1784088804473	3943866925
20104	1544	1784088804474	3948488700
20105	1544	1784088804474	2714206744
20106	1544	1784088804475	1910992265
20107	1544	1784088804475	888850896
20108	1544	1784088804475	490247482
20109	1544	1784088804476	1470509278
2011	1588	1784088791911	3046546724
20110	1474	1784088804476	1524819989
20111	1475	1784088804477	4285179759
20112	1475	1784088804477	1268838164
20113	1534	1784088804477	3396452326
20114	1482	1784088804478	971940972
20115	1498	1784088804478	785548988
20116	1487	1784088804479	2974165048
20117	1494	1784088804479	863384492
20118	1494	1784088804480	1078763687
20119	1492	1784088804480	888607591
2012	1498	1784088791911	464797725
20120	1490	1784088804481	2630837899
20121	1500	1784088804481	3715258113
20122	1497	1784088804481	110394543
20123	1500	1784088804482	321472263
20124	1502	1784088804483	2754121594
20125	1543	1784088804483	443508332
20126	1521	1784088804484	4220248273
20127	1556	1784088804484	340643676
20128	1544	1784088804485	127391161
20129	1540	1784088804485	3416123668
2013	1558	1784088791913	2612373995
20130	1521	1784088804486	1579236580
20131	1540	1784088804486	2583576628
20132	1523	1784088804487	1671689763
20133	1538	1784088804487	2015401361
20134	1522	1784088804487	851015080
20135	1823	1784088804488	1722783050
20136	1791	1784088804488	1583126178
20137	1805	1784088804489	3355728514
20138	1613	1784088804489	3890562427
20139	1822	1784088804490	2428560667
2014	1459	1784088791913	3405200293
20140	1799	1784088804490	1090037441
20141	1804	1784088804491	4022678078
20142	1604	1784088804491	4064827071
20143	1824	1784088804491	3926731044
20144	1795	1784088804491	3413294944
20145	1806	1784088804492	1949938573
20146	1610	1784088804493	427959048
20147	1842	1784088804493	1413994136
20148	1811	1784088804493	1341593828
20149	1824	1784088804494	3912179598
2015	1509	1784088791914	2621281895
20150	1608	1784088804494	3054982757
20151	1841	1784088804495	4240633640
20152	1813	1784088804495	2355982068
20153	1823	1784088804495	1300584306
20154	1605	1784088804496	3643436284
20155	1834	1784088804496	2723770775
20156	1813	1784088804498	684905061
20157	1816	1784088804498	325970186
20158	1599	1784088804499	2960853210
20159	1839	1784088804499	3365747427
2016	1497	1784088791914	2028034946
20160	1806	1784088804499	2497376989
20161	1821	1784088804500	1627378384
20162	1610	1784088804500	462027781
20163	1833	1784088804501	2311377464
20164	1813	1784088804501	2241522664
20165	1815	1784088804501	4165419214
20166	1601	1784088804503	2066603863
20167	1841	1784088804503	149629814
20168	1812	1784088804503	2075115500
20169	1823	1784088804504	3211438002
2017	1510	1784088791915	2600672197
20170	1611	1784088804504	2946249879
20171	1687	1784088804505	4102782930
20172	1654	1784088804505	2219596160
20173	1669	1784088804506	3081193941
20174	1578	1784088804506	3084629670
20175	1479	1784088804506	2240877420
20176	1619	1784088804507	3759457535
20177	1537	1784088804508	2849925516
20178	1559	1784088804508	3553109142
20179	1518	1784088804508	3826376328
2018	1498	1784088791915	1790211525
20180	1729	1784088804509	3950066842
20181	1520	1784088804509	3667531077
20182	1531	1784088804510	2846920753
20183	1472	1784088804510	3027775789
20184	1474	1784088804511	1709603003
20185	1474	1784088804511	333182069
20186	1472	1784088804511	389651744
20187	1474	1784088804513	3561260624
20188	1472	1784088804513	3874359150
20189	1516	1784088804513	3287526728
2019	1592	1784088791915	4030940757
20190	1472	1784088804514	2916413937
20191	1474	1784088804514	4119107533
20192	1472	1784088804514	1243699689
20193	1474	1784088804515	1431634758
20194	1472	1784088804515	228249045
20195	1474	1784088804516	1762934156
20196	1469	1784088804516	2009595745
20197	1477	1784088804517	3359148478
20198	1475	1784088804517	1594077825
20199	1472	1784088804517	1967483432
202	1564	1784088786374	166547528
2020	1495	1784088791916	1729054851
20200	1472	1784088804518	1939016263
20201	1472	1784088804518	2952294575
20202	1476	1784088804519	4096110257
20203	1476	1784088804519	1001712689
20204	1476	1784088804519	323239805
20205	1512	1784088804520	248253102
20206	1512	1784088804520	214779568
20207	1512	1784088804521	1523581908
20208	1509	1784088804521	3734047228
20209	1582	1784088804521	3355314959
2021	1505	1784088791917	1260081873
20210	1636	1784088804521	4287400992
20211	1652	1784088804523	3145042241
20212	1658	1784088804523	2903342544
20213	1661	1784088804523	4146195270
20214	1660	1784088804524	1563455385
20215	1659	1784088804524	1312747233
20216	1661	1784088804525	313253517
20217	1661	1784088804525	2677129741
20218	1636	1784088804526	560025575
20219	1652	1784088804526	3791201727
2022	1498	1784088791917	1553621644
20220	1658	1784088804526	2481710223
20221	1661	1784088804527	4129483272
20222	1660	1784088804527	2563214281
20223	1659	1784088804528	1338336766
20224	1661	1784088804529	329834435
20225	1661	1784088804529	2660418371
20226	1638	1784088804530	1920581742
20227	1654	1784088804530	3848557945
20228	1660	1784088804531	1723033242
20229	1663	1784088804531	3381582520
2023	1553	1784088791917	803896836
20230	1662	1784088804531	2841686002
20231	1661	1784088804531	2702758197
20232	1663	1784088804533	2589286819
20233	1663	1784088804533	330313675
20234	1635	1784088804533	1630961274
20235	1651	1784088804534	3644926660
20236	1657	1784088804534	173356541
20237	1660	1784088804534	3310050195
20238	1659	1784088804535	2897848984
20239	1658	1784088804535	2386186832
2024	1462	1784088791918	2016513059
20240	1660	1784088804536	1729783056
20241	1660	1784088804536	432354820
20242	1638	1784088804536	3607761482
20243	1654	1784088804537	3335640144
20244	1660	1784088804537	3390928840
20245	1663	1784088804538	23246514
20246	1662	1784088804538	4195227839
20247	1661	1784088804538	3107930823
20248	1663	1784088804539	4119007868
20249	1663	1784088804539	2087083028
2025	1483	1784088791918	928110153
20250	1637	1784088804540	1142010717
20251	1653	1784088804540	3731645185
20252	1659	1784088804541	1121267957
20253	1662	1784088804541	301728553
20254	1661	1784088804541	466919799
20255	1660	1784088804543	2431254946
20256	1662	1784088804543	1782990636
20257	1662	1784088804543	284027326
20258	1626	1784088804544	3160172321
20259	1455	1784088804545	1586759727
2026	1474	1784088791919	802229495
20260	1455	1784088804546	2734546198
20261	1467	1784088804546	1973391596
20262	1467	1784088804547	3336746997
20263	1466	1784088804547	2333924625
20264	1605	1784088804548	2044478206
20265	1508	1784088804548	2924323873
20266	1607	1784088804549	3482008250
20267	1509	1784088804549	62677801
20268	1605	1784088804549	2599821231
20269	1508	1784088804550	957414711
2027	1462	1784088791919	1666109084
20270	1460	1784088804550	541550066
20271	1480	1784088804551	1717501755
20272	1532	1784088804551	3736797275
20273	1521	1784088804551	3886459993
20274	1478	1784088804551	1348475715
20275	1485	1784088804553	1700891379
20276	1509	1784088804553	3793902406
20277	1480	1784088804553	1555723192
20278	1533	1784088804554	266731697
20279	1522	1784088804554	1607993150
2028	1714	1784088791919	1722290126
20280	1478	1784088804554	3692974471
20281	1485	1784088804555	3795929097
20282	1509	1784088804555	4049801993
20283	1472	1784088804556	549928536
20284	1525	1784088804556	2025062914
20285	1514	1784088804556	3558969862
20286	1470	1784088804557	2828254586
20287	1477	1784088804558	3765156575
20288	1501	1784088804558	2351567111
20289	1478	1784088804558	2997334247
2029	1511	1784088791920	680361251
20290	1531	1784088804559	297731151
20291	1520	1784088804559	4148433265
20292	1476	1784088804560	1952183585
20293	1483	1784088804560	2034801526
20294	1507	1784088804561	2317792381
20295	1483	1784088804561	2561992109
20296	1535	1784088804561	1995346020
20297	1524	1784088804563	3957169487
20298	1481	1784088804563	3165497162
20299	1488	1784088804563	1208899571
203	1664	1784088786374	2379142521
2030	1634	1784088791920	2117466201
20300	1512	1784088804564	1324311148
20301	1483	1784088804564	389974502
20302	1536	1784088804565	2243889067
20303	1525	1784088804565	1981664694
20304	1481	1784088804566	1531147428
20305	1488	1784088804566	2745951042
20306	1512	1784088804567	2155762520
20307	1475	1784088804567	3225157060
20308	1528	1784088804567	100706787
20309	1517	1784088804568	1616461196
2031	1510	1784088791921	2232873636
20310	1473	1784088804568	3864583258
20311	1480	1784088804569	118559517
20312	1504	1784088804569	956641378
20313	1481	1784088804569	4187085529
20314	1534	1784088804570	52164797
20315	1523	1784088804570	2143244477
20316	1479	1784088804571	1805682001
20317	1486	1784088804571	770742780
20318	1510	1784088804572	1317002551
20319	1479	1784088804572	395274389
2032	1633	1784088791921	3821954216
20320	1531	1784088804572	4292768138
20321	1520	1784088804574	2143576690
20322	1477	1784088804574	3232381624
20323	1484	1784088804574	1049826139
20324	1508	1784088804575	3598553894
20325	1479	1784088804575	132350146
20326	1532	1784088804576	886924915
20327	1521	1784088804576	1513196464
20328	1477	1784088804577	3796033348
20329	1484	1784088804577	965158185
2033	1511	1784088791921	63768246
20330	1508	1784088804578	2267420910
20331	1471	1784088804578	3672315843
20332	1524	1784088804578	2625054967
20333	1513	1784088804579	2570875850
20334	1469	1784088804579	3322243200
20335	1476	1784088804580	2350601212
20336	1500	1784088804580	765251529
20337	1477	1784088804580	2222473352
20338	1530	1784088804581	1802053858
20339	1519	1784088804581	404489210
2034	1695	1784088791923	2457189622
20340	1475	1784088804581	1614129591
20341	1482	1784088804582	3103204437
20342	1506	1784088804582	1150103312
20343	1480	1784088804582	3291747437
20344	1533	1784088804584	2240265034
20345	1522	1784088804584	59793564
20346	1478	1784088804584	4179308591
20347	1485	1784088804585	25190990
20348	1509	1784088804585	2757048938
20349	1479	1784088804586	3701618628
2035	1510	1784088791923	1531351448
20350	1531	1784088804586	112199601
20351	1520	1784088804587	3949675558
20352	1477	1784088804587	1303849830
20353	1484	1784088804587	3958465692
20354	1508	1784088804588	1020197092
20355	1479	1784088804588	4102101908
20356	1532	1784088804589	1081258759
20357	1521	1784088804589	6056713
20358	1477	1784088804590	2785975104
20359	1484	1784088804590	2971914326
2036	1713	1784088791924	3754501188
20360	1508	1784088804590	1482689823
20361	1471	1784088804591	567720536
20362	1524	1784088804591	3952579373
20363	1513	1784088804591	2023516939
20364	1469	1784088804592	2397818386
20365	1476	1784088804592	2467966018
20366	1500	1784088804592	1809629544
20367	1477	1784088804594	3300535159
20368	1530	1784088804594	3230213259
20369	1519	1784088804595	3471054423
2037	1509	1784088791924	561907941
20370	1475	1784088804595	3223781851
20371	1482	1784088804596	1794747262
20372	1506	1784088804596	3448001446
20373	1480	1784088804597	3038264040
20374	1533	1784088804597	2084703847
20375	1522	1784088804598	3300735827
20376	1478	1784088804598	876968283
20377	1485	1784088804598	250113405
20378	1509	1784088804599	457026796
20379	1478	1784088804599	282956242
2038	1711	1784088791924	2600164762
20380	1530	1784088804600	3441923377
20381	1519	1784088804600	1263178073
20382	1476	1784088804601	3575927476
20383	1483	1784088804601	3590111208
20384	1507	1784088804601	2042550719
20385	1478	1784088804601	308295854
20386	1531	1784088804603	682881543
20387	1520	1784088804603	138577300
20388	1476	1784088804603	2544462173
20389	1483	1784088804604	2781759634
2039	1504	1784088791924	3034883953
20390	1507	1784088804604	2399107163
20391	1470	1784088804604	12506974
20392	1523	1784088804605	2517744005
20393	1512	1784088804605	3600942774
20394	1468	1784088804606	1775561650
20395	1475	1784088804606	956665078
20396	1499	1784088804607	2209071404
20397	1476	1784088804607	1328080752
20398	1529	1784088804608	102338056
20399	1518	1784088804608	3681806625
204	1563	1784088786375	4275680700
2040	1718	1784088791925	2262261860
20400	1474	1784088804609	2687424541
20401	1481	1784088804609	1590574646
20402	1505	1784088804609	3543799380
20403	1479	1784088804610	3819125177
20404	1532	1784088804610	3158703461
20405	1521	1784088804611	1803350815
20406	1477	1784088804611	1478661272
20407	1484	1784088804611	4106648182
20408	1508	1784088804611	2941623868
20409	1479	1784088804613	1356176253
2041	1510	1784088791925	3924337975
20410	1531	1784088804613	3167181663
20411	1512	1784088804613	1384559957
20412	1477	1784088804614	326832248
20413	1484	1784088804614	3201723897
20414	1508	1784088804615	1170083197
20415	1480	1784088804615	2874652939
20416	1533	1784088804616	2776764340
20417	1514	1784088804616	964735630
20418	1478	1784088804616	3104363999
20419	1485	1784088804617	2221521902
2042	1549	1784088791926	2895536861
20420	1509	1784088804617	900440816
20421	1479	1784088804618	1500121282
20422	1532	1784088804618	868892537
20423	1513	1784088804618	3003019678
20424	1477	1784088804619	4077334416
20425	1484	1784088804619	4069635233
20426	1508	1784088804620	98545047
20427	1463	1784088804620	2128400359
20428	1489	1784088804620	3310199617
20429	1709	1784088804621	244228290
2043	1455	1784088791926	2379396951
20430	1555	1784088804621	2496990923
20431	1541	1784088804621	2980824050
20432	1545	1784088804621	2334012150
20433	1586	1784088804623	2719423542
20434	1584	1784088804623	1061655735
20435	1540	1784088804623	889919743
20436	1680	1784088804624	1540427137
20437	1551	1784088804625	1728116637
20438	1680	1784088804625	3968502419
20439	1553	1784088804626	4024412739
2044	1549	1784088791927	3427657357
20440	1694	1784088804626	1973491743
20441	1563	1784088804627	504101979
20442	1693	1784088804627	881440536
20443	1564	1784088804627	1775672438
20444	1565	1784088804628	587348040
20445	1550	1784088804628	1531232221
20446	1566	1784088804629	3478149066
20447	1551	1784088804629	2442405154
20448	1554	1784088804630	3308469351
20449	1539	1784088804630	4133187480
2045	1455	1784088791927	2754886405
20450	1900	1784088804630	4264554255
20451	1548	1784088804631	902019982
20452	1914	1784088804631	1625291344
20453	1549	1784088804631	3190634902
20454	1914	1784088804633	2273057288
20455	1549	1784088804633	665131048
20456	1903	1784088804633	3559069306
20457	1551	1784088804634	2963700965
20458	1556	1784088804634	2704351468
20459	1540	1784088804635	1512851570
2046	1549	1784088791928	2350096102
20460	1734	1784088804635	3008972105
20461	1549	1784088804636	3063822132
20462	1740	1784088804636	2442514722
20463	1550	1784088804637	1182462519
20464	1740	1784088804637	3473713657
20465	1550	1784088804638	3091531804
20466	1736	1784088804638	3761711526
20467	1551	1784088804638	3746942285
20468	1531	1784088804639	3897206870
20469	1526	1784088804639	2209175680
2047	1455	1784088791928	3163963595
20470	1524	1784088804640	3034466890
20471	1530	1784088804640	2151693748
20472	1522	1784088804641	1267196655
20473	1517	1784088804641	1303120829
20474	1517	1784088804641	4262036901
20475	1509	1784088804641	4212628111
20476	1508	1784088804643	1718809815
20477	1533	1784088804643	1189409034
20478	1525	1784088804643	3553426232
20479	1526	1784088804643	922569806
2048	1727	1784088791929	3415189185
20480	1519	1784088804644	4112721587
20481	1511	1784088804644	2106592615
20482	1504	1784088804645	1632835690
20483	1508	1784088804645	2925202851
20484	1525	1784088804646	115463939
20485	1521	1784088804646	828973266
20486	1538	1784088804647	2553549526
20487	1520	1784088804647	931971299
20488	1520	1784088804648	3004612565
20489	1514	1784088804648	86453677
2049	1523	1784088791929	514536816
20490	1512	1784088804648	4226537008
20491	1505	1784088804649	3679066131
20492	1506	1784088804650	2625231627
20493	1516	1784088804650	1238255759
20494	1528	1784088804651	1009549458
20495	1521	1784088804651	3370373019
20496	1522	1784088804652	2162683183
20497	1519	1784088804652	4085246816
20498	1530	1784088804652	1336326606
20499	1523	1784088804653	2401832714
205	1667	1784088786375	1586025415
2050	1549	1784088791930	2310762707
20500	1524	1784088804653	2827302748
20501	1521	1784088804654	2416897329
20502	1592	1784088804655	3289576817
20503	1508	1784088804655	1724263719
20504	1508	1784088804655	1527310021
20505	1511	1784088804656	685592800
20506	1632	1784088804657	2928223815
20507	1632	1784088804657	119810425
20508	1629	1784088804657	583527205
20509	1627	1784088804658	2580557296
2051	1455	1784088791930	2870143615
20510	1631	1784088804658	1782581430
20511	1631	1784088804659	2952606791
20512	1631	1784088804659	1842704946
20513	1631	1784088804660	1897066344
20514	1632	1784088804660	3694095465
20515	1630	1784088804660	332678732
20516	1624	1784088804661	2043973791
20517	1627	1784088804661	2660250461
20518	1619	1784088804661	2686225157
20519	1623	1784088804662	393631746
2052	1549	1784088791931	1776026709
20520	1512	1784088804662	2541704565
20521	1512	1784088804663	584941920
20522	1509	1784088804663	955900733
20523	1507	1784088804664	4290311112
20524	1511	1784088804664	1458120324
20525	1623	1784088804664	4279490317
20526	1623	1784088804666	3993318533
20527	1623	1784088804666	3139917712
20528	1624	1784088804667	1991013013
20529	1511	1784088804667	3950940815
2053	1455	1784088791931	3014693297
20530	1511	1784088804668	3462040789
20531	1511	1784088804668	1073392015
20532	1512	1784088804669	2514634950
20533	1728	1784088804669	4159525627
20534	1729	1784088804670	1162626452
20535	1730	1784088804670	3493914661
20536	1727	1784088804671	3231393952
20537	1728	1784088804671	2524412144
20538	2028	1784088804671	3426307166
20539	2029	1784088804671	4072648946
2054	1731	1784088791931	3084164996
20540	2030	1784088804672	276598654
20541	2027	1784088804673	2002462754
20542	2028	1784088804673	3514653004
20543	2031	1784088804673	1014495088
20544	2032	1784088804674	783660719
20545	2033	1784088804674	615221314
20546	2030	1784088804674	3606059352
20547	2031	1784088804676	2401914410
20548	2031	1784088804676	1650858843
20549	2032	1784088804677	1467556269
2055	1523	1784088791933	421805269
20550	2033	1784088804677	3025584837
20551	2030	1784088804677	2053067755
20552	2031	1784088804678	96623149
20553	2028	1784088804678	3709246025
20554	2029	1784088804679	4145988945
20555	2030	1784088804679	3211763363
20556	2027	1784088804680	2111027922
20557	2028	1784088804680	1148848227
20558	1486	1784088804680	3037121966
20559	1477	1784088804681	1143864358
2056	1548	1784088791933	2987387378
20560	1581	1784088804681	1922634612
20561	1582	1784088804681	3532951923
20562	1584	1784088804682	1082851588
20563	1584	1784088804682	3604585070
20564	1581	1784088804682	2957347993
20565	1464	1784088804683	1465961723
20566	1476	1784088804683	2035705025
20567	1474	1784088804684	2429910201
20568	1475	1784088804684	2172474302
20569	1477	1784088804684	190662260
2057	1455	1784088791933	2197055021
20570	1477	1784088804685	1200670799
20571	1474	1784088804685	1107588998
20572	1476	1784088804686	1597784888
20573	1477	1784088804686	3672075122
20574	1478	1784088804686	344146950
20575	1478	1784088804687	4046372156
20576	1475	1784088804687	3867403257
20577	1478	1784088804688	1901800006
20578	1479	1784088804688	3823599223
20579	1480	1784088804689	1105657088
2058	1548	1784088791934	2973853513
20580	1480	1784088804689	1823083224
20581	1477	1784088804689	1302396316
20582	1484	1784088804690	33333687
20583	1485	1784088804690	3084314968
20584	1486	1784088804691	898613446
20585	1486	1784088804692	1285711359
20586	1483	1784088804692	1295064644
20587	1484	1784088804693	337300097
20588	1485	1784088804693	3020413543
20589	1486	1784088804694	2709158109
2059	1455	1784088791934	3382379847
20590	1486	1784088804694	367258148
20591	1483	1784088804695	2732732068
20592	1472	1784088804695	3894220457
20593	1473	1784088804696	3968785218
20594	1474	1784088804696	156635950
20595	1474	1784088804696	2601569
20596	1471	1784088804697	4270744793
20597	1484	1784088804697	2626606449
20598	1485	1784088804698	812761059
20599	1486	1784088804698	1853420755
206	1566	1784088786376	2035579164
2060	1548	1784088791935	43896343
20600	1486	1784088804698	2681567594
20601	1483	1784088804699	1599102715
20602	1481	1784088804699	64616018
20603	1482	1784088804700	3079999975
20604	1483	1784088804700	2977665828
20605	1483	1784088804701	792517737
20606	1480	1784088804701	813133188
20607	1489	1784088804701	3429789281
20608	1490	1784088804701	3803006050
20609	1491	1784088804703	278512589
2061	1455	1784088791935	3920920917
20610	1491	1784088804703	2063652297
20611	1488	1784088804704	3108698330
20612	1479	1784088804704	2235468143
20613	1480	1784088804704	3879149938
20614	1481	1784088804705	1324684494
20615	1481	1784088804705	1028563740
20616	1478	1784088804706	3369857022
20617	1485	1784088804706	1168476170
20618	1486	1784088804707	2338729406
20619	1487	1784088804707	2427426229
2062	1548	1784088791936	3555085905
20620	1487	1784088804707	522398700
20621	1484	1784088804708	1234387662
20622	1488	1784088804708	3191537966
20623	1489	1784088804709	3829847878
20624	1490	1784088804709	1962828738
20625	1490	1784088804710	2792587269
20626	1487	1784088804710	1060761876
20627	1485	1784088804710	650748541
20628	1486	1784088804711	728817275
20629	1487	1784088804711	3139656848
2063	1455	1784088791936	4044815003
20630	1487	1784088804711	1454628222
20631	1484	1784088804711	907484471
20632	1549	1784088804713	497634331
20633	1550	1784088804713	179503281
20634	1551	1784088804714	2211544059
20635	1551	1784088804714	3504141214
20636	1548	1784088804715	1448841240
20637	1550	1784088804715	3707663820
20638	1551	1784088804715	4227858581
20639	1552	1784088804715	3500442521
2064	1713	1784088791937	2639322549
20640	1552	1784088804716	1961682842
20641	1549	1784088804716	3686880101
20642	1551	1784088804717	3355598389
20643	1552	1784088804717	1963454683
20644	1553	1784088804718	2531881891
20645	1553	1784088804718	1117952205
20646	1550	1784088804718	4051907533
20647	1551	1784088804719	746279552
20648	1549	1784088804719	3184447947
20649	1550	1784088804720	850159024
2065	1510	1784088791937	56963158
20650	1552	1784088804720	3266346368
20651	1552	1784088804721	1556103024
20652	1549	1784088804721	385575902
20653	1653	1784088804721	1810826650
20654	1555	1784088804721	3879346753
20655	1653	1784088804723	1622209586
20656	1555	1784088804723	4183650138
20657	1653	1784088804724	3449012756
20658	1555	1784088804724	1922607917
20659	1668	1784088804724	3238912504
2066	1548	1784088791937	3083692916
20660	1571	1784088804725	3097492654
20661	1489	1784088804725	1134437216
20662	1513	1784088804725	171570891
20663	1514	1784088804726	268690809
20664	1512	1784088804726	218430050
20665	1521	1784088804727	4154638071
20666	1506	1784088804727	1604307691
20667	1489	1784088804728	884186711
20668	1465	1784088804728	910291239
20669	1476	1784088804728	635836813
2067	1455	1784088791937	3226602759
20670	1505	1784088804729	3552001446
20671	1800	1784088804729	39663911
20672	1779	1784088804730	1413428519
20673	1787	1784088804730	4019700122
20674	1694	1784088804730	4066615114
20675	1740	1784088804731	2726584864
20676	1546	1784088804731	2218870138
20677	1557	1784088804731	518056167
20678	1558	1784088804733	3101458245
20679	1571	1784088804733	1620744082
2068	1548	1784088791938	3795586133
20680	1639	1784088804733	2130348271
20681	1561	1784088804734	377387093
20682	1547	1784088804734	474209070
20683	1849	1784088804735	1935127402
20684	1568	1784088804735	3605586922
20685	1548	1784088804736	4141338923
20686	1591	1784088804736	2886493054
20687	1562	1784088804737	1718655454
20688	1555	1784088804737	2222149593
20689	1570	1784088804738	2240699725
2069	1455	1784088791938	2336058989
20690	1573	1784088804738	1479900691
20691	1567	1784088804738	218828298
20692	1576	1784088804739	1856298215
20693	1563	1784088804739	1848800504
20694	1458	1784088804740	1452763139
20695	1458	1784088804740	2799038231
20696	1458	1784088804740	1835229290
20697	1458	1784088804741	2636244862
20698	1458	1784088804741	3467598197
20699	1458	1784088804742	1055776353
207	1647	1784088786376	1468410348
2070	1548	1784088791939	1976922282
20700	1458	1784088804742	3077793903
20701	1458	1784088804742	1194454907
20702	1518	1784088804743	316624736
20703	1521	1784088804743	1819955050
20704	1527	1784088804743	3635917444
20705	1524	1784088804743	744593956
20706	1630	1784088804745	2308702022
20707	1520	1784088804745	1333176107
20708	1843	1784088804746	4206391047
20709	1862	1784088804746	2463627677
2071	1455	1784088791939	3621169075
20710	1532	1784088804747	2181047209
20711	1526	1784088804747	3327165778
20712	1532	1784088804748	1526328460
20713	1724	1784088804748	3898621822
20714	1534	1784088804749	3316685141
20715	1507	1784088804749	1704800259
20716	1540	1784088804749	3456536698
20717	1520	1784088804750	266069238
20718	1478	1784088804750	2024454947
20719	1461	1784088804751	3195675486
2072	1548	1784088791940	3411665648
20720	1482	1784088804751	4041962071
20721	1461	1784088804751	1155411939
20722	1674	1784088804752	2234644542
20723	1463	1784088804753	1765872544
20724	1459	1784088804753	802865573
20725	1484	1784088804754	2682169310
20726	1465	1784088804754	2116567242
20727	1674	1784088804755	81346070
20728	1591	1784088804756	3988501609
20729	1508	1784088804756	3456202194
2073	1455	1784088791940	3480542333
20730	1510	1784088804756	1791110384
20731	1508	1784088804757	2452470622
20732	1509	1784088804757	1833263061
20733	1599	1784088804758	2857512976
20734	1490	1784088804758	3578682669
20735	1565	1784088804758	2574692465
20736	1565	1784088804759	2635690259
20737	1565	1784088804760	2054443953
20738	1565	1784088804760	3857246924
20739	1565	1784088804760	1775334686
2074	1630	1784088791941	580895762
20740	1565	1784088804761	4071553455
20741	1565	1784088804761	3499721685
20742	1565	1784088804762	928643896
20743	1565	1784088804762	1274611455
20744	1515	1784088804763	192602893
20745	1603	1784088804763	2583271655
20746	1603	1784088804763	2674468228
20747	1600	1784088804764	1792265470
20748	1612	1784088804764	2534500775
20749	1612	1784088804764	1521668487
2075	1506	1784088791941	3466938807
20750	1514	1784088804764	3563254467
20751	1662	1784088804765	3250677252
20752	1673	1784088804765	1087057124
20753	1673	1784088804766	4096219832
20754	1564	1784088804766	1803962576
20755	1564	1784088804767	2736167095
20756	1564	1784088804767	2142098263
20757	1564	1784088804768	117230118
20758	1564	1784088804768	1103706098
20759	1564	1784088804768	1975130787
2076	1549	1784088791941	441939822
20760	1564	1784088804769	4247672783
20761	1564	1784088804769	3115381753
20762	1564	1784088804770	3887823205
20763	1725	1784088804770	2009664535
20764	1523	1784088804771	2590786951
20765	1704	1784088804771	604886204
20766	1511	1784088804771	3617914053
20767	1953	1784088804771	874065786
20768	1662	1784088804773	1487268809
20769	2071	1784088804773	2485569723
2077	1455	1784088791941	4264569825
20770	1673	1784088804774	218920363
20771	2071	1784088804774	231213763
20772	1673	1784088804774	169142245
20773	1465	1784088804774	4288692747
20774	1465	1784088804775	3451221813
20775	1459	1784088804775	592564459
20776	1465	1784088804775	389791248
20777	1462	1784088804776	234877639
20778	1465	1784088804777	547225696
20779	1465	1784088804777	501671140
2078	1549	1784088791943	12392510
20780	1913	1784088804778	3147889132
20781	1895	1784088804778	4054986536
20782	1744	1784088804779	902659759
20783	1988	1784088804779	3829421220
20784	1988	1784088804780	1470402711
20785	1986	1784088804780	823054247
20786	1684	1784088804780	1820878
20787	1481	1784088804781	1407394339
20788	1476	1784088804781	2869361737
20789	1469	1784088804782	918102867
2079	1455	1784088791943	3042920587
20790	1476	1784088804782	4184152002
20791	1470	1784088804783	678173391
20792	1469	1784088804783	2819446955
20793	1461	1784088804784	834902310
20794	1516	1784088804784	2943101243
20795	1590	1784088804784	3349928170
20796	1589	1784088804785	3427197251
20797	1589	1784088804786	3944189719
20798	1589	1784088804786	3793582639
20799	1590	1784088804787	3919893402
208	1546	1784088786377	3908030587
2080	1730	1784088791944	1256299167
20800	1589	1784088804787	4189831308
20801	1578	1784088804787	1490199804
20802	1578	1784088804788	3520644599
20803	1578	1784088804788	3253732704
20804	1578	1784088804789	2661905616
20805	1579	1784088804789	3287101598
20806	1582	1784088804790	3811227793
20807	1471	1784088804790	2655077119
20808	1471	1784088804790	1769496651
20809	1471	1784088804791	2340799343
2081	1523	1784088791944	3817344060
20810	1471	1784088804791	710315565
20811	1471	1784088804793	1396501188
20812	1471	1784088804793	3892294254
20813	1471	1784088804794	667602907
20814	1471	1784088804794	1287001066
20815	1471	1784088804794	269401982
20816	1471	1784088804795	607449925
20817	1471	1784088804795	3165352143
20818	1471	1784088804796	730463823
20819	1471	1784088804796	3080759705
2082	1548	1784088791945	3306345491
20820	1898	1784088804796	3383558085
20821	1748	1784088804796	669465226
20822	1616	1784088804797	1594445620
20823	1613	1784088804797	3454215390
20824	1618	1784088804798	1022809320
20825	1632	1784088804798	3651376705
20826	1628	1784088804799	570023452
20827	1686	1784088804799	1194154459
20828	1625	1784088804799	1348746766
20829	1694	1784088804800	581650254
2083	1455	1784088791945	1547312574
20830	1679	1784088804800	2063697264
20831	1512	1784088804801	2389458867
20832	1543	1784088804801	3340872079
20833	1732	1784088804802	667952899
20834	1527	1784088804802	3026159605
20835	1516	1784088804802	1458068026
20836	1516	1784088804804	1973325380
20837	1513	1784088804804	1884613567
20838	1722	1784088804804	3416256354
20839	1517	1784088804804	1988674061
2084	1704	1784088791945	1917634147
20840	1472	1784088804805	155117874
20841	1464	1784088804805	4098974394
20842	1514	1784088804805	121208343
20843	1523	1784088804807	3910605361
20844	1535	1784088804807	2516845742
20845	1529	1784088804808	2268203538
20846	1540	1784088804808	96744296
20847	1534	1784088804809	1338237886
20848	1520	1784088804809	1197823348
20849	1537	1784088804809	3011768380
2085	1519	1784088791946	3769773798
20850	1507	1784088804810	2412594090
20851	1515	1784088804810	1247156061
20852	1515	1784088804811	4036719464
20853	1626	1784088804811	1681077389
20854	1692	1784088804812	2098739629
20855	1690	1784088804812	906585851
20856	1685	1784088804812	2486985388
20857	1737	1784088804813	532927922
20858	1759	1784088804814	629839424
20859	1599	1784088804815	2232298973
2086	1463	1784088791946	4096228755
20860	1520	1784088804815	3201884139
20861	1515	1784088804816	3991014637
20862	1515	1784088804816	3132110822
20863	1518	1784088804817	1869599564
20864	1543	1784088804817	1043203073
20865	1537	1784088804818	4053029928
20866	1490	1784088804818	2078329324
20867	1486	1784088804818	2680686451
20868	1486	1784088804819	893386536
20869	1485	1784088804819	626295842
2087	1455	1784088791947	1837034018
20870	1484	1784088804820	4283026200
20871	1663	1784088804820	3286885907
20872	1748	1784088804821	2440918023
20873	1624	1784088804821	1448320890
20874	1742	1784088804822	577724072
20875	1616	1784088804822	1125675659
20876	1614	1784088804823	4203995569
20877	1617	1784088804823	613760650
20878	1511	1784088804824	3899834612
20879	1672	1784088804824	2163076479
2088	1549	1784088791948	3418258861
20880	1693	1784088804824	524942262
20881	1691	1784088804826	1954721889
20882	1626	1784088804826	2842697449
20883	1489	1784088804827	2240037312
20884	1739	1784088804827	2205809345
20885	1510	1784088804827	3394478391
20886	1506	1784088804828	3014824143
20887	1680	1784088804828	1054112615
20888	1502	1784088804829	3472037770
20889	1675	1784088804829	131894346
2089	1455	1784088791949	638683464
20890	1666	1784088804830	1617218340
20891	1524	1784088804831	1827483592
20892	1554	1784088804831	4039529758
20893	1567	1784088804831	3184900808
20894	1596	1784088804832	242723942
20895	1578	1784088804832	640714444
20896	1565	1784088804833	4200253740
20897	1465	1784088804833	1172945890
20898	1467	1784088804834	1259827245
20899	1588	1784088804834	79570559
209	1645	1784088786377	3151148075
2090	1463	1784088791949	3234901852
20900	1595	1784088804834	507202428
20901	1471	1784088804836	960618699
20902	1555	1784088804836	1902319614
20903	1567	1784088804837	4240023261
20904	1567	1784088804837	1286490442
20905	1463	1784088804838	1757052859
20906	1564	1784088804839	937150421
20907	1604	1784088804839	81008586
20908	1551	1784088804840	1816364911
20909	1551	1784088804840	989377044
2091	1455	1784088791950	2063220886
20910	1613	1784088804840	1982624532
20911	1467	1784088804841	1960900996
20912	1545	1784088804841	771854963
20913	1552	1784088804841	900042404
20914	1550	1784088804842	4200966231
20915	1556	1784088804843	400660116
20916	1557	1784088804843	2765679000
20917	1555	1784088804844	1761945733
20918	1547	1784088804844	2627665071
20919	1612	1784088804844	1303946716
2092	1627	1784088791950	1142869374
20920	1463	1784088804844	4059983394
20921	1465	1784088804846	1543019752
20922	1565	1784088804847	879774488
20923	1684	1784088804847	3456541945
20924	1684	1784088804848	4011630693
20925	1684	1784088804848	3804406241
20926	1684	1784088804849	4104168301
20927	1684	1784088804849	4185826025
20928	1480	1784088804850	3018565531
20929	1722	1784088804850	2605280541
2093	1505	1784088791951	3231617802
20930	1456	1784088804851	3482401734
20931	1553	1784088804851	1231377285
20932	1474	1784088804851	3214521127
20933	1476	1784088804852	2825775687
20934	1482	1784088804853	281945356
20935	1518	1784088804854	1827779744
20936	1518	1784088804854	135757241
20937	1715	1784088804854	3739072019
20938	1544	1784088804854	140323403
20939	1508	1784088804856	4013451500
2094	1549	1784088791951	1825618481
20940	1509	1784088804857	2473688008
20941	1507	1784088804858	3767684524
20942	1509	1784088804858	461603334
20943	1508	1784088804859	700106207
20944	1508	1784088804859	3066950783
20945	1467	1784088804860	4187739415
20946	1468	1784088804860	218434547
20947	1467	1784088804861	555571757
20948	1465	1784088804861	1827826037
20949	1786	1784088804862	1713994769
2095	1455	1784088791951	1270789898
20950	1790	1784088804863	2302545818
20951	1790	1784088804864	2236101876
20952	1791	1784088804864	1039364982
20953	1527	1784088804864	3157852065
20954	1522	1784088804866	1289143918
20955	1532	1784088804866	1918684947
20956	1516	1784088804867	1592954337
20957	1648	1784088804867	1914142908
20958	1660	1784088804867	4206772584
20959	1657	1784088804868	1782879996
2096	1549	1784088791952	3442498385
20960	1475	1784088804868	2888997703
20961	1653	1784088804869	4173589754
20962	1655	1784088804869	2751281112
20963	1655	1784088804870	3396784135
20964	1654	1784088804870	2846408700
20965	1653	1784088804871	2737085422
20966	1659	1784088804871	746763857
20967	1656	1784088804871	3178664457
20968	1466	1784088804871	115033462
20969	1462	1784088804872	2413157463
2097	1455	1784088791953	1394396356
20970	1526	1784088804872	2356880781
20971	1518	1784088804873	4209126657
20972	1526	1784088804873	863143973
20973	1518	1784088804874	3597920731
20974	1526	1784088804874	3919010679
20975	1518	1784088804874	57358537
20976	1526	1784088804876	4240542030
20977	1518	1784088804876	125314922
20978	1526	1784088804877	1527526512
20979	1518	1784088804877	3480399119
2098	1549	1784088791953	2572242131
20980	1513	1784088804878	79308748
20981	1513	1784088804879	1075512063
20982	1513	1784088804880	1526151947
20983	1513	1784088804880	545450198
20984	1513	1784088804881	3700901423
20985	1513	1784088804881	1894583500
20986	1513	1784088804881	2723125009
20987	1513	1784088804883	1977181455
20988	1513	1784088804883	3435677265
20989	1513	1784088804884	2911721096
2099	1455	1784088791954	410234798
20990	1525	1784088804884	2004615722
20991	1518	1784088804885	3468390773
20992	1525	1784088804885	3772764274
20993	1518	1784088804885	17758925
20994	1525	1784088804886	3721475627
20995	1518	1784088804886	138875772
20996	1525	1784088804887	2758866459
20997	1518	1784088804887	1885707610
20998	1525	1784088804888	1591631619
20999	1518	1784088804888	2332789580
21	1583	1784088786186	2732553247
210	1544	1784088786377	546050622
2100	1587	1784088791954	3501466944
21000	1528	1784088804888	637306414
21001	1516	1784088804889	3965125483
21002	1528	1784088804889	3737899817
21003	1516	1784088804890	559913303
21004	1528	1784088804890	652358871
21005	1516	1784088804890	3171710623
21006	1528	1784088804891	1442829770
21007	1516	1784088804891	727915947
21008	1528	1784088804891	3410271310
21009	1516	1784088804893	3684054507
2101	1455	1784088791957	632255082
21010	1527	1784088804893	2466681466
21011	1513	1784088804894	1408861532
21012	1527	1784088804894	1239901573
21013	1513	1784088804895	1489254262
21014	1527	1784088804895	2573219024
21015	1513	1784088804895	3093714684
21016	1527	1784088804895	1665081715
21017	1513	1784088804896	3302561647
21018	1527	1784088804896	1966515671
21019	1513	1784088804897	709655490
2102	1504	1784088791958	4131008274
21020	1512	1784088804897	1470760374
21021	1513	1784088804898	3769393405
21022	1512	1784088804899	3112688342
21023	1513	1784088804899	2357502168
21024	1512	1784088804899	3252935118
21025	1513	1784088804900	1975642279
21026	1512	1784088804900	2624549628
21027	1513	1784088804901	4157443982
21028	1512	1784088804901	708854597
21029	1513	1784088804901	2094647399
2103	1496	1784088791958	1338344705
21030	1519	1784088804903	546688948
21031	1515	1784088804903	2308105545
21032	1519	1784088804903	3161457064
21033	1515	1784088804904	598098049
21034	1519	1784088804904	55430642
21035	1515	1784088804905	2903769427
21036	1519	1784088804905	1939593876
21037	1515	1784088804905	1119138400
21038	1519	1784088804906	1779565458
21039	1515	1784088804906	972186968
2104	1596	1784088791958	1169348335
21040	1525	1784088804907	433657021
21041	1516	1784088804907	77270293
21042	1525	1784088804907	3246396555
21043	1516	1784088804908	2084808404
21044	1525	1784088804908	990244376
21045	1516	1784088804909	1404925114
21046	1525	1784088804909	430505712
21047	1516	1784088804909	3651040464
21048	1525	1784088804910	2515196803
21049	1516	1784088804910	1007110896
2105	1503	1784088791959	2337482245
21050	1530	1784088804911	1200164391
21051	1515	1784088804911	1436113040
21052	1513	1784088804911	3832746527
21053	1513	1784088804911	3710707572
21054	1513	1784088804913	529102205
21055	1513	1784088804913	3925947221
21056	1513	1784088804914	2558128011
21057	1513	1784088804914	4019647584
21058	1513	1784088804915	3054809411
21059	1513	1784088804915	3272680509
2106	1613	1784088791959	2934060213
21060	1513	1784088804915	611050738
21061	1513	1784088804915	2644537518
21062	1522	1784088804916	87673460
21063	1518	1784088804917	1536261226
21064	1522	1784088804917	1991032810
21065	1518	1784088804918	3087277803
21066	1522	1784088804918	4224667675
21067	1518	1784088804919	2616005122
21068	1522	1784088804919	1869979434
21069	1518	1784088804919	486590487
2107	1503	1784088791960	1140223014
21070	1522	1784088804920	1406872574
21071	1518	1784088804920	1265444228
21072	1527	1784088804921	2399852137
21073	1518	1784088804921	985414316
21074	1522	1784088804921	3240391829
21075	1512	1784088804921	850888370
21076	1514	1784088804923	215621427
21077	1515	1784088804923	1033694200
21078	1514	1784088804924	2222736574
21079	1515	1784088804924	4066125985
2108	1519	1784088791960	1020330082
21080	1514	1784088804925	4026833368
21081	1515	1784088804925	3471588582
21082	1514	1784088804925	2034322574
21083	1515	1784088804926	2443677267
21084	1514	1784088804926	4233604216
21085	1515	1784088804927	2426673023
21086	1519	1784088804927	4202930898
21087	1515	1784088804928	951548354
21088	1519	1784088804928	3602400062
21089	1515	1784088804928	111296851
2109	1512	1784088791961	394289819
21090	1519	1784088804929	3220185863
21091	1515	1784088804929	1210703047
21092	1519	1784088804930	1426678785
21093	1515	1784088804930	4012825751
21094	1519	1784088804931	131868378
21095	1515	1784088804931	1460004251
21096	1525	1784088804931	3640453762
21097	1518	1784088804931	33019135
21098	1525	1784088804933	1645159475
21099	1518	1784088804933	2680858647
211	1648	1784088786378	287737552
2110	1512	1784088791961	2535344559
21100	1525	1784088804934	1746619229
21101	1518	1784088804934	1315405782
21102	1525	1784088804935	3009701626
21103	1518	1784088804935	4061122526
21104	1525	1784088804935	3057781901
21105	1518	1784088804935	1265578307
21106	1523	1784088804936	2674616704
21107	1516	1784088804936	1700687910
21108	1523	1784088804937	531873824
21109	1516	1784088804937	2845345221
2111	1504	1784088791962	3864571356
21110	1523	1784088804937	3440911664
21111	1516	1784088804938	2442303349
21112	1523	1784088804938	1615211602
21113	1516	1784088804939	285070599
21114	1523	1784088804939	3214416147
21115	1516	1784088804939	2180126870
21116	1512	1784088804940	3626411914
21117	1512	1784088804941	751822758
21118	1512	1784088804941	1887049438
21119	1512	1784088804943	2543144224
2112	1594	1784088791962	562790637
21120	1512	1784088804943	2153317682
21121	1512	1784088804943	1751434013
21122	1512	1784088804944	3453897766
21123	1512	1784088804944	467289137
21124	1512	1784088804945	3246412460
21125	1512	1784088804945	1011590383
21126	1520	1784088804946	1926870058
21127	1516	1784088804946	1649633707
21128	1520	1784088804946	1438778259
21129	1516	1784088804947	1257940402
2113	1504	1784088791963	696388773
21130	1520	1784088804947	1313843795
21131	1516	1784088804947	4112867923
21132	1520	1784088804948	3624818790
21133	1516	1784088804949	1555160103
21134	1520	1784088804949	1516162712
21135	1516	1784088804950	1512393617
21136	1526	1784088804950	543613536
21137	1514	1784088804950	3052761926
21138	1526	1784088804951	2983579958
21139	1514	1784088804951	1870026577
2114	1521	1784088791963	2314615195
21140	1526	1784088804951	2944409340
21141	1514	1784088804953	1466893051
21142	1526	1784088804953	2446681215
21143	1514	1784088804953	1193449044
21144	1526	1784088804954	2559282427
21145	1514	1784088804954	895911275
21146	1518	1784088804955	3848064876
21147	1514	1784088804955	1366671370
21148	1518	1784088804955	2680528313
21149	1514	1784088804956	1400025251
2115	1514	1784088791964	414031366
21150	1518	1784088804957	775648279
21151	1514	1784088804957	4262078501
21152	1518	1784088804957	12379832
21153	1514	1784088804958	2647068485
21154	1518	1784088804959	2038543718
21155	1514	1784088804959	1462798603
21156	1515	1784088804960	3341710138
21157	1510	1784088804960	1358710032
21158	1515	1784088804961	89353734
21159	1510	1784088804961	3125911182
2116	1599	1784088791964	3201006718
21160	1515	1784088804961	2686938924
21161	1510	1784088804962	1511291565
21162	1515	1784088804962	2266575361
21163	1510	1784088804963	978625263
21164	1515	1784088804963	3194629072
21165	1510	1784088804964	1688359542
21166	1517	1784088804964	2511591693
21167	1513	1784088804965	617498622
21168	1517	1784088804965	4114442226
21169	1513	1784088804966	1471486760
2117	1507	1784088791965	2701734648
21170	1517	1784088804966	1869461069
21171	1513	1784088804968	1246685688
21172	1517	1784088804968	1029765795
21173	1513	1784088804969	3502680448
21174	1517	1784088804969	3684883995
21175	1513	1784088804969	3621332523
21176	1526	1784088804970	3038448578
21177	1514	1784088804970	2114946681
21178	1519	1784088804971	2025498123
21179	1518	1784088804971	1518971272
2118	1509	1784088791965	676633258
21180	1519	1784088804971	828135893
21181	1518	1784088804972	3416441364
21182	1519	1784088804973	2182246285
21183	1518	1784088804973	3581060123
21184	1519	1784088804974	3582320152
21185	1518	1784088804974	4035052139
21186	1519	1784088804975	2642168619
21187	1518	1784088804975	1086932361
21188	1510	1784088804976	4274076918
21189	1510	1784088804976	2453841408
2119	1505	1784088791966	3681146777
21190	1510	1784088804977	750003461
21191	1510	1784088804977	880095304
21192	1510	1784088804977	1770015732
21193	1510	1784088804978	3831649969
21194	1510	1784088804978	3035025273
21195	1510	1784088804978	1720116930
21196	1510	1784088804979	208929163
21197	1510	1784088804979	754489224
21198	1519	1784088804980	3059082719
21199	1517	1784088804980	1356800563
212	1547	1784088786378	762673065
2120	1503	1784088791966	574594051
21200	1519	1784088804980	2156719998
21201	1517	1784088804981	3503974549
21202	1519	1784088804981	3665896288
21203	1517	1784088804982	1014841500
21204	1519	1784088804983	986194917
21205	1517	1784088804983	3345364181
21206	1519	1784088804984	158396701
21207	1517	1784088804984	1719378683
21208	1517	1784088804984	3569588969
21209	1516	1784088804985	3727371607
2121	1495	1784088791967	3569211140
21210	1517	1784088804985	2409241252
21211	1516	1784088804986	1364573981
21212	1517	1784088804986	3746675841
21213	1516	1784088804987	1207803347
21214	1517	1784088804987	1075262088
21215	1516	1784088804987	3033128987
21216	1517	1784088804988	1994113371
21217	1516	1784088804988	991236259
21218	1525	1784088804989	2701032684
21219	1516	1784088804989	120999018
2122	1595	1784088791967	3338341099
21220	1525	1784088804990	3368677325
21221	1516	1784088804990	310596527
21222	1525	1784088804991	1141018974
21223	1516	1784088804991	2298975470
21224	1525	1784088804991	900248048
21225	1516	1784088804991	3599832786
21226	1525	1784088804993	1342744685
21227	1516	1784088804993	4196667447
21228	1522	1784088804994	2495381536
21229	1510	1784088804994	2674670111
2123	1502	1784088791967	1679739428
21230	1522	1784088804995	2641198207
21231	1510	1784088804995	4021232922
21232	1522	1784088804995	3815554483
21233	1510	1784088804996	122596656
21234	1522	1784088804996	2173072743
21235	1510	1784088804997	3385858396
21236	1522	1784088804997	49305384
21237	1510	1784088804997	3650405117
21238	1519	1784088804998	2526333638
21239	1517	1784088804998	4084951840
2124	1614	1784088791968	1606676425
21240	1519	1784088804999	1708273480
21241	1517	1784088804999	2478669277
21242	1519	1784088805000	2066758837
21243	1517	1784088805000	3643123987
21244	1519	1784088805001	3354812713
21245	1517	1784088805001	3113148229
21246	1519	1784088805001	3243981640
21247	1517	1784088805002	1245213528
21248	1517	1784088805002	1684517531
21249	1516	1784088805003	3415060316
2125	1502	1784088791968	2998375045
21250	1636	1784088805003	2133987129
21251	1571	1784088805004	3964817704
21252	1640	1784088805004	1106494593
21253	1571	1784088805005	4000201327
21254	1640	1784088805005	1617158586
21255	1571	1784088805005	3895101350
21256	1638	1784088805007	3690717413
21257	1571	1784088805007	3927370977
21258	1842	1784088805007	3502250106
21259	1762	1784088805008	3495073997
2126	1528	1784088791969	3730425399
21260	1843	1784088805008	4289229175
21261	1762	1784088805009	1542951805
21262	1845	1784088805009	2600245833
21263	1762	1784088805009	493620421
21264	1845	1784088805010	2787309292
21265	1762	1784088805010	3602951181
21266	1549	1784088805011	3076868051
21267	1509	1784088805011	835568598
21268	1549	1784088805011	293751540
21269	1509	1784088805012	2751098840
2127	1517	1784088791970	1086500455
21270	1549	1784088805012	1851859451
21271	1509	1784088805013	3633407041
21272	1549	1784088805013	290475905
21273	1509	1784088805014	1650492533
21274	1549	1784088805014	2416180495
21275	1509	1784088805014	1979949672
21276	1549	1784088805015	4013069173
21277	1509	1784088805015	3438428764
21278	1549	1784088805016	1238736466
21279	1509	1784088805016	1590029906
2128	1506	1784088791971	671453804
21280	1549	1784088805016	2476386107
21281	1509	1784088805017	3263496032
21282	1549	1784088805017	3970681153
21283	1509	1784088805017	2020941652
21284	1549	1784088805018	1845001167
21285	1509	1784088805018	1813395785
21286	1549	1784088805019	315168181
21287	1509	1784088805019	3605518717
21288	1549	1784088805020	3022919826
21289	1509	1784088805020	1154512243
2129	1502	1784088791971	2998669697
21290	1549	1784088805021	3419239325
21291	1509	1784088805021	1069252330
21292	1549	1784088805021	3036421607
21293	1509	1784088805021	2236260062
21294	1549	1784088805022	900706153
21295	1509	1784088805022	2435430595
21296	1549	1784088805023	1251918099
21297	1509	1784088805023	735598839
21298	1549	1784088805024	3967405108
21299	1509	1784088805024	3119510777
213	1647	1784088786379	2584972358
2130	1514	1784088791972	2962302401
21300	1549	1784088805025	56252865
21301	1509	1784088805025	1261223819
21302	1549	1784088805025	2087401403
21303	1509	1784088805027	4057817023
21304	1549	1784088805027	4248339765
21305	1509	1784088805027	3854465442
21306	1549	1784088805028	2181688143
21307	1509	1784088805028	1599052182
21308	1549	1784088805029	619636328
21309	1509	1784088805029	3447207320
2131	1504	1784088791972	976568113
21310	1549	1784088805029	1527614823
21311	1509	1784088805030	3054714369
21312	1549	1784088805030	607970077
21313	1509	1784088805031	216194613
21314	1549	1784088805031	2775536019
21315	1509	1784088805031	411170856
21316	1549	1784088805032	3663609833
21317	1509	1784088805032	2725255196
21318	1549	1784088805032	2092511950
21319	1509	1784088805033	810005522
2132	1520	1784088791973	963102289
21320	1549	1784088805033	3019239565
21321	1509	1784088805034	1780660958
21322	1644	1784088805034	3573506190
21323	1648	1784088805035	3535553529
21324	1653	1784088805035	1639662240
21325	1646	1784088805035	3602460580
21326	1651	1784088805037	3507734866
21327	1648	1784088805037	1316780377
21328	1647	1784088805038	3920401164
21329	1646	1784088805038	2677648261
2133	1516	1784088791973	38453681
21330	1652	1784088805039	3367811718
21331	1649	1784088805039	1673674122
21332	1519	1784088805039	2511928127
21333	1693	1784088805040	642640114
21334	1485	1784088805040	3110090927
21335	1544	1784088805041	3643687784
21336	1525	1784088805041	3927985218
21337	1520	1784088805041	301737071
21338	1621	1784088805043	486195497
21339	1557	1784088805043	2585337281
2134	1524	1784088791974	3576379636
21340	1743	1784088805044	4242596257
21341	1475	1784088805044	1482201945
21342	1475	1784088805045	825444239
21343	1513	1784088805045	2523321097
21344	1524	1784088805046	1077086913
21345	1521	1784088805046	3408407325
21346	1521	1784088805046	2304302005
21347	1540	1784088805046	315225093
21348	1530	1784088805047	2574898153
21349	1488	1784088805047	1529509390
2135	1520	1784088791974	526481058
21350	1470	1784088805048	1323266937
21351	1496	1784088805048	1336220650
21352	1496	1784088805049	3007638621
21353	1691	1784088805049	1176221335
21354	1469	1784088805049	179986484
21355	1463	1784088805050	2852225737
21356	1461	1784088805050	394258435
21357	1467	1784088805051	2482925345
21358	1515	1784088805051	2255147957
21359	1679	1784088805051	1479301768
2136	1524	1784088791975	1124930152
21360	1466	1784088805053	4005606778
21361	1470	1784088805053	1735158802
21362	1469	1784088805054	2694202468
21363	1470	1784088805054	961342974
21364	1639	1784088805054	2528299799
21365	1624	1784088805055	1765648453
21366	1467	1784088805055	4129676848
21367	1471	1784088805056	3543871283
21368	1465	1784088805056	766008391
21369	1578	1784088805056	412868602
2137	1520	1784088791975	1017686745
21370	1567	1784088805057	20429690
21371	1667	1784088805057	1719100132
21372	1750	1784088805058	3866880188
21373	1751	1784088805058	4160510912
21374	1749	1784088805059	2417795935
21375	1751	1784088805059	1713277067
21376	1783	1784088805060	1424916998
21377	1777	1784088805061	2013755775
21378	1775	1784088805061	591840148
21379	1771	1784088805063	205551361
2138	1611	1784088791976	84470997
21380	1778	1784088805063	3986110006
21381	1781	1784088805063	3305165947
21382	1768	1784088805064	488400491
21383	1772	1784088805064	515621588
21384	1782	1784088805065	1796530090
21385	1762	1784088805065	1253863982
21386	1780	1784088805066	1118540067
21387	1777	1784088805066	2489077364
21388	1760	1784088805066	3282643928
21389	1547	1784088805067	2349942862
2139	1519	1784088791976	2869657390
21390	1522	1784088805068	2360423930
21391	1527	1784088805069	1580890885
21392	1519	1784088805069	3423326024
21393	1545	1784088805070	3998627278
21394	1545	1784088805070	2966183485
21395	1545	1784088805071	1618580461
21396	1856	1784088805071	3848858086
21397	1838	1784088805071	1126077327
21398	1861	1784088805073	1032923580
21399	1856	1784088805073	4278239308
214	1546	1784088786379	2468225876
2140	1616	1784088791978	3355143218
21400	1838	1784088805074	4271877182
21401	1861	1784088805074	2189981930
21402	1523	1784088805075	3721720068
21403	1517	1784088805075	3851949287
21404	1699	1784088805076	1742244378
21405	1842	1784088805076	1042884750
21406	1636	1784088805076	928619288
21407	1632	1784088805077	2729770746
21408	1636	1784088805077	1815123641
21409	1572	1784088805078	505132811
2141	1523	1784088791978	3754008062
21410	1539	1784088805078	1315135252
21411	1540	1784088805079	4221151364
21412	1542	1784088805079	3601137925
21413	1538	1784088805079	2420554394
21414	1540	1784088805080	1906765056
21415	1541	1784088805080	178681385
21416	1543	1784088805081	1257568171
21417	1472	1784088805081	3306400615
21418	1472	1784088805083	2096036284
21419	1472	1784088805083	3969858741
2142	1626	1784088791979	2376112177
21420	1468	1784088805084	1197325899
21421	1677	1784088805084	601967849
21422	1674	1784088805085	4038560228
21423	1472	1784088805085	3478831221
21424	1472	1784088805086	66243365
21425	1472	1784088805086	2964029335
21426	1472	1784088805086	1947570532
21427	1472	1784088805087	3472079575
21428	1541	1784088805088	1837982296
21429	1716	1784088805088	3138907838
2143	1520	1784088791979	256455722
21430	1634	1784088805088	2925391282
21431	1486	1784088805089	2301893717
21432	1608	1784088805089	1694400742
21433	1611	1784088805090	699689649
21434	1477	1784088805090	2635534010
21435	1771	1784088805091	1934839710
21436	1470	1784088805091	3768704601
21437	1474	1784088805091	1748531202
21438	1623	1784088805093	3146679180
21439	1487	1784088805094	2363041708
2144	1554	1784088791979	3357304512
21440	1474	1784088805094	4214544369
21441	1491	1784088805095	1821357471
21442	1488	1784088805095	3044921078
21443	1484	1784088805096	308084499
21444	1517	1784088805096	3648615550
21445	1560	1784088805096	1271737564
21446	1488	1784088805097	2288079768
21447	1475	1784088805097	221663968
21448	1492	1784088805098	2715885220
21449	1489	1784088805098	305369439
2145	1462	1784088791980	304716967
21450	1485	1784088805099	1914173431
21451	1584	1784088805099	2628381389
21452	1556	1784088805100	3222495842
21453	1552	1784088805100	53428326
21454	1520	1784088805100	2386006083
21455	1520	1784088805101	2548150499
21456	1520	1784088805101	2764155402
21457	1520	1784088805101	2014607618
21458	1520	1784088805103	794193881
21459	1520	1784088805103	2851653151
2146	1561	1784088791980	2578412352
21460	1520	1784088805104	237801984
21461	1520	1784088805104	3263552194
21462	1605	1784088805105	135380923
21463	1596	1784088805105	421387356
21464	1610	1784088805106	1055652495
21465	1598	1784088805106	1945935498
21466	1605	1784088805106	1895931519
21467	1603	1784088805106	1974092537
21468	1605	1784088805107	48707313
21469	1608	1784088805107	2268765199
2147	1459	1784088791981	1026645361
21470	1597	1784088805108	2399951883
21471	1602	1784088805109	327899581
21472	1605	1784088805109	1189020536
21473	1605	1784088805110	2148506060
21474	1600	1784088805111	3767566013
21475	1595	1784088805113	1948529370
21476	1596	1784088805114	4144517473
21477	1867	1784088805114	2650253065
21478	1800	1784088805115	1134591368
21479	1796	1784088805115	2516658302
2148	1574	1784088791981	1317144743
21480	1475	1784088805116	3471400435
21481	1476	1784088805116	1899894642
21482	1576	1784088805116	922715035
21483	1564	1784088805117	453852735
21484	1717	1784088805117	957356987
21485	1723	1784088805118	738108823
21486	1705	1784088805118	1930598876
21487	1704	1784088805119	749034402
21488	1472	1784088805119	1646081425
21489	1473	1784088805120	1762382859
2149	1570	1784088791982	2098151624
21490	1761	1784088805120	658498501
21491	1868	1784088805121	915036588
21492	1866	1784088805121	292620022
21493	1865	1784088805121	2149368279
21494	1917	1784088805123	2518014718
21495	1920	1784088805123	3477709407
21496	1813	1784088805124	662717909
21497	1919	1784088805125	2674089939
21498	1928	1784088805125	1392217131
21499	1931	1784088805126	970634851
215	1650	1784088786380	1525523995
2150	1520	1784088791982	1978665947
21500	1824	1784088805126	2008273786
21501	1929	1784088805126	4125953936
21502	1928	1784088805127	3996848498
21503	1928	1784088805128	3056113350
21504	1927	1784088805129	123666479
21505	1927	1784088805130	2474516683
21506	1931	1784088805130	2940904198
21507	1931	1784088805131	4057708960
21508	1864	1784088805131	1688815090
21509	1797	1784088805131	2332630421
2151	1502	1784088791983	4046777283
21510	1793	1784088805133	2260456984
21511	1465	1784088805133	3568052743
21512	1531	1784088805134	3267392805
21513	1668	1784088805135	2981949522
21514	1702	1784088805135	3468050449
21515	1674	1784088805136	3789408148
21516	1714	1784088805137	507341967
21517	1720	1784088805137	799485743
21518	1702	1784088805138	2773690440
21519	1701	1784088805138	3058654182
2152	1516	1784088791983	1081519421
21520	1474	1784088805139	972342173
21521	1470	1784088805139	275764451
21522	1473	1784088805140	241134144
21523	1499	1784088805140	1673212318
21524	1499	1784088805140	1940605002
21525	1474	1784088805141	3237293491
21526	1578	1784088805142	601616395
21527	1766	1784088805142	2165637519
21528	1765	1784088805142	688156993
21529	1687	1784088805143	4022426306
2153	1503	1784088791984	2630625399
21530	1642	1784088805143	1643544249
21531	1552	1784088805145	3146662777
21532	1530	1784088805145	3613018439
21533	1531	1784088805146	2593689380
21534	1625	1784088805147	4036031980
21535	1619	1784088805148	1323380889
21536	1909	1784088805149	1477505139
21537	1602	1784088805149	3901749841
21538	1813	1784088805150	3280047417
21539	1593	1784088805151	4203724468
2154	1469	1784088791984	301710591
21540	1809	1784088805151	3818123031
21541	1607	1784088805152	2477087323
21542	1822	1784088805152	368074747
21543	1595	1784088805153	1630259425
21544	1777	1784088805153	905814573
21545	1602	1784088805154	1747724408
21546	1783	1784088805154	1910515813
21547	1600	1784088805154	1560771208
21548	1806	1784088805155	3913946410
21549	1602	1784088805156	996743595
2155	1455	1784088791985	3540072584
21550	1809	1784088805156	920751105
21551	1605	1784088805157	940933122
21552	1812	1784088805158	2473284621
21553	1594	1784088805158	2790355889
21554	1775	1784088805159	3267973844
21555	1599	1784088805159	4121878242
21556	1774	1784088805160	1508263134
21557	1602	1784088805161	622245152
21558	1815	1784088805162	3065137718
21559	1602	1784088805162	3501327771
2156	1479	1784088791985	1151814072
21560	1818	1784088805162	2347746933
21561	1597	1784088805163	177587710
21562	1812	1784088805163	464208979
21563	1592	1784088805164	4098886295
21564	1780	1784088805164	2126895275
21565	1593	1784088805165	668941974
21566	1774	1784088805165	1994171882
21567	1458	1784088805166	436848536
21568	1458	1784088805166	1233615251
21569	1458	1784088805166	3116760711
2157	1465	1784088791986	1415090671
21570	1610	1784088805168	3828716892
21571	1484	1784088805169	3627093448
21572	1477	1784088805169	165487714
21573	1483	1784088805170	2492233816
21574	1479	1784088805171	2250527650
21575	1593	1784088805171	2062329882
21576	1591	1784088805171	1713686289
21577	1644	1784088805172	22557256
21578	1644	1784088805172	4251345660
21579	1644	1784088805173	3516660222
2158	1475	1784088791986	3925110836
21580	1723	1784088805173	3307745729
21581	1607	1784088805174	242561027
21582	1744	1784088805174	425432384
21583	1546	1784088805175	2418845912
21584	1556	1784088805175	4180294894
21585	1543	1784088805176	1246310982
21586	1676	1784088805178	3648486977
21587	1558	1784088805178	3605401205
21588	1686	1784088805179	996503959
21589	1686	1784088805180	4124693909
2159	1461	1784088791987	3027475763
21590	1687	1784088805180	1813327882
21591	1686	1784088805181	856296581
21592	1556	1784088805181	106561594
21593	1554	1784088805183	247823151
21594	1558	1784088805183	3992939650
21595	1558	1784088805184	3102754671
21596	1531	1784088805184	3320195802
21597	1524	1784088805185	3848604244
21598	1530	1784088805185	3010016268
21599	1526	1784088805186	4032399249
216	1549	1784088786380	1702790630
2160	1472	1784088791987	2947074621
21600	1483	1784088805186	3877439557
21601	1660	1784088805187	2960872839
21602	1561	1784088805187	2542369421
21603	1561	1784088805187	2126082442
21604	1561	1784088805188	2361018972
21605	1561	1784088805189	1703559515
21606	1561	1784088805189	2242599443
21607	1561	1784088805189	1822118164
21608	1505	1784088805190	3670443269
21609	1505	1784088805190	373707305
2161	1458	1784088791988	3121740754
21610	1505	1784088805191	1576120620
21611	1505	1784088805191	3458192392
21612	1505	1784088805192	4264742701
21613	1505	1784088805193	850532353
21614	1505	1784088805193	157490446
21615	1505	1784088805194	1569688447
21616	1540	1784088805194	988063605
21617	1540	1784088805195	3898366715
21618	1540	1784088805195	2746743340
21619	1540	1784088805196	1896810402
2162	1513	1784088791988	3572520719
21620	1853	1784088805196	2847992527
21621	1853	1784088805196	2054719387
21622	1534	1784088805198	3024827417
21623	1528	1784088805198	450468647
21624	1630	1784088805199	3420887037
21625	1511	1784088805200	720159632
21626	1656	1784088805200	3185791864
21627	1555	1784088805201	1216027901
21628	1612	1784088805201	3210741216
21629	1517	1784088805201	1629481415
2163	1500	1784088791988	3515229784
21630	1609	1784088805201	2631424639
21631	1514	1784088805202	2598081706
21632	1609	1784088805203	1681466716
21633	1514	1784088805203	2243524521
21634	1609	1784088805203	1645101526
21635	1514	1784088805204	3060966934
21636	1609	1784088805205	2315548456
21637	1514	1784088805205	1237099630
21638	1458	1784088805206	3700549181
21639	1458	1784088805206	752050473
2164	1466	1784088791989	3576161233
21640	1873	1784088805208	2913517273
21641	1565	1784088805209	2799096036
21642	1565	1784088805209	862877920
21643	1565	1784088805210	3075489461
21644	1564	1784088805211	2536049480
21645	1877	1784088805211	908938514
21646	1565	1784088805211	1231368426
21647	1565	1784088805212	696903745
21648	1565	1784088805213	176813978
21649	1564	1784088805213	3920375609
2165	1470	1784088791989	3035628811
21650	1875	1784088805213	3670163150
21651	1565	1784088805214	3412441640
21652	1565	1784088805214	1591546412
21653	1565	1784088805215	3672331385
21654	1564	1784088805215	2742955223
21655	1874	1784088805216	2025584810
21656	1565	1784088805216	2406738145
21657	1565	1784088805216	4020187210
21658	1565	1784088805218	3432984465
21659	1564	1784088805219	1985919585
2166	1470	1784088791990	3461218554
21660	1934	1784088805220	1836947626
21661	1627	1784088805220	205095427
21662	1627	1784088805221	2152892811
21663	1627	1784088805221	3044530507
21664	1627	1784088805221	3985215939
21665	1938	1784088805224	4167654053
21666	1627	1784088805224	1836273829
21667	1627	1784088805225	3805317065
21668	1627	1784088805226	3700408757
21669	1627	1784088805226	2150165521
2167	1472	1784088791990	972870642
21670	1936	1784088805227	3278914314
21671	1627	1784088805227	3085098404
21672	1627	1784088805228	998889004
21673	1627	1784088805228	246187756
21674	1627	1784088805229	1448267364
21675	1935	1784088805229	2307231381
21676	1627	1784088805230	2926987581
21677	1627	1784088805230	567647825
21678	1627	1784088805231	529193005
21679	1627	1784088805233	1127085449
2168	1466	1784088791991	2308994168
21680	1917	1784088805233	2958488546
21681	1918	1784088805234	2770094751
21682	1919	1784088805234	1804432770
21683	1605	1784088805235	2453209462
21684	1605	1784088805235	3551015316
21685	1605	1784088805236	128508463
21686	1605	1784088805236	2698547363
21687	1919	1784088805236	204740086
21688	1920	1784088805237	120199655
21689	1921	1784088805237	2604947871
2169	1511	1784088791991	174021891
21690	1605	1784088805238	530108128
21691	1605	1784088805239	1130079932
21692	1605	1784088805240	2624241005
21693	1605	1784088805240	808126347
21694	1921	1784088805241	3985765572
21695	1922	1784088805241	1249491540
21696	1923	1784088805243	143881009
21697	1605	1784088805243	3601099810
21698	1605	1784088805244	3153231208
21699	1605	1784088805244	1878175443
217	1651	1784088786381	2648663037
2170	1502	1784088791991	2221396238
21700	1605	1784088805245	1689609454
21701	1918	1784088805245	1612545366
21702	1919	1784088805245	2922624680
21703	1920	1784088805246	3638901533
21704	1605	1784088805246	1070716003
21705	1605	1784088805247	1662172223
21706	1605	1784088805247	3156453358
21707	1605	1784088805247	274865416
21708	1565	1784088805248	1810516342
21709	1565	1784088805249	1532548305
2171	1595	1784088791992	2797298653
21710	1565	1784088805249	2853487996
21711	1565	1784088805249	1647093546
21712	1877	1784088805250	191074637
21713	1879	1784088805250	3269888421
21714	1880	1784088805251	2244656990
21715	1565	1784088805253	3273765356
21716	1565	1784088805253	113728740
21717	1565	1784088805255	1523479891
21718	1565	1784088805256	902319755
21719	1879	1784088805256	2902054572
2172	1503	1784088791992	1869236464
21720	1881	1784088805257	2262879286
21721	1882	1784088805258	4097610812
21722	1565	1784088805258	1516866404
21723	1565	1784088805259	1792743107
21724	1565	1784088805260	4066355396
21725	1565	1784088805260	979880594
21726	1881	1784088805261	795871267
21727	1883	1784088805261	1443201718
21728	1884	1784088805263	774560783
21729	1565	1784088805263	245955310
2173	1565	1784088791993	2053794416
21730	1565	1784088805264	2472501075
21731	1565	1784088805264	3478550244
21732	1565	1784088805265	4063912989
21733	1878	1784088805265	3147661245
21734	1880	1784088805266	2494582428
21735	1881	1784088805266	988417459
21736	1763	1784088805267	3442417444
21737	1743	1784088805267	813067143
21738	1806	1784088805267	3582190973
21739	1764	1784088805268	598318310
2174	1455	1784088791993	3753440360
21740	1764	1784088805268	1564867220
21741	1764	1784088805268	1357377662
21742	1624	1784088805269	3986371750
21743	1601	1784088805270	1675438691
21744	1759	1784088805270	3708931792
21745	1741	1784088805271	2513621032
21746	1802	1784088805271	1210058698
21747	1760	1784088805273	968838888
21748	1760	1784088805273	3576619923
21749	1760	1784088805273	399232647
2175	1577	1784088791994	2593682151
21750	1665	1784088805274	3394886442
21751	1649	1784088805274	185114759
21752	1767	1784088805275	2269051710
21753	1739	1784088805275	2046727411
21754	1810	1784088805276	1065599756
21755	1768	1784088805276	1989359264
21756	1768	1784088805277	381674393
21757	1768	1784088805277	2507715998
21758	1615	1784088805277	2553109612
21759	1605	1784088805278	1547958124
2176	1463	1784088791995	641242531
21760	1757	1784088805279	651946490
21761	1739	1784088805279	4292690836
21762	1800	1784088805279	1644989023
21763	1758	1784088805280	2162337576
21764	1758	1784088805280	4051191391
21765	1758	1784088805281	368475924
21766	1625	1784088805281	4240180520
21767	1607	1784088805281	3920013371
21768	1650	1784088805283	1598323463
21769	1634	1784088805283	1078223731
2177	1472	1784088791995	1072086353
21770	1641	1784088805283	4188056441
21771	1641	1784088805284	2359946536
21772	1641	1784088805284	330442715
21773	1468	1784088805285	1037373370
21774	1471	1784088805286	662830259
21775	1469	1784088805286	2214054045
21776	1488	1784088805287	1609416759
21777	1793	1784088805287	1084540840
21778	1550	1784088805288	2290054591
21779	1556	1784088805288	3412997377
2178	1569	1784088791995	1931671560
21780	1560	1784088805289	687096143
21781	1558	1784088805289	3732328870
21782	1557	1784088805289	1184357155
21783	1558	1784088805290	2853091481
21784	1562	1784088805290	2404510694
21785	1560	1784088805291	872728690
21786	1559	1784088805291	334876411
21787	1705	1784088805291	3127338507
21788	1686	1784088805293	76038316
21789	1695	1784088805293	1475935941
2179	1586	1784088791996	1834077263
21790	1662	1784088805294	3770000544
21791	1643	1784088805294	924115331
21792	1652	1784088805294	715521957
21793	1611	1784088805295	3586642770
21794	1592	1784088805295	4137199588
21795	1601	1784088805296	1920698121
21796	1627	1784088805296	1742354271
21797	1623	1784088805297	3906195599
21798	1620	1784088805297	3969338207
21799	1623	1784088805298	1816785008
218	1550	1784088786381	42056536
2180	1455	1784088791996	3798705595
21800	1620	1784088805298	1325571546
21801	1544	1784088805299	2666061518
21802	1544	1784088805299	892704222
21803	1544	1784088805300	1400984366
21804	1548	1784088805300	201380906
21805	1630	1784088805300	3432623947
21806	1535	1784088805303	4084534694
21807	1631	1784088805303	2731914464
21808	1619	1784088805304	2406219531
21809	1631	1784088805304	2596872708
2181	1566	1784088791997	2656157129
21810	1631	1784088805305	2119798200
21811	1631	1784088805305	2956133883
21812	1631	1784088805306	972921727
21813	1620	1784088805306	3341129542
21814	1553	1784088805307	239963889
21815	1549	1784088805307	1886645502
21816	1549	1784088805307	3160571789
21817	1626	1784088805308	883145665
21818	1619	1784088805308	1151461843
21819	1563	1784088805309	1960243138
2182	1455	1784088791997	1632464866
21820	1776	1784088805310	2971981270
21821	1703	1784088805310	1902523304
21822	1533	1784088805311	2745081092
21823	1782	1784088805311	518284043
21824	1559	1784088805311	2511769519
21825	1559	1784088805313	2378873444
21826	1559	1784088805313	1889646499
21827	1559	1784088805314	118535637
21828	1786	1784088805314	1531219948
21829	1559	1784088805314	2861812032
2183	1566	1784088791998	3133360965
21830	1559	1784088805315	206076189
21831	1559	1784088805315	3395361086
21832	1559	1784088805316	2257745580
21833	1784	1784088805317	4043970197
21834	1559	1784088805318	1700602177
21835	1559	1784088805318	2099319946
21836	1559	1784088805319	2152339789
21837	1560	1784088805319	2028678424
21838	1783	1784088805320	2190026562
21839	1559	1784088805320	4109895141
2184	1455	1784088791998	526595266
21840	1559	1784088805321	1622548461
21841	1559	1784088805321	2795470798
21842	1559	1784088805321	3932950620
21843	1829	1784088805323	2115089694
21844	1605	1784088805323	1030907935
21845	1605	1784088805324	3916610468
21846	1605	1784088805324	3196066706
21847	1605	1784088805325	1786824745
21848	1831	1784088805325	3053332413
21849	1605	1784088805326	3622863448
2185	1595	1784088791998	1302872860
21850	1605	1784088805326	2038508684
21851	1605	1784088805326	625099984
21852	1605	1784088805327	4201864961
21853	1833	1784088805327	3166866539
21854	1605	1784088805327	1871484319
21855	1605	1784088805328	3146532388
21856	1605	1784088805328	3967739410
21857	1605	1784088805329	947795369
21858	1830	1784088805329	1168874720
21859	1605	1784088805330	1017972155
2186	1506	1784088791999	3731999634
21860	1605	1784088805330	1068503777
21861	1605	1784088805330	1668512445
21862	1605	1784088805331	3158466924
21863	1770	1784088805331	2901536436
21864	1473	1784088805332	1981826792
21865	1473	1784088805333	1322020262
21866	1473	1784088805333	815198189
21867	1473	1784088805334	3443020352
21868	1473	1784088805335	429828065
21869	1473	1784088805336	1997639897
2187	1516	1784088791999	67319465
21870	1483	1784088805337	2337437813
21871	1483	1784088805337	2643940952
21872	1476	1784088805338	1295753975
21873	1472	1784088805338	6489009
21874	1549	1784088805339	3418542356
21875	1509	1784088805339	27370734
21876	1549	1784088805340	3035873134
21877	1509	1784088805340	3142599898
21878	1549	1784088805341	303346249
21879	1509	1784088805343	694675668
2188	1511	1784088792000	797124673
21880	1549	1784088805344	3361442592
21881	1509	1784088805344	3039230438
21882	1549	1784088805345	3077236058
21883	1509	1784088805345	265755090
21884	1549	1784088805346	909727700
21885	1509	1784088805346	464797647
21886	1471	1784088805347	1866591955
21887	1527	1784088805347	1558084236
21888	1516	1784088805348	1051613960
21889	1527	1784088805349	3593846876
2189	1461	1784088792000	1295631350
21890	1516	1784088805349	1171289622
21891	1527	1784088805350	1897487526
21892	1516	1784088805350	1397221267
21893	1527	1784088805351	784989067
21894	1516	1784088805351	1316199342
21895	1527	1784088805352	1458805835
21896	1516	1784088805352	2285684224
21897	1519	1784088805353	3605878392
21898	1518	1784088805353	687816735
21899	1519	1784088805354	2414405052
219	1648	1784088786381	4073506041
2190	1455	1784088792001	1997210390
21900	1518	1784088805354	3238540762
21901	1519	1784088805355	3068417447
21902	1518	1784088805355	520327336
21903	1519	1784088805356	3198728466
21904	1518	1784088805356	2724664627
21905	1519	1784088805357	3869246880
21906	1518	1784088805357	536531086
21907	1527	1784088805357	575973052
21908	1522	1784088805358	1261818568
21909	1527	1784088805359	1969815986
2191	1506	1784088792001	2816874928
21910	1522	1784088805359	2514168056
21911	1527	1784088805360	2203882249
21912	1522	1784088805360	837270516
21913	1527	1784088805361	2633390240
21914	1522	1784088805361	4161215541
21915	1527	1784088805362	564679379
21916	1522	1784088805362	2601840554
21917	1534	1784088805363	2839635067
21918	1520	1784088805363	2421939475
21919	1534	1784088805364	3605997321
2192	1501	1784088792002	1888510211
21920	1520	1784088805364	2348800069
21921	1534	1784088805365	2811192585
21922	1520	1784088805365	2223911867
21923	1534	1784088805366	3605412175
21924	1520	1784088805366	2956662620
21925	1534	1784088805367	3436274500
21926	1520	1784088805367	2105344959
21927	1527	1784088805367	586016569
21928	1521	1784088805368	2659483409
21929	1527	1784088805368	3043825795
2193	1546	1784088792002	2819681019
21930	1521	1784088805369	3703695583
21931	1527	1784088805369	2071069563
21932	1521	1784088805370	814781140
21933	1527	1784088805370	347894195
21934	1521	1784088805370	24032933
21935	1527	1784088805371	2791323461
21936	1521	1784088805372	1526096673
21937	1519	1784088805372	2150739817
21938	1518	1784088805373	3766499049
21939	1519	1784088805374	4058839501
2194	1455	1784088792002	553718308
21940	1518	1784088805374	818899099
21941	1519	1784088805375	230572232
21942	1518	1784088805376	2242785406
21943	1519	1784088805376	2256399829
21944	1518	1784088805377	1342369978
21945	1519	1784088805377	2303943017
21946	1518	1784088805378	2104668033
21947	1527	1784088805378	3300585091
21948	1519	1784088805379	1839419689
21949	1527	1784088805380	2829687869
2195	1614	1784088792003	2748735099
21950	1519	1784088805380	2877827433
21951	1527	1784088805381	4137488341
21952	1519	1784088805382	2892510389
21953	1527	1784088805383	1508484798
21954	1519	1784088805383	2978500727
21955	1527	1784088805383	2750901101
21956	1519	1784088805385	1081970705
21957	1529	1784088805385	2164840289
21958	1520	1784088805386	2277495498
21959	1529	1784088805386	1916729469
2196	1500	1784088792003	3962779707
21960	1520	1784088805387	1567871179
21961	1529	1784088805387	133049586
21962	1520	1784088805388	920742818
21963	1529	1784088805389	2416627934
21964	1520	1784088805389	244709437
21965	1529	1784088805389	2840340284
21966	1520	1784088805390	1070225155
21967	1526	1784088805390	2366073040
21968	1515	1784088805391	1164876190
21969	1526	1784088805391	3805900150
2197	1553	1784088792004	1978666844
21970	1515	1784088805392	890052800
21971	1526	1784088805392	1089561103
21972	1515	1784088805393	3533903031
21973	1526	1784088805393	1084420743
21974	1515	1784088805394	3864244664
21975	1526	1784088805394	4058635230
21976	1515	1784088805394	3868148037
21977	1515	1784088805395	3883525686
21978	1514	1784088805396	3690793913
21979	1515	1784088805396	1180587615
2198	1461	1784088792004	3942827425
21980	1514	1784088805397	2158217231
21981	1515	1784088805397	4236027555
21982	1514	1784088805398	1813874767
21983	1515	1784088805399	1763220711
21984	1514	1784088805399	2548918397
21985	1515	1784088805399	1142924531
21986	1514	1784088805400	1156006644
21987	1523	1784088805400	2644109365
21988	1518	1784088805401	2303564180
21989	1523	1784088805402	1609570806
2199	1562	1784088792005	2042718034
21990	1518	1784088805403	3838897173
21991	1523	1784088805403	1848199989
21992	1518	1784088805404	824955790
21993	1523	1784088805404	1733304393
21994	1518	1784088805405	2344164070
21995	1523	1784088805405	4192227631
21996	1518	1784088805405	3245264834
21997	1529	1784088805406	2561294367
21998	1519	1784088805406	4080103622
21999	1529	1784088805407	575144912
22	1586	1784088786186	163451196
220	1547	1784088786383	31648051
2200	1463	1784088792005	3269024612
22000	1519	1784088805407	180878337
22001	1529	1784088805408	3715780439
22002	1519	1784088805408	2846879960
22003	1529	1784088805408	3425470848
22004	1519	1784088805409	3835776381
22005	1529	1784088805409	993770125
22006	1519	1784088805410	2506962694
22007	1517	1784088805410	4058142072
22008	1513	1784088805411	179161419
22009	1517	1784088805411	3849701223
2201	1562	1784088792006	78882820
22010	1513	1784088805412	1601614229
22011	1517	1784088805412	2564338025
22012	1513	1784088805413	2579797937
22013	1517	1784088805413	3945326604
22014	1513	1784088805414	2960238623
22015	1517	1784088805414	1294126679
22016	1513	1784088805415	2756156087
22017	1513	1784088805416	1636434476
22018	1513	1784088805416	2070943553
22019	1513	1784088805416	3887441218
2202	1512	1784088792006	2634002291
22020	1513	1784088805417	729247113
22021	1513	1784088805417	3681417119
22022	1513	1784088805418	2098756493
22023	1513	1784088805418	1125321143
22024	1513	1784088805419	1012945757
22025	1513	1784088805419	2788887332
22026	1513	1784088805419	1459096183
22027	1523	1784088805420	115818496
22028	1518	1784088805421	1909466153
22029	1523	1784088805421	4273095541
2203	1547	1784088792006	526884813
22030	1518	1784088805422	1838377484
22031	1523	1784088805422	2655498342
22032	1518	1784088805422	1479591930
22033	1523	1784088805423	82739813
22034	1518	1784088805423	1995512018
22035	1523	1784088805424	1071866332
22036	1518	1784088805424	1080203112
22037	1526	1784088805425	1845929430
22038	1519	1784088805425	3398203091
22039	1526	1784088805426	1046720206
2204	1455	1784088792007	3975834126
22040	1519	1784088805426	4177606103
22041	1526	1784088805427	2335154222
22042	1519	1784088805427	734636859
22043	1526	1784088805428	3216951699
22044	1519	1784088805428	326415324
22045	1526	1784088805429	533588441
22046	1519	1784088805429	1048148288
22047	1522	1784088805430	58582394
22048	1515	1784088805431	180399206
22049	1522	1784088805431	92087072
2205	1514	1784088792007	739522538
22050	1515	1784088805432	1292443033
22051	1522	1784088805432	313770172
22052	1515	1784088805432	1922674429
22053	1522	1784088805433	1983471294
22054	1515	1784088805433	965776020
22055	1522	1784088805434	3555356760
22056	1515	1784088805434	3920468506
22057	1519	1784088805435	103983450
22058	1518	1784088805435	3821365811
22059	1519	1784088805436	810403110
2206	1506	1784088792008	4001992201
22060	1518	1784088805436	3172463644
22061	1519	1784088805437	4273832888
22062	1518	1784088805437	295091128
22063	1519	1784088805437	2510339721
22064	1518	1784088805438	1959573808
22065	1519	1784088805438	321288638
22066	1518	1784088805439	1716067736
22067	1526	1784088805439	935038905
22068	1521	1784088805440	2543366782
22069	1526	1784088805440	3576785935
2207	1463	1784088792008	750764727
22070	1521	1784088805440	1774875702
22071	1526	1784088805441	1793148157
22072	1521	1784088805441	4072959373
22073	1526	1784088805442	824256343
22074	1521	1784088805442	1483367590
22075	1526	1784088805443	761843867
22076	1521	1784088805444	871945358
22077	1533	1784088805444	1164822172
22078	1519	1784088805445	1710552986
22079	1533	1784088805445	2918369051
2208	1455	1784088792009	279370830
22080	1519	1784088805446	4110476011
22081	1533	1784088805446	898400870
22082	1519	1784088805447	649136005
22083	1533	1784088805447	2496946505
22084	1519	1784088805448	3331797445
22085	1533	1784088805448	4286820063
22086	1519	1784088805449	1010838652
22087	1532	1784088805449	2289383441
22088	1521	1784088805449	3801852934
22089	1532	1784088805450	1562352322
2209	1621	1784088792009	2456472835
22090	1521	1784088805450	137412244
22091	1532	1784088805451	1682937500
22092	1521	1784088805451	2232478693
22093	1532	1784088805452	966025278
22094	1521	1784088805452	2664787651
22095	1532	1784088805453	2177838181
22096	1521	1784088805453	2076197607
22097	1521	1784088805454	1289541361
22098	1515	1784088805454	1723888582
22099	1521	1784088805455	992583300
221	1526	1784088786384	3758908142
2210	1510	1784088792010	452764002
22100	1515	1784088805455	3650171241
22101	1521	1784088805456	1284171424
22102	1515	1784088805456	3617196770
22103	1521	1784088805456	3355553986
22104	1515	1784088805457	1722542036
22105	1521	1784088805457	2471450144
22106	1515	1784088805458	1544225372
22107	1523	1784088805458	672094187
22108	1518	1784088805459	762463768
22109	1523	1784088805459	1812707610
2211	1547	1784088792010	3058480845
22110	1518	1784088805460	4142285313
22111	1523	1784088805461	1194808853
22112	1518	1784088805461	1474146108
22113	1523	1784088805462	539978107
22114	1518	1784088805463	1647522002
22115	1523	1784088805463	2540688800
22116	1518	1784088805463	2043772450
22117	1532	1784088805464	2341709933
22118	1519	1784088805464	1366334334
22119	1532	1784088805465	2236578713
2212	1455	1784088792011	2897614792
22120	1519	1784088805465	2934710182
22121	1532	1784088805465	403770417
22122	1519	1784088805466	2022499300
22123	1532	1784088805466	4049664991
22124	1519	1784088805467	3756254569
22125	1532	1784088805467	3581288874
22126	1519	1784088805468	2494227537
22127	1515	1784088805468	2329781643
22128	1514	1784088805469	2072274118
22129	1515	1784088805469	1522674567
2213	1515	1784088792011	3522977848
22130	1514	1784088805470	3563996223
22131	1515	1784088805470	1554716804
22132	1514	1784088805471	1118666013
22133	1515	1784088805471	3767161629
22134	1514	1784088805472	1398348290
22135	1515	1784088805472	187733711
22136	1514	1784088805473	585689002
22137	1521	1784088805473	3125179152
22138	1512	1784088805473	879310577
22139	1521	1784088805474	3838005074
2214	1507	1784088792012	1057202868
22140	1512	1784088805474	4013462526
22141	1521	1784088805475	3346221613
22142	1512	1784088805476	1154469948
22143	1521	1784088805476	2276513137
22144	1512	1784088805476	3166003701
22145	1521	1784088805477	2839658672
22146	1512	1784088805477	1395864234
22147	1521	1784088805478	893827560
22148	1518	1784088805478	552156342
22149	1521	1784088805479	4123931702
2215	1548	1784088792012	10735057
22150	1518	1784088805479	537310653
22151	1521	1784088805479	764747607
22152	1518	1784088805480	429985143
22153	1521	1784088805480	4072978850
22154	1518	1784088805481	2201983910
22155	1521	1784088805481	439558311
22156	1518	1784088805481	3924037947
22157	1530	1784088805482	729552182
22158	1516	1784088805482	1544269497
22159	1530	1784088805483	278822483
2216	1455	1784088792013	2649940052
22160	1516	1784088805483	326751349
22161	1530	1784088805484	806186485
22162	1516	1784088805484	1282137963
22163	1530	1784088805484	3896367417
22164	1516	1784088805485	785532394
22165	1530	1784088805485	636455481
22166	1516	1784088805486	81726344
22167	1524	1784088805486	1056092271
22168	1514	1784088805486	3347700149
22169	1524	1784088805487	1836083385
2217	1514	1784088792013	3652566184
22170	1514	1784088805488	2116245432
22171	1524	1784088805488	2881192732
22172	1514	1784088805489	1662949711
22173	1524	1784088805489	3661749404
22174	1514	1784088805490	4011159888
22175	1524	1784088805490	2463127003
22176	1514	1784088805491	1287626839
22177	1520	1784088805491	2335894540
22178	1512	1784088805492	311878845
22179	1520	1784088805492	2264313471
2218	1506	1784088792014	1870434379
22180	1512	1784088805493	97626248
22181	1520	1784088805493	3792905638
22182	1512	1784088805494	3488576395
22183	1520	1784088805494	3299325878
22184	1512	1784088805494	1769357475
22185	1520	1784088805495	511038335
22186	1512	1784088805495	2182789758
22187	1518	1784088805496	2086636296
22188	1515	1784088805496	2706663835
22189	1518	1784088805496	700180898
2219	1621	1784088792015	1556906777
22190	1515	1784088805497	2041329208
22191	1518	1784088805497	2579977802
22192	1515	1784088805498	577182362
22193	1518	1784088805498	4007483494
22194	1515	1784088805499	2293573421
22195	1518	1784088805499	3909835262
22196	1515	1784088805500	2160684883
22197	1518	1784088805500	2339039531
22198	1516	1784088805501	1960528016
22199	1518	1784088805501	1192219860
222	1517	1784088786385	3456620880
2220	1511	1784088792015	1258305483
22200	1516	1784088805502	686697436
22201	1518	1784088805502	426908831
22202	1516	1784088805502	1516010312
22203	1518	1784088805503	4289460265
22204	1516	1784088805503	691914294
22205	1518	1784088805504	2575033448
22206	1516	1784088805504	1614471645
22207	2091	1784088805505	2118205216
22208	1943	1784088805505	1212234340
22209	2103	1784088805506	3990314529
2221	1601	1784088792015	2166370274
22210	1943	1784088805506	4117894705
22211	2115	1784088805507	1225793052
22212	1943	1784088805507	647957745
22213	2115	1784088805508	1450229351
22214	1943	1784088805508	980652631
22215	1579	1784088805509	2673986946
22216	1581	1784088805509	1753935267
22217	1583	1784088805510	1331226130
22218	1583	1784088805510	1772028223
22219	1813	1784088805510	2437206302
2222	1511	1784088792016	2632814931
22220	1711	1784088805511	1965991688
22221	1819	1784088805511	4213420017
22222	1724	1784088805511	725361694
22223	1812	1784088805513	3307668590
22224	1715	1784088805513	2303707454
22225	1774	1784088805514	384779706
22226	1685	1784088805514	3777363495
22227	1780	1784088805515	2279332303
22228	1685	1784088805515	1166256628
22229	1770	1784088805515	1388740709
2223	1603	1784088792016	1840131444
22230	1713	1784088805516	3103712506
22231	1824	1784088805517	779693756
22232	1711	1784088805517	1426010788
22233	1830	1784088805518	553385173
22234	1724	1784088805518	1165379091
22235	1823	1784088805519	691328241
22236	1715	1784088805519	2033469510
22237	1785	1784088805519	2069985032
22238	1685	1784088805520	3872556683
22239	1791	1784088805520	2956640669
2224	1511	1784088792017	4076592042
22240	1685	1784088805521	3529396501
22241	1861	1784088805521	4197682322
22242	1756	1784088805522	814141936
22243	1823	1784088805523	4030158185
22244	1711	1784088805524	2029402069
22245	1829	1784088805524	1435399081
22246	1724	1784088805525	1585128398
22247	1822	1784088805525	731149346
22248	1715	1784088805526	3499075209
22249	1784	1784088805526	178774297
2225	1601	1784088792017	2562448369
22250	1685	1784088805526	2578785453
22251	1790	1784088805527	3991695768
22252	1685	1784088805527	2742376149
22253	1860	1784088805528	1059725092
22254	1756	1784088805528	3040202331
22255	1817	1784088805529	1970597494
22256	1711	1784088805529	3012559753
22257	1823	1784088805530	3867855582
22258	1724	1784088805530	379747663
22259	1816	1784088805531	4255917430
2226	1512	1784088792018	2172546539
22260	1715	1784088805531	3287612415
22261	1677	1784088805532	2443127165
22262	1633	1784088805532	979824312
22263	1784	1784088805533	2754895594
22264	1685	1784088805533	2398750453
22265	1772	1784088805533	1731223174
22266	1713	1784088805534	133090181
22267	1454	1784088805534	3617563080
22268	1669	1784088805535	3767654071
22269	1656	1784088805535	3443228995
2227	1621	1784088792018	2936076176
22270	1664	1784088805535	3623679653
22271	1659	1784088805536	4066347774
22272	1665	1784088805536	3901852313
22273	1657	1784088805537	3553165426
22274	1668	1784088805537	2529019298
22275	1660	1784088805538	4276172464
22276	1662	1784088805539	2568685124
22277	1654	1784088805539	2546647441
22278	1663	1784088805540	3101767690
22279	1655	1784088805540	3458023331
2228	1511	1784088792018	491497064
22280	1655	1784088805541	2933486761
22281	1647	1784088805541	1137606673
22282	1663	1784088805542	3818993836
22283	1655	1784088805542	2635433572
22284	1657	1784088805542	4221824810
22285	1649	1784088805543	2478487420
22286	1665	1784088805543	3180512243
22287	1657	1784088805544	2661203121
22288	1665	1784088805545	2192580430
22289	1657	1784088805545	2944899608
2229	1600	1784088792019	95326859
22290	1673	1784088805546	914855559
22291	1665	1784088805546	951085927
22292	1656	1784088805547	3472020434
22293	1648	1784088805547	1194028345
22294	1657	1784088805548	3553472761
22295	1649	1784088805548	936686475
22296	1656	1784088805549	4202417801
22297	1648	1784088805549	2067866778
22298	1654	1784088805550	1299047623
22299	1646	1784088805550	2557418945
223	1517	1784088786385	3730647170
2230	1511	1784088792019	1348401134
22300	1652	1784088805551	937844697
22301	1644	1784088805551	2885684597
22302	1652	1784088805552	1629096388
22303	1644	1784088805552	3807226242
22304	1524	1784088805553	3516783525
22305	1524	1784088805554	933349158
22306	1524	1784088805554	3563970649
22307	1524	1784088805555	89846039
22308	1605	1784088805555	937979211
22309	1507	1784088805556	3308993223
2231	1510	1784088792020	619775904
22310	1607	1784088805556	4068352715
22311	1508	1784088805556	2406494741
22312	1605	1784088805557	3918072795
22313	1507	1784088805557	4238949099
22314	1540	1784088805558	3186440158
22315	1469	1784088805558	1332749167
22316	1475	1784088805559	931196238
22317	1475	1784088805559	3895639267
22318	1480	1784088805560	3866688973
22319	1469	1784088805560	3571577861
2232	1505	1784088792020	1598740446
22320	1527	1784088805560	259156805
22321	1562	1784088805561	1527962116
22322	1565	1784088805561	2631215833
22323	1559	1784088805562	1920218635
22324	1522	1784088805562	3959530400
22325	1536	1784088805563	428789611
22326	1541	1784088805563	3414984351
22327	1526	1784088805564	3860579228
22328	1516	1784088805564	3832616496
22329	1528	1784088805564	3085094014
2233	1516	1784088792021	2290171786
22330	1470	1784088805565	1237545765
22331	1474	1784088805566	780602268
22332	1644	1784088805566	1295930509
22333	1457	1784088805567	3629407149
22334	1456	1784088805567	150945901
22335	1453	1784088805568	1451477474
22336	1863	1784088805568	459341815
22337	1894	1784088805568	1514588702
22338	1754	1784088805569	3054474453
22339	1760	1784088805570	3066463597
2234	1511	1784088792021	673938195
22340	1507	1784088805570	3253783738
22341	1624	1784088805570	872669464
22342	1474	1784088805571	3992625579
22343	1480	1784088805571	1617847345
22344	1474	1784088805572	950065530
22345	1483	1784088805573	1510697546
22346	1725	1784088805573	89275074
22347	1687	1784088805574	586692604
22348	1651	1784088805574	1955593323
22349	1470	1784088805574	1902374473
2235	1515	1784088792021	4115257121
22350	1470	1784088805575	4108309959
22351	1470	1784088805576	2144296794
22352	1470	1784088805576	947771763
22353	1478	1784088805576	685745165
22354	1499	1784088805577	2901235471
22355	1498	1784088805577	1209797255
22356	1499	1784088805578	1175106576
22357	1499	1784088805578	347497838
22358	1724	1784088805578	1350827139
22359	1845	1784088805579	3338395726
2236	1510	1784088792022	3146897228
22360	1843	1784088805579	1437027565
22361	1843	1784088805580	3726067599
22362	1695	1784088805580	2863618340
22363	1816	1784088805581	3558535941
22364	1814	1784088805581	2987976241
22365	1814	1784088805581	4267250860
22366	1789	1784088805582	2776437601
22367	1825	1784088805582	2728849294
22368	1823	1784088805583	613252345
22369	1823	1784088805583	2504402915
2237	1601	1784088792022	1458482870
22370	1473	1784088805584	796028568
22371	1485	1784088805584	1579685365
22372	1488	1784088805585	1298086825
22373	1495	1784088805585	3893535621
22374	1578	1784088805586	596191237
22375	1652	1784088805586	2581674138
22376	1652	1784088805587	3047370288
22377	1656	1784088805587	4276631076
22378	1656	1784088805588	1254435492
22379	1663	1784088805588	903557181
2238	1510	1784088792023	1877823901
22380	1661	1784088805589	1913528518
22381	1515	1784088805589	4238792694
22382	1515	1784088805590	3579198317
22383	1515	1784088805590	2066309851
22384	1515	1784088805591	2260197979
22385	1515	1784088805591	684243949
22386	1515	1784088805591	20469622
22387	1515	1784088805592	2940669632
22388	1515	1784088805593	561270839
22389	1515	1784088805593	2399865217
2239	1518	1784088792023	3303317417
22390	1516	1784088805593	2409394027
22391	1516	1784088805594	1219834457
22392	1516	1784088805594	3670004558
22393	1516	1784088805595	496406140
22394	1516	1784088805595	635115297
22395	1516	1784088805596	3807529491
22396	1516	1784088805596	1895344900
22397	1516	1784088805597	3083990582
22398	1516	1784088805597	6527422
22399	1516	1784088805597	3343565964
224	1508	1784088786386	15601920
2240	1511	1784088792024	3964364523
22400	1516	1784088805598	3385070179
22401	1727	1784088805598	1208481634
22402	1510	1784088805599	1585249588
22403	1517	1784088805599	677291804
22404	1792	1784088805600	3693115789
22405	1712	1784088805600	473937919
22406	1718	1784088805600	990875784
22407	1933	1784088805601	392515664
22408	1528	1784088805602	3618490100
22409	1513	1784088805602	675641084
2241	1602	1784088792027	1285400756
22410	1525	1784088805603	71127111
22411	1545	1784088805603	4150267247
22412	1572	1784088805604	673294163
22413	1532	1784088805604	2789737928
22414	1519	1784088805604	63094005
22415	1531	1784088805605	1950293923
22416	1533	1784088805605	3220497964
22417	1521	1784088805606	3567539404
22418	1534	1784088805606	957856488
22419	1468	1784088805606	965543750
2242	1511	1784088792027	403760961
22420	1818	1784088805607	707702906
22421	1817	1784088805608	2678586564
22422	1816	1784088805608	908849996
22423	1820	1784088805609	1390383045
22424	1740	1784088805609	948169208
22425	1753	1784088805609	1614563395
22426	1798	1784088805610	2036948852
22427	1798	1784088805610	1410240981
22428	1797	1784088805611	2331899666
22429	1797	1784088805611	270003782
2243	1603	1784088792028	3055481989
22430	1721	1784088805612	3074520838
22431	1736	1784088805612	2445378351
22432	1508	1784088805613	28070142
22433	1509	1784088805613	1307423747
22434	1504	1784088805614	2319761021
22435	1504	1784088805614	2091955946
22436	1498	1784088805615	3555099868
22437	1494	1784088805615	1356106941
22438	1492	1784088805615	430210775
22439	1506	1784088805616	2588451671
2244	1511	1784088792028	3598719877
22440	1454	1784088805616	4193864743
22441	1540	1784088805617	2074889098
22442	1501	1784088805617	3913574626
22443	1513	1784088805618	714020836
22444	1603	1784088805618	101772740
22445	1510	1784088805619	1306463134
22446	1515	1784088805619	292943669
22447	1512	1784088805620	3994951628
22448	1721	1784088805620	1534389761
22449	1717	1784088805620	842787243
2245	1587	1784088792029	1021569235
22450	1719	1784088805621	2819198257
22451	1722	1784088805621	2602880445
22452	1552	1784088805622	3982640143
22453	1537	1784088805622	3016109536
22454	1554	1784088805623	4011088228
22455	1541	1784088805623	659855220
22456	1548	1784088805623	3754349239
22457	1539	1784088805624	3063918648
22458	1745	1784088805624	2259770831
22459	1717	1784088805625	2564193796
2246	1455	1784088792029	160259139
22460	1737	1784088805625	2758570826
22461	1737	1784088805626	286807953
22462	1745	1784088805626	2924798116
22463	1722	1784088805627	2342110281
22464	1738	1784088805628	77934352
22465	1737	1784088805628	1986490571
22466	1741	1784088805629	1240441107
22467	1720	1784088805629	2225074850
22468	1734	1784088805630	2687041313
22469	1733	1784088805630	433738316
2247	1556	1784088792030	887333878
22470	1741	1784088805631	1827688489
22471	1720	1784088805631	1448701132
22472	1734	1784088805632	3535354856
22473	1732	1784088805633	3996844751
22474	1744	1784088805633	3672270615
22475	1725	1784088805634	2701105334
22476	1737	1784088805634	3103389385
22477	1735	1784088805634	5483413
22478	1744	1784088805635	3035173657
22479	1724	1784088805635	2534061867
2248	1459	1784088792030	4108540302
22480	1737	1784088805636	2721520192
22481	1735	1784088805636	769069584
22482	1753	1784088805637	4243092676
22483	1724	1784088805637	3322132959
22484	1746	1784088805637	2112570609
22485	1743	1784088805638	1526369738
22486	1751	1784088805638	3511627425
22487	1729	1784088805639	279473017
22488	1744	1784088805639	2889591764
22489	1741	1784088805640	2334569997
2249	1559	1784088792031	34969093
22490	1754	1784088805640	2931033618
22491	1733	1784088805640	1729276848
22492	1747	1784088805641	3533142359
22493	1744	1784088805641	220693907
22494	1800	1784088805642	1338905911
22495	1773	1784088805642	2153670798
22496	1793	1784088805642	4020645338
22497	1791	1784088805643	2396778872
22498	1789	1784088805643	1022345117
22499	1763	1784088805644	370130750
225	1551	1784088786386	1304163479
2250	1463	1784088792031	1603711670
22500	1549	1784088805644	152060392
22501	1509	1784088805645	2318926033
22502	1549	1784088805645	1981886354
22503	1509	1784088805646	818536677
22504	1549	1784088805646	4151483676
22505	1509	1784088805646	615171832
22506	1549	1784088805647	2286154598
22507	1509	1784088805647	2656773836
22508	1549	1784088805648	782564929
22509	1509	1784088805648	208440002
2251	1566	1784088792031	1137921603
22510	1549	1784088805649	1363645774
22511	1509	1784088805650	1996980571
22512	1549	1784088805650	779549492
22513	1509	1784088805650	3455476079
22514	1549	1784088805651	2938456506
22515	1509	1784088805651	3650439026
22516	1549	1784088805652	3490981824
22517	1509	1784088805652	1667540806
22518	1549	1784088805653	1995647719
22519	1509	1784088805653	4048751432
2252	1455	1784088792031	1430162512
22520	1549	1784088805654	3116361892
22521	1509	1784088805654	2872444292
22522	1549	1784088805654	3331229406
22523	1509	1784088805655	298313136
22524	1549	1784088805655	1205679184
22525	1509	1784088805656	94684077
22526	1549	1784088805656	955013674
22527	1509	1784088805657	3210027929
22528	1818	1784088805658	940665532
22529	1801	1784088805658	2860185075
2253	1509	1784088792032	1700654665
22530	1826	1784088805658	1099461009
22531	1741	1784088805659	2341844968
22532	1857	1784088805659	3424974173
22533	1771	1784088805660	2765125004
22534	1962	1784088805660	735592819
22535	1869	1784088805661	4008754432
22536	1834	1784088805661	819709375
22537	1741	1784088805661	3638587898
22538	1864	1784088805662	4123889150
22539	1771	1784088805662	3553335109
2254	1502	1784088792032	2375368025
22540	1962	1784088805663	4211265669
22541	1869	1784088805663	3214947487
22542	1834	1784088805664	73807626
22543	1741	1784088805665	3610185066
22544	1864	1784088805665	3489497137
22545	1771	1784088805665	371011028
22546	1958	1784088805666	136675544
22547	1869	1784088805666	313025414
22548	1830	1784088805667	431128207
22549	1741	1784088805667	582043484
2255	1509	1784088792033	1268522947
22550	1860	1784088805667	822025329
22551	1771	1784088805668	3784466659
22552	1856	1784088805669	403741451
22553	1789	1784088805669	2057564760
22554	1859	1784088805670	1399701296
22555	1789	1784088805670	167375998
22556	1859	1784088805670	1282244315
22557	1789	1784088805671	3592986294
22558	1857	1784088805671	2203700507
22559	1789	1784088805672	4014864434
2256	1502	1784088792033	3817591097
22560	1619	1784088805672	1059815074
22561	1539	1784088805674	1205732477
22562	1627	1784088805674	1469413826
22563	1539	1784088805675	964130882
22564	1627	1784088805675	514689116
22565	1539	1784088805676	3129801731
22566	1623	1784088805676	1273274435
22567	1539	1784088805676	3290791996
22568	1527	1784088805677	2233443833
22569	1516	1784088805677	3840729128
2257	1548	1784088792033	3160216916
22570	1527	1784088805678	1656565364
22571	1516	1784088805678	3012950428
22572	1527	1784088805679	4115648657
22573	1516	1784088805679	3608351300
22574	1527	1784088805679	1814352281
22575	1516	1784088805680	898734967
22576	1527	1784088805680	4258658401
22577	1516	1784088805681	2200827611
22578	1526	1784088805681	2615690382
22579	1517	1784088805682	43193636
2258	1455	1784088792034	3612107056
22580	1526	1784088805682	1958455799
22581	1517	1784088805682	3680343820
22582	1526	1784088805683	2738649703
22583	1517	1784088805683	1779440329
22584	1526	1784088805684	1847516843
22585	1517	1784088805684	225940454
22586	1526	1784088805684	2228318082
22587	1517	1784088805684	4075389829
22588	1526	1784088805685	855897799
22589	1522	1784088805685	707772413
2259	1515	1784088792034	2733429410
22590	1526	1784088805686	1582563058
22591	1522	1784088805686	3212186634
22592	1526	1784088805686	2226887595
22593	1522	1784088805687	4112876969
22594	1526	1784088805687	2651250810
22595	1522	1784088805688	2401108657
22596	1526	1784088805688	4092543658
22597	1522	1784088805688	1252784360
22598	1529	1784088805689	3665915560
22599	1520	1784088805689	3870649145
226	1533	1784088786387	2469295094
2260	1508	1784088792035	212250309
22600	1529	1784088805690	1479171474
22601	1520	1784088805690	2553599994
22602	1529	1784088805690	2267693380
22603	1520	1784088805691	4022877813
22604	1529	1784088805691	2728880758
22605	1520	1784088805691	387182194
22606	1529	1784088805693	1770155629
22607	1520	1784088805693	2660484027
22608	1525	1784088805694	3049467114
22609	1519	1784088805694	2665153502
2261	1577	1784088792035	2090824187
22610	1525	1784088805695	1733296515
22611	1519	1784088805696	1879611642
22612	1525	1784088805696	2265960028
22613	1519	1784088805697	3454395025
22614	1525	1784088805697	4024610585
22615	1519	1784088805697	2741970409
22616	1525	1784088805698	742500099
22617	1519	1784088805698	3807973387
22618	1523	1784088805699	1262054084
22619	1522	1784088805699	2455149254
2262	1464	1784088792036	1688730636
22620	1523	1784088805700	965277434
22621	1522	1784088805700	3015274653
22622	1523	1784088805701	860679308
22623	1522	1784088805701	3167664904
22624	1523	1784088805701	1913548758
22625	1522	1784088805701	3732414536
22626	1523	1784088805702	500357108
22627	1522	1784088805702	3576922020
22628	1523	1784088805703	1572273774
22629	1519	1784088805703	158470274
2263	1577	1784088792036	542760340
22630	1523	1784088805704	2121809984
22631	1519	1784088805704	372152549
22632	1523	1784088805704	3791212591
22633	1519	1784088805705	3536042393
22634	1523	1784088805705	1506136885
22635	1519	1784088805706	3309163841
22636	1523	1784088805706	1258089043
22637	1519	1784088805707	2875161366
22638	1522	1784088805707	1528177708
22639	1522	1784088805707	4194289128
2264	1464	1784088792036	2559994156
22640	1522	1784088805708	3169394009
22641	1522	1784088805708	898297778
22642	1522	1784088805709	2121013345
22643	1529	1784088805709	2775793206
22644	1524	1784088805710	3691813146
22645	1529	1784088805710	3875984915
22646	1524	1784088805711	2836370148
22647	1527	1784088805711	102711165
22648	1524	1784088805711	43382966
22649	1529	1784088805712	1889532901
2265	1576	1784088792037	606953186
22650	1524	1784088805712	2997324413
22651	1529	1784088805713	1753244045
22652	1524	1784088805713	550913289
22653	1529	1784088805713	1841139654
22654	1520	1784088805714	385376815
22655	1529	1784088805714	1285898797
22656	1520	1784088805715	32390590
22657	1529	1784088805715	851443304
22658	1520	1784088805716	435934898
22659	1529	1784088805716	2033523154
2266	1464	1784088792037	2851504016
22660	1520	1784088805716	874898825
22661	1529	1784088805717	904429060
22662	1520	1784088805717	1406779789
22663	1523	1784088805718	4238570177
22664	1520	1784088805718	1543231315
22665	1523	1784088805718	3214882463
22666	1520	1784088805719	2442857299
22667	1523	1784088805719	1619560595
22668	1520	1784088805720	2926899989
22669	1523	1784088805720	2743868365
2267	1576	1784088792038	2351025234
22670	1520	1784088805720	3681284602
22671	1523	1784088805721	974450495
22672	1520	1784088805721	3855955886
22673	1536	1784088805722	4282410964
22674	1522	1784088805722	1551164983
22675	1536	1784088805723	1209649280
22676	1522	1784088805723	2013118942
22677	1536	1784088805723	1265274337
22678	1522	1784088805724	2767816116
22679	1536	1784088805724	3841343661
2268	1464	1784088792038	3146007853
22680	1522	1784088805725	3351040407
22681	1536	1784088805725	2679694413
22682	1522	1784088805726	3996659223
22683	1529	1784088805726	4138754297
22684	1524	1784088805727	3127433103
22685	1529	1784088805727	687272067
22686	1524	1784088805727	2699117749
22687	1529	1784088805728	2839447397
22688	1524	1784088805728	1243999447
22689	1529	1784088805729	1880727820
2269	1576	1784088792039	1348832524
22690	1524	1784088805729	3731981454
22691	1529	1784088805730	1672536754
22692	1524	1784088805730	2194299855
22693	1526	1784088805730	2272891028
22694	1518	1784088805731	1422266444
22695	1526	1784088805731	3109032429
22696	1518	1784088805732	3688902159
22697	1526	1784088805732	1969170908
22698	1518	1784088805733	2059647348
22699	1526	1784088805733	3840948763
227	1615	1784088786387	842120169
2270	1464	1784088792039	215232421
22700	1518	1784088805734	2596721911
22701	1526	1784088805734	2020948315
22702	1518	1784088805734	263096802
22703	1523	1784088805735	862784596
22704	1520	1784088805735	3402415165
22705	1523	1784088805736	1061978653
22706	1520	1784088805736	3545457943
22707	1523	1784088805737	1780469575
22708	1520	1784088805737	3187814309
22709	1523	1784088805738	2582751467
2271	1576	1784088792039	678492683
22710	1520	1784088805738	1748998221
22711	1523	1784088805738	4097370148
22712	1520	1784088805739	2222837946
22713	1524	1784088805739	2127523042
22714	1522	1784088805740	3616182015
22715	1524	1784088805740	3635787106
22716	1522	1784088805741	3132780110
22717	1524	1784088805741	1155739171
22718	1522	1784088805741	319835263
22719	1524	1784088805742	1046751707
2272	1464	1784088792040	1526390711
22720	1522	1784088805742	3648218003
22721	1524	1784088805743	2498251182
22722	1522	1784088805743	2886699385
22723	1518	1784088805743	2577810218
22724	1517	1784088805744	2453103038
22725	1518	1784088805744	1887878073
22726	1517	1784088805745	3036078461
22727	1518	1784088805745	255612907
22728	1517	1784088805746	349907178
22729	1518	1784088805746	4077719620
2273	1575	1784088792040	213886643
22730	1517	1784088805747	1690654757
22731	1518	1784088805747	4208372156
22732	1517	1784088805748	2958741203
22733	1521	1784088805748	914745874
22734	1512	1784088805748	2399937520
22735	1521	1784088805749	2539177019
22736	1512	1784088805749	2465026754
22737	1521	1784088805750	3150371184
22738	1512	1784088805750	3462204922
22739	1521	1784088805750	1228946386
2274	1464	1784088792041	2798340759
22740	1512	1784088805751	1688112964
22741	1521	1784088805751	4045600358
22742	1512	1784088805752	2351770306
22743	1517	1784088805753	3734558130
22744	1514	1784088805753	1305240509
22745	1517	1784088805754	636891067
22746	1514	1784088805754	1554830507
22747	1517	1784088805755	929194011
22748	1514	1784088805755	3962445680
22749	1517	1784088805755	4089221385
2275	1545	1784088792041	3677458163
22750	1514	1784088805757	952031380
22751	1517	1784088805757	4170629471
22752	1514	1784088805758	3979937778
22753	1529	1784088805758	738226360
22754	1515	1784088805758	553088362
22755	1529	1784088805759	4265289098
22756	1515	1784088805759	3686376083
22757	1529	1784088805760	4149859047
22758	1515	1784088805760	1875389680
22759	1529	1784088805760	2939307902
2276	1455	1784088792042	415118848
22760	1515	1784088805761	3762993058
22761	1529	1784088805761	2861478288
22762	1515	1784088805762	72089486
22763	1534	1784088805762	631669379
22764	1517	1784088805762	4267501985
22765	1534	1784088805763	1365718523
22766	1517	1784088805763	918330447
22767	1534	1784088805764	3108314387
22768	1517	1784088805764	1276432438
22769	1534	1784088805765	188249233
2277	1593	1784088792042	3247747921
22770	1517	1784088805765	649842877
22771	1534	1784088805765	3554931267
22772	1517	1784088805766	2891283793
22773	1512	1784088805766	1513480144
22774	1512	1784088805767	1426713069
22775	1512	1784088805767	3945824646
22776	1512	1784088805767	13038252
22777	1512	1784088805768	1637258831
22778	1512	1784088805768	537660150
22779	1512	1784088805769	3936478746
2278	1503	1784088792042	1442313503
22780	1512	1784088805769	2434905026
22781	1512	1784088805769	3530908313
22782	1512	1784088805770	4268835296
22783	1517	1784088805770	1996903406
22784	1514	1784088806101	3527091258
22785	1517	1784088806101	1792866153
22786	1514	1784088806102	2560061641
22787	1517	1784088806102	301663182
22788	1514	1784088806103	1687055637
22789	1517	1784088806103	3459173516
2279	1566	1784088792043	1962015357
22790	1514	1784088806104	3337830660
22791	1517	1784088806104	4058225672
22792	1514	1784088806104	3617668935
22793	1523	1784088806105	1998815461
22794	1515	1784088806105	1369197315
22795	1523	1784088806106	1380460542
22796	1515	1784088806106	3593662579
22797	1523	1784088806106	2882224622
22798	1515	1784088806106	1298387316
22799	1523	1784088806108	1205131821
228	1520	1784088786387	2563889933
2280	1455	1784088792043	965921286
22800	1515	1784088806108	1250800708
22801	1523	1784088806109	896855682
22802	1515	1784088806109	1297831893
22803	1530	1784088806109	2199129984
22804	1517	1784088806110	2363426633
22805	1530	1784088806110	542028313
22806	1517	1784088806111	4104768529
22807	1530	1784088806111	3850589047
22808	1517	1784088806112	4182186644
22809	1530	1784088806112	3696382214
2281	1618	1784088792044	2656111612
22810	1517	1784088806114	641796942
22811	1530	1784088806114	460055799
22812	1517	1784088806115	2006931923
22813	1529	1784088806115	2173536661
22814	1520	1784088806116	2905404351
22815	1529	1784088806116	478946861
22816	1520	1784088806116	3401317755
22817	1529	1784088806117	185114979
22818	1520	1784088806117	691138632
22819	1529	1784088806117	1074379890
2282	1507	1784088792044	1695231777
22820	1520	1784088806118	2698254387
22821	1529	1784088806118	3435379975
22822	1520	1784088806118	3398142467
22823	1531	1784088806119	3618709515
22824	1523	1784088806119	2237555541
22825	1531	1784088806120	3156831795
22826	1523	1784088806120	2778560649
22827	1531	1784088806120	26522386
22828	1523	1784088806121	1855641725
22829	1531	1784088806121	274246861
2283	1521	1784088792045	920963887
22830	1523	1784088806121	2078942846
22831	1531	1784088806123	245111900
22832	1523	1784088806123	4290556314
22833	1534	1784088806124	801273396
22834	1521	1784088806124	3228875734
22835	1534	1784088806125	267876995
22836	1521	1784088806125	3168180272
22837	1534	1784088806125	2462997416
22838	1521	1784088806126	3083482730
22839	1534	1784088806126	1986104006
2284	1517	1784088792045	2598172642
22840	1521	1784088806127	3524636685
22841	1534	1784088806127	2360133702
22842	1521	1784088806127	3364217738
22843	1532	1784088806127	1776024849
22844	1517	1784088806128	1820198315
22845	1532	1784088806128	704412718
22846	1517	1784088806129	18010399
22847	1532	1784088806129	2389646584
22848	1517	1784088806129	3613953091
22849	1532	1784088806130	149043045
2285	1616	1784088792045	4038106551
22850	1517	1784088806130	3280695089
22851	1532	1784088806131	4294583386
22852	1517	1784088806131	487751795
22853	1526	1784088806131	3190415695
22854	1517	1784088806133	3149301316
22855	1526	1784088806133	236520254
22856	1517	1784088806133	2347999265
22857	1526	1784088806134	3981374263
22858	1517	1784088806134	167690195
22859	1526	1784088806135	3529896382
2286	1509	1784088792046	1497699309
22860	1517	1784088806135	1770441561
22861	1526	1784088806136	2837793881
22862	1517	1784088806136	2536052157
22863	1528	1784088806136	2926556204
22864	1523	1784088806137	3996816129
22865	1528	1784088806137	3857891512
22866	1523	1784088806137	1063066586
22867	1528	1784088806137	502994006
22868	1523	1784088806138	2557533272
22869	1528	1784088806138	2670637716
2287	1614	1784088792046	3550009382
22870	1523	1784088806139	795944206
22871	1528	1784088806139	3661859810
22872	1523	1784088806139	3466653616
22873	1523	1784088806140	2784205780
22874	1521	1784088806140	3337203697
22875	1523	1784088806141	2379419012
22876	1521	1784088806141	2177015880
22877	1523	1784088806141	2064939694
22878	1521	1784088806143	2207956464
22879	1523	1784088806143	3697373853
2288	1507	1784088792047	3170508284
22880	1521	1784088806143	1589216098
22881	1523	1784088806144	3998564582
22882	1521	1784088806144	1521085453
22883	1653	1784088806145	3275934403
22884	1648	1784088806145	849485373
22885	1661	1784088806145	1204906102
22886	1656	1784088806146	4081821238
22887	1660	1784088806146	3976391819
22888	1655	1784088806147	1440567852
22889	1647	1784088806147	3371955698
2289	1613	1784088792047	2583635745
22890	1642	1784088806147	4025363890
22891	1652	1784088806148	4128164025
22892	1647	1784088806148	2072505350
22893	1654	1784088806148	3726172410
22894	1649	1784088806149	58576196
22895	1658	1784088806149	3440197571
22896	1653	1784088806150	3527123697
22897	1651	1784088806150	867203138
22898	1646	1784088806151	1818491317
22899	1655	1784088806151	1359529827
229	1523	1784088786388	3973348083
2290	1506	1784088792048	2917813856
22900	1650	1784088806151	2751021742
22901	1663	1784088806151	2938766577
22902	1658	1784088806153	2686029500
22903	1664	1784088806153	984874618
22904	1659	1784088806154	3614906794
22905	1656	1784088806155	2343302020
22906	1651	1784088806155	2349834043
22907	1664	1784088806155	823399058
22908	1659	1784088806156	384079300
22909	1663	1784088806156	3424497057
2291	1619	1784088792048	2815778685
22910	1658	1784088806157	3060892164
22911	1672	1784088806157	1549756094
22912	1664	1784088806158	2468207536
22913	1664	1784088806158	2520994510
22914	1656	1784088806158	1837343150
22915	1662	1784088806159	2457499064
22916	1654	1784088806159	1912749335
22917	1668	1784088806160	2354212533
22918	1655	1784088806160	129569892
22919	1663	1784088806161	1603318870
2292	1509	1784088792048	1335317497
22920	1658	1784088806161	3405211523
22921	1664	1784088806161	993553119
22922	1656	1784088806162	2977094570
22923	1667	1784088806162	2870827413
22924	1659	1784088806163	1636268276
22925	1661	1784088806163	80908350
22926	1653	1784088806164	564258877
22927	1649	1784088806164	555532945
22928	1644	1784088806165	2810883739
22929	1657	1784088806166	958715731
2293	1629	1784088792049	257977314
22930	1652	1784088806167	1860609298
22931	1656	1784088806167	1855051013
22932	1651	1784088806168	438583494
22933	1661	1784088806169	2255649763
22934	1653	1784088806169	3954091085
22935	1520	1784088806170	241467819
22936	1520	1784088806170	3936488054
22937	1520	1784088806171	962046402
22938	1520	1784088806171	3087731288
22939	1520	1784088806171	2260924711
2294	1504	1784088792049	3984314743
22940	1542	1784088806172	3788250467
22941	1542	1784088806172	2438292589
22942	1542	1784088806173	768986843
22943	1542	1784088806173	707908921
22944	1542	1784088806174	456251953
22945	1542	1784088806174	2734870051
22946	1547	1784088806174	3317164911
22947	1544	1784088806175	3409245512
22948	1543	1784088806175	2139975354
22949	1474	1784088806176	2938119769
2295	1636	1784088792050	999282890
22950	1488	1784088806176	3065107906
22951	1482	1784088806176	1187910340
22952	1487	1784088806177	1797584538
22953	1481	1784088806177	3915505133
22954	1479	1784088806178	440817191
22955	1491	1784088806178	1048429614
22956	1474	1784088806178	1839425292
22957	1477	1784088806179	2944478343
22958	1576	1784088806179	1429455069
22959	1567	1784088806180	1930687075
2296	1508	1784088792050	4244559775
22960	1568	1784088806180	15389315
22961	1576	1784088806181	4239512086
22962	1567	1784088806181	2274324478
22963	1474	1784088806182	1882032895
22964	1465	1784088806182	1999685737
22965	1465	1784088806182	1521150202
22966	1571	1784088806183	2109247914
22967	1561	1784088806183	3727177488
22968	1659	1784088806184	2282067064
22969	1602	1784088806184	3597924839
2297	1631	1784088792050	653443661
22970	1605	1784088806184	495669437
22971	1605	1784088806185	2111646476
22972	1603	1784088806185	3352805992
22973	1525	1784088806186	2268233681
22974	1548	1784088806186	2218617634
22975	1558	1784088806186	2127632615
22976	1557	1784088806187	2879185857
22977	1557	1784088806187	4164526203
22978	1559	1784088806188	2993764914
22979	1536	1784088806188	3830102052
2298	1507	1784088792051	1418626763
22980	1552	1784088806189	2004186251
22981	1557	1784088806189	3412249642
22982	1540	1784088806189	3195042936
22983	1547	1784088806190	377971570
22984	1548	1784088806190	486794615
22985	1744	1784088806191	3874691431
22986	1542	1784088806191	3525488182
22987	1543	1784088806191	1097613561
22988	1536	1784088806192	3285210707
22989	1535	1784088806192	2522419846
2299	1638	1784088792051	922590647
22990	1547	1784088806193	3546958213
22991	1552	1784088806193	1278145559
22992	1529	1784088806194	4111092688
22993	1526	1784088806194	4140957994
22994	1526	1784088806195	589394278
22995	1532	1784088806195	3260082453
22996	1535	1784088806196	623025064
22997	1627	1784088806196	3736208147
22998	1629	1784088806197	4185658325
22999	1630	1784088806197	2765314011
23	1583	1784088786187	1587138706
230	1510	1784088786389	3117466445
2300	1511	1784088792052	3813830399
23000	1631	1784088806198	71012546
23001	1633	1784088806199	921248605
23002	1628	1784088806199	269208471
23003	1525	1784088806200	2723553183
23004	1525	1784088806200	4209732731
23005	1525	1784088806201	1996205953
23006	1528	1784088806201	1078791041
23007	1576	1784088806201	1305626240
23008	1585	1784088806202	2409029124
23009	1583	1784088806202	321289878
2301	1634	1784088792052	3312817888
23010	1548	1784088806203	1878205132
23011	1557	1784088806203	91419716
23012	1555	1784088806204	1654686700
23013	1554	1784088806204	1363299369
23014	1569	1784088806204	854991282
23015	1575	1784088806205	599947885
23016	1575	1784088806205	2097912846
23017	1575	1784088806206	1677749443
23018	1575	1784088806206	1495930468
23019	1575	1784088806206	3780701699
2302	1509	1784088792053	975854325
23020	1578	1784088806207	616058995
23021	1555	1784088806207	1697900703
23022	1555	1784088806208	52890791
23023	1555	1784088806208	2560311397
23024	1555	1784088806208	4086193966
23025	1555	1784088806209	8817012
23026	1558	1784088806210	3541754871
23027	1569	1784088806211	424748045
23028	1523	1784088806211	951430716
23029	1560	1784088806212	690601643
2303	1638	1784088792053	1485007252
23030	1532	1784088806212	1166298764
23031	1517	1784088806213	557345242
23032	1520	1784088806213	3976409146
23033	1462	1784088806214	3262885779
23034	1467	1784088806214	2692210055
23035	1779	1784088806215	332691705
23036	1512	1784088806215	2201875202
23037	1474	1784088806215	3103847636
23038	1473	1784088806216	4182066336
23039	1555	1784088806216	3004697524
2304	1510	1784088792054	4147751871
23040	1474	1784088806217	436367917
23041	1473	1784088806217	3439614076
23042	1734	1784088806218	344835829
23043	1739	1784088806218	1529055054
23044	1761	1784088806219	692568164
23045	1849	1784088806219	2559615117
23046	1849	1784088806219	2129441289
23047	1846	1784088806220	4228122646
23048	1689	1784088806220	3753105764
23049	1674	1784088806221	2522523843
2305	1585	1784088792054	1065583974
23050	1797	1784088806221	2670610817
23051	1674	1784088806222	544805451
23052	1797	1784088806222	1711080653
23053	1674	1784088806222	3571723807
23054	1506	1784088806223	1710798966
23055	1518	1784088806223	3702244133
23056	1512	1784088806224	4144310681
23057	1511	1784088806224	3763475136
23058	1527	1784088806225	3449027073
23059	1523	1784088806225	1780906021
2306	1460	1784088792055	2958187947
23060	1659	1784088806226	4282089491
23061	1532	1784088806226	2890667446
23062	1660	1784088806226	2929245048
23063	1533	1784088806227	3071648030
23064	1474	1784088806227	210167009
23065	1516	1784088806228	4022155798
23066	1549	1784088806228	127201453
23067	1542	1784088806229	3374791774
23068	1558	1784088806229	2892085106
23069	1633	1784088806229	250566317
2307	1525	1784088792055	2924464474
23070	1563	1784088806230	2497377077
23071	1544	1784088806230	3458719002
23072	1560	1784088806231	4165373595
23073	1540	1784088806231	602170675
23074	1549	1784088806231	1111438214
23075	1556	1784088806233	3341117797
23076	1545	1784088806233	3402210272
23077	1554	1784088806233	1075035749
23078	1551	1784088806234	951269944
23079	1537	1784088806234	2567450775
2308	1518	1784088792056	1446007977
23080	1548	1784088806235	2546785368
23081	1524	1784088806235	355937460
23082	1536	1784088806236	1512030577
23083	1533	1784088806236	488668528
23084	1534	1784088806236	1421669410
23085	1543	1784088806236	1455230977
23086	1543	1784088806237	1080431910
23087	1543	1784088806237	4211086340
23088	1543	1784088806238	3065447871
23089	1543	1784088806238	231802013
2309	1521	1784088792057	1885264135
23090	1543	1784088806239	3087743117
23091	1536	1784088806239	3315270318
23092	1536	1784088806239	1797801357
23093	1536	1784088806240	3093923155
23094	1536	1784088806240	3980381578
23095	1536	1784088806241	1048448340
23096	1625	1784088806241	3038512629
23097	1547	1784088806241	3038952433
23098	1556	1784088806243	2233552831
23099	1540	1784088806243	1861905206
231	1508	1784088786389	3631185921
2310	1514	1784088792058	4186487865
23100	1634	1784088806244	3411233622
23101	1559	1784088806244	2370140566
23102	1511	1784088806244	1503759175
23103	1471	1784088806245	3651619488
23104	1482	1784088806245	995574771
23105	1485	1784088806246	4062564416
23106	1455	1784088806246	2147259961
23107	1456	1784088806246	494216574
23108	1472	1784088806253	736331688
23109	1480	1784088806255	4197935988
2311	1547	1784088792058	3151235091
23110	1488	1784088806256	147087178
23111	1480	1784088806257	1106661761
23112	1481	1784088806257	2627930632
23113	1476	1784088806258	3071830274
23114	1487	1784088806259	2234114676
23115	1526	1784088806259	3001116347
23116	1480	1784088806260	806895898
23117	1484	1784088806260	2531899464
23118	1560	1784088806261	2001052432
23119	1472	1784088806261	488119150
2312	1460	1784088792058	2101250286
23120	1477	1784088806262	1441816274
23121	1477	1784088806263	4053083276
23122	1766	1784088806263	1515884267
23123	1754	1784088806264	1070899158
23124	1540	1784088806264	2872676840
23125	1533	1784088806264	3982519223
23126	1516	1784088806265	803633267
23127	1550	1784088806265	936054376
23128	1550	1784088806266	4293911183
23129	1550	1784088806266	1138296607
2313	1625	1784088792059	663070595
23130	1550	1784088806267	1460926256
23131	1564	1784088806267	881625867
23132	1564	1784088806267	2826212133
23133	1564	1784088806268	1673619254
23134	1564	1784088806268	218457366
23135	1564	1784088806269	125141410
23136	1564	1784088806269	4199942281
23137	1564	1784088806270	1629921796
23138	1564	1784088806270	2655994634
23139	1564	1784088806270	3286495063
2314	1516	1784088792059	265138506
23140	1564	1784088806271	4083919676
23141	1564	1784088806271	1862408134
23142	1564	1784088806272	4084953214
23143	1566	1784088806272	766473818
23144	1566	1784088806273	2770589750
23145	1566	1784088806273	1968589120
23146	1566	1784088806274	3004396724
23147	1566	1784088806274	2677481037
23148	1566	1784088806275	744892424
23149	1569	1784088806275	1490421276
2315	1625	1784088792060	375174076
23150	1569	1784088806276	3169441126
23151	1569	1784088806276	3374167944
23152	1569	1784088806276	3436015406
23153	1569	1784088806277	1856154493
23154	1569	1784088806277	2097452551
23155	1566	1784088806278	496645976
23156	1566	1784088806278	405753126
23157	1566	1784088806279	3361397840
23158	1566	1784088806279	1109695443
23159	1566	1784088806280	1856041258
2316	1516	1784088792060	2682115261
23160	1566	1784088806280	1403244317
23161	1562	1784088806281	2712071811
23162	1562	1784088806281	1807968338
23163	1562	1784088806282	2540452401
23164	1562	1784088806282	2578506136
23165	1562	1784088806282	3117932701
23166	1562	1784088806282	3455883830
23167	1563	1784088806284	1355651271
23168	1563	1784088806284	258658371
23169	1563	1784088806285	3703988850
2317	1642	1784088792061	3146062234
23170	1563	1784088806285	1759734037
23171	1563	1784088806286	524474138
23172	1563	1784088806286	1443885187
23173	1574	1784088806286	2185913320
23174	1574	1784088806286	2691281311
23175	1574	1784088806287	1744759019
23176	1574	1784088806287	1854484269
23177	1574	1784088806288	376895724
23178	1574	1784088806288	1862728757
23179	1567	1784088806289	3572987881
2318	1511	1784088792061	1438556295
23180	1567	1784088806289	3734499201
23181	1567	1784088806290	1818977101
23182	1567	1784088806291	3867923161
23183	1567	1784088806292	697053535
23184	1567	1784088806292	256808435
23185	1568	1784088806293	632073973
23186	1568	1784088806293	2234844709
23187	1568	1784088806294	469005543
23188	1568	1784088806294	467008008
23189	1568	1784088806294	325114667
2319	1655	1784088792061	735926970
23190	1568	1784088806295	2970273096
23191	1518	1784088806295	2095340475
23192	1508	1784088806295	36094621
23193	1468	1784088806297	3580142593
23194	1467	1784088806297	379923011
23195	1610	1784088806298	3696727627
23196	1512	1784088806298	169501523
23197	1567	1784088806299	4235121270
23198	1468	1784088806299	2330487247
23199	1567	1784088806300	4152633675
232	1502	1784088786390	1318121403
2320	1524	1784088792062	3373240687
23200	1468	1784088806300	569624109
23201	1567	1784088806300	2599011588
23202	1468	1784088806301	275804175
23203	1567	1784088806301	3753622152
23204	1468	1784088806301	4236007263
23205	1567	1784088806303	3950877349
23206	1468	1784088806303	825043207
23207	1613	1784088806303	62772369
23208	1515	1784088806304	2472555363
23209	1570	1784088806304	3255300877
2321	1656	1784088792062	2081082318
23210	1471	1784088806305	782521550
23211	1570	1784088806305	2936053136
23212	1471	1784088806306	505296533
23213	1570	1784088806306	70719656
23214	1471	1784088806306	2146252919
23215	1569	1784088806307	2573991731
23216	1470	1784088806307	2234958923
23217	1569	1784088806308	676594553
23218	1470	1784088806308	1530496997
23219	1609	1784088806309	3439210979
2322	1525	1784088792063	3892923323
23220	1513	1784088806309	780942709
23221	1566	1784088806310	3466528581
23222	1469	1784088806310	793586364
23223	1566	1784088806310	3143013913
23224	1469	1784088806311	4039864606
23225	1565	1784088806311	3210103286
23226	1468	1784088806311	1935288171
23227	1565	1784088806313	2802772907
23228	1468	1784088806313	337359976
23229	1565	1784088806314	1589575664
2323	1635	1784088792063	845028179
23230	1468	1784088806314	4284959924
23231	1612	1784088806315	1780197153
23232	1514	1784088806315	2420681820
23233	1569	1784088806315	2046654165
23234	1470	1784088806316	1570637665
23235	1569	1784088806316	198848079
23236	1470	1784088806317	94739543
23237	1568	1784088806317	100297546
23238	1469	1784088806318	1004840952
23239	1568	1784088806318	3935476396
2324	1504	1784088792064	4069461723
23240	1469	1784088806319	4139040552
23241	1568	1784088806319	3490491412
23242	1469	1784088806319	483569721
23243	1610	1784088806320	2000746685
23244	1512	1784088806320	3875952294
23245	1567	1784088806321	2074025775
23246	1468	1784088806321	2342767573
23247	1567	1784088806321	1633324830
23248	1468	1784088806323	1703076916
23249	1567	1784088806323	1907240110
2325	1653	1784088792064	218748274
23250	1468	1784088806324	947316637
23251	1567	1784088806324	3143497218
23252	1468	1784088806325	4271913586
23253	1566	1784088806325	149192034
23254	1467	1784088806326	2331664908
23255	1616	1784088806326	914723819
23256	1518	1784088806326	2828219123
23257	1573	1784088806326	3582980070
23258	1474	1784088806327	4211682720
23259	1573	1784088806327	587906875
2326	1522	1784088792065	286849434
23260	1474	1784088806328	3442242475
23261	1573	1784088806328	3360014094
23262	1474	1784088806329	2063497738
23263	1573	1784088806329	3321621085
23264	1474	1784088806329	2439092694
23265	1572	1784088806330	45484555
23266	1473	1784088806330	4158267870
23267	1608	1784088806331	2807044671
23268	1513	1784088806331	1828788507
23269	1565	1784088806331	3072306062
2327	1649	1784088792065	1251681945
23270	1469	1784088806333	1756761273
23271	1565	1784088806333	3899671277
23272	1469	1784088806334	392762708
23273	1565	1784088806334	3790403976
23274	1469	1784088806334	503992626
23275	1565	1784088806335	669991683
23276	1469	1784088806336	605788138
23277	1565	1784088806336	654761039
23278	1469	1784088806337	881650624
23279	1616	1784088806337	3499118091
2328	1518	1784088792065	2912121518
23280	1520	1784088806338	2566989464
23281	1573	1784088806338	3890874890
23282	1476	1784088806339	659932540
23283	1573	1784088806339	2430882290
23284	1476	1784088806340	1102840846
23285	1573	1784088806340	2377374154
23286	1476	1784088806340	2204407399
23287	1573	1784088806341	4159391502
23288	1476	1784088806341	1511542229
23289	1573	1784088806341	4064531536
2329	1594	1784088792066	3234846614
23290	1476	1784088806343	2650563740
23291	1616	1784088806343	2236977843
23292	1519	1784088806344	2923357205
23293	1573	1784088806344	3636663556
23294	1475	1784088806344	659622035
23295	1573	1784088806345	1372903840
23296	1475	1784088806346	3196110937
23297	1573	1784088806346	3590341646
23298	1475	1784088806347	1995297332
23299	1573	1784088806347	696878824
233	1549	1784088786390	3698946118
2330	1458	1784088792066	3000246885
23300	1475	1784088806347	1152679323
23301	1573	1784088806348	176480426
23302	1475	1784088806348	201451592
23303	1611	1784088806349	865860074
23304	1513	1784088806349	3149112020
23305	1568	1784088806350	3757730928
23306	1469	1784088806350	239976167
23307	1568	1784088806351	1132967418
23308	1469	1784088806351	4184348437
23309	1568	1784088806352	359740478
2331	1691	1784088792067	1005333620
23310	1469	1784088806353	1128280306
23311	1568	1784088806354	1794571665
23312	1469	1784088806354	2370056550
23313	1568	1784088806354	2286620936
23314	1469	1784088806355	3417394108
23315	1635	1784088806355	3094349528
23316	1537	1784088806356	3715563311
23317	1620	1784088806356	2198549695
23318	1521	1784088806356	2274186732
23319	1620	1784088806357	2075361452
2332	1523	1784088792067	2989268897
23320	1521	1784088806357	234179836
23321	1620	1784088806357	2901171999
23322	1521	1784088806358	1471561780
23323	1620	1784088806359	3606372498
23324	1521	1784088806361	3181162130
23325	1620	1784088806361	542994398
23326	1521	1784088806363	3323082604
23327	1641	1784088806363	771698673
23328	1543	1784088806363	1241750314
23329	1626	1784088806364	1370773665
2333	1695	1784088792068	324738225
23330	1527	1784088806364	3813076199
23331	1626	1784088806365	757476682
23332	1527	1784088806366	347088724
23333	1626	1784088806366	1920470358
23334	1527	1784088806367	372253182
23335	1626	1784088806367	748979008
23336	1527	1784088806367	4288390131
23337	1626	1784088806368	891890723
23338	1527	1784088806368	1309458437
23339	1615	1784088806369	2279340356
2334	1527	1784088792068	1460311707
23340	1518	1784088806369	3358125761
23341	1572	1784088806369	2531558805
23342	1474	1784088806370	2240032329
23343	1572	1784088806370	2151616441
23344	1474	1784088806371	1243864277
23345	1572	1784088806371	2203300110
23346	1474	1784088806371	3544092404
23347	1572	1784088806371	384048853
23348	1474	1784088806372	2680507667
23349	1572	1784088806372	4253006993
2335	1681	1784088792069	431328355
23350	1474	1784088806373	937048785
23351	1621	1784088806373	1353016330
23352	1520	1784088806374	3980187063
23353	1578	1784088806374	3916091624
23354	1476	1784088806375	3084299152
23355	1578	1784088806375	3990349873
23356	1476	1784088806375	2218611051
23357	1578	1784088806375	4066597734
23358	1476	1784088806377	1935516006
23359	1578	1784088806378	430077764
2336	1511	1784088792069	644440613
23360	1476	1784088806378	3589326960
23361	1578	1784088806379	1284938327
23362	1476	1784088806379	4142374622
23363	1612	1784088806380	3531415576
23364	1514	1784088806380	3770431525
23365	1569	1784088806381	2597846130
23366	1470	1784088806381	1803838251
23367	1569	1784088806382	799023044
23368	1470	1784088806382	1888837424
23369	1569	1784088806384	807563667
2337	1594	1784088792069	2576034348
23370	1470	1784088806385	907752714
23371	1569	1784088806385	2417983679
23372	1470	1784088806385	3451483361
23373	1569	1784088806385	1121614593
23374	1470	1784088806386	3678212803
23375	1631	1784088806387	3627087762
23376	1533	1784088806387	1879131148
23377	1616	1784088806388	1379126960
23378	1517	1784088806388	571583419
23379	1616	1784088806389	1344724536
2338	1502	1784088792070	2826696372
23380	1517	1784088806389	1883684700
23381	1616	1784088806390	2572881278
23382	1517	1784088806390	3659397435
23383	1615	1784088806391	1668383608
23384	1516	1784088806391	355249998
23385	1615	1784088806392	3287204152
23386	1516	1784088806392	518432330
23387	1637	1784088806392	3043014683
23388	1539	1784088806393	1368645164
23389	1622	1784088806393	3222691234
2339	1463	1784088792070	241142353
23390	1523	1784088806394	3497240544
23391	1622	1784088806394	1944512930
23392	1523	1784088806395	2496121957
23393	1622	1784088806396	3778309210
23394	1523	1784088806397	4256823894
23395	1622	1784088806398	3917798770
23396	1523	1784088806398	2981617844
23397	1621	1784088806399	2921555574
23398	1522	1784088806399	4114927317
23399	1617	1784088806400	3192235463
234	1522	1784088786391	1192675329
2340	1463	1784088792071	1433375788
23400	1519	1784088806401	2904681281
23401	1574	1784088806401	4036818706
23402	1475	1784088806403	3336925017
23403	1574	1784088806403	2996223190
23404	1475	1784088806404	1419041615
23405	1574	1784088806404	464256580
23406	1475	1784088806405	2362205248
23407	1574	1784088806405	904675059
23408	1475	1784088806406	3767607304
23409	1574	1784088806406	236530512
2341	1518	1784088792071	2688599597
23410	1475	1784088806408	1006300437
23411	1611	1784088806408	2083865073
23412	1513	1784088806409	2226820406
23413	1568	1784088806409	2138388492
23414	1469	1784088806409	1071291505
23415	1568	1784088806410	578994385
23416	1469	1784088806410	3686005983
23417	1568	1784088806411	878044411
23418	1469	1784088806413	2741291295
23419	1568	1784088806413	1261157919
2342	1506	1784088792072	2842253211
23420	1469	1784088806415	2334507737
23421	1567	1784088806415	2773018059
23422	1468	1784088806416	2891212974
23423	1609	1784088806417	1926681777
23424	1511	1784088806417	535421642
23425	1566	1784088806418	1556059834
23426	1467	1784088806419	1829997645
23427	1566	1784088806420	3032730802
23428	1467	1784088806420	2291096876
23429	1566	1784088806421	2090567860
2343	1672	1784088792073	432215458
23430	1467	1784088806421	447351114
23431	1566	1784088806421	1788504664
23432	1467	1784088806423	1876393808
23433	1566	1784088806423	1126992605
23434	1467	1784088806424	3479856307
23435	1609	1784088806424	1162329292
23436	1511	1784088806425	3467286454
23437	1566	1784088806425	3755910937
23438	1467	1784088806426	1124548199
23439	1566	1784088806426	633665585
2344	1511	1784088792073	3313313920
23440	1467	1784088806427	4113780033
23441	1566	1784088806427	3258651589
23442	1467	1784088806428	1416388448
23443	1565	1784088806428	2731943171
23444	1466	1784088806429	984701256
23445	1565	1784088806429	2552428211
23446	1466	1784088806430	265726215
23447	1612	1784088806430	4251044299
23448	1512	1784088806431	640488446
23449	1569	1784088806431	3651632985
2345	1617	1784088792074	2588746730
23450	1468	1784088806431	415323260
23451	1569	1784088806433	1611320662
23452	1468	1784088806433	1745217496
23453	1569	1784088806434	678110105
23454	1468	1784088806434	3570534315
23455	1569	1784088806435	2179092653
23456	1468	1784088806435	3277345441
23457	1568	1784088806435	3137608272
23458	1467	1784088806436	573590902
23459	1614	1784088806437	1933378230
2346	1465	1784088792074	467107007
23460	1514	1784088806437	1092886482
23461	1571	1784088806438	1258120905
23462	1470	1784088806438	1963552554
23463	1571	1784088806439	2765640994
23464	1470	1784088806439	1717158649
23465	1571	1784088806440	4055789547
23466	1470	1784088806440	4262238982
23467	1571	1784088806441	3738497879
23468	1470	1784088806441	1797269718
23469	1570	1784088806443	2721001038
2347	1627	1784088792075	844460342
23470	1469	1784088806443	3836606152
23471	1614	1784088806445	626949716
23472	1515	1784088806445	1632127657
23473	1571	1784088806446	3874174223
23474	1471	1784088806447	587255265
23475	1571	1784088806447	2178052107
23476	1471	1784088806448	1434858808
23477	1571	1784088806449	538125468
23478	1471	1784088806449	3553300122
23479	1571	1784088806450	2675144150
2348	1515	1784088792075	2199356613
23480	1471	1784088806450	3478603476
23481	1570	1784088806451	2858950306
23482	1470	1784088806451	2641503714
23483	1573	1784088806452	3614363093
23484	1573	1784088806452	857471391
23485	1573	1784088806453	992786382
23486	1573	1784088806453	2783772144
23487	1573	1784088806454	2917343115
23488	1573	1784088806454	1617160845
23489	1572	1784088806455	1856743280
2349	1612	1784088792075	3944352819
23490	1572	1784088806458	782271651
23491	1572	1784088806459	3736358701
23492	1572	1784088806459	1067698761
23493	1572	1784088806460	627454697
23494	1572	1784088806460	2295240380
23495	1572	1784088806461	185656622
23496	1572	1784088806462	2305079172
23497	1572	1784088806462	2037414922
23498	1572	1784088806463	1669871485
23499	1572	1784088806463	2035142621
235	1616	1784088786391	2567288077
2350	1518	1784088792076	3718058288
23500	1572	1784088806464	3790231854
23501	1572	1784088806464	2551097543
23502	1572	1784088806464	2501719827
23503	1572	1784088806466	2727728944
23504	1572	1784088806467	1202395627
23505	1572	1784088806467	940769518
23506	1572	1784088806468	3976215676
23507	1573	1784088806468	1827262269
23508	1573	1784088806469	3325375144
23509	1573	1784088806469	3456269561
2351	1609	1784088792076	2956785209
23510	1573	1784088806470	2044297262
23511	1573	1784088806470	1909875285
23512	1573	1784088806471	940783939
23513	1571	1784088806471	1283002681
23514	1571	1784088806471	2306145933
23515	1571	1784088806472	944473054
23516	1571	1784088806474	1688135670
23517	1571	1784088806476	61379599
23518	1571	1784088806477	3063322957
23519	1573	1784088806477	1393174966
2352	1517	1784088792077	1420056501
23520	1573	1784088806478	1358976377
23521	1573	1784088806478	1496783656
23522	1573	1784088806478	3354874134
23523	1573	1784088806479	3489182573
23524	1573	1784088806480	1288802228
23525	1569	1784088806480	2105285265
23526	1569	1784088806481	2442460614
23527	1569	1784088806481	113354433
23528	1569	1784088806481	754436087
23529	1569	1784088806482	110308474
2353	1596	1784088792077	4198234380
23530	1569	1784088806482	3836167371
23531	1562	1784088806482	2015467813
23532	1562	1784088806484	2529906936
23533	1562	1784088806484	3826910013
23534	1562	1784088806485	600313338
23535	1562	1784088806486	4283383704
23536	1562	1784088806487	1324784681
23537	1638	1784088806487	3451786178
23538	1541	1784088806488	2440500140
23539	1574	1784088806488	2450251075
2354	1504	1784088792078	2400277109
23540	1476	1784088806489	2489147135
23541	1574	1784088806489	1381980312
23542	1476	1784088806490	1376429912
23543	1574	1784088806490	254515572
23544	1476	1784088806491	2017394702
23545	1574	1784088806491	52987402
23546	1476	1784088806492	3590093124
23547	1573	1784088806492	4216160162
23548	1475	1784088806493	2857529171
23549	1564	1784088806493	1922816024
2355	1600	1784088792078	1250746802
23550	1564	1784088806494	1272424727
23551	1564	1784088806494	3421641200
23552	1564	1784088806496	1004483571
23553	1564	1784088806496	2932345331
23554	1564	1784088806497	3972343594
23555	1616	1784088806497	1322137791
23556	1520	1784088806498	3503036077
23557	1573	1784088806499	3141237377
23558	1476	1784088806500	1810440282
23559	1573	1784088806500	607383796
2356	1505	1784088792078	3570362386
23560	1476	1784088806501	321699581
23561	1573	1784088806501	2915378441
23562	1476	1784088806501	3327336968
23563	1573	1784088806502	3056577405
23564	1476	1784088806502	3744131773
23565	1573	1784088806503	4195344840
23566	1476	1784088806504	1773506617
23567	1614	1784088806504	1960002499
23568	1518	1784088806504	1365771400
23569	1571	1784088806506	543473203
2357	1597	1784088792079	3295026530
23570	1474	1784088806506	104618458
23571	1571	1784088806507	4034111421
23572	1474	1784088806508	3596850989
23573	1571	1784088806508	879761628
23574	1474	1784088806508	157275794
23575	1571	1784088806509	3115087582
23576	1474	1784088806509	2268527120
23577	1571	1784088806510	3373667493
23578	1474	1784088806510	2847480613
23579	1615	1784088806511	2462036274
2358	1503	1784088792080	317697812
23580	1517	1784088806511	2693524530
23581	1572	1784088806512	2572398065
23582	1473	1784088806512	3860170344
23583	1572	1784088806513	4126850413
23584	1473	1784088806513	3489830600
23585	1572	1784088806514	336802417
23586	1473	1784088806514	2407778102
23587	1572	1784088806514	2785183906
23588	1473	1784088806516	3350023683
23589	1572	1784088806517	336233527
2359	1601	1784088792080	4183467171
23590	1473	1784088806517	3615049779
23591	1616	1784088806518	2257789949
23592	1518	1784088806518	711931757
23593	1573	1784088806519	3175681571
23594	1474	1784088806520	2390604432
23595	1573	1784088806520	253012735
23596	1474	1784088806521	1190822706
23597	1573	1784088806521	3036312007
23598	1474	1784088806521	1656982531
23599	1573	1784088806522	671502286
236	1523	1784088786391	3829806827
2360	1506	1784088792080	2533454756
23600	1474	1784088806523	669927418
23601	1573	1784088806523	1847452371
23602	1474	1784088806524	1151331654
23603	1564	1784088806524	4206200291
23604	1564	1784088806524	227844223
23605	1564	1784088806526	2377191576
23606	1564	1784088806526	2107390619
23607	1564	1784088806527	3901423771
23608	1564	1784088806527	522504543
23609	1616	1784088806528	1213658893
2361	1601	1784088792081	2818579997
23610	1520	1784088806529	2503089685
23611	1573	1784088806530	1098335966
23612	1476	1784088806530	1736214598
23613	1573	1784088806531	913906982
23614	1476	1784088806531	26560820
23615	1573	1784088806532	724473118
23616	1476	1784088806532	3276659549
23617	1573	1784088806533	1366690778
23618	1476	1784088806533	439419119
23619	1573	1784088806535	82817854
2362	1506	1784088792081	409635568
23620	1476	1784088806536	2042154049
23621	1615	1784088806537	1531274982
23622	1515	1784088806537	3672681757
23623	1572	1784088806538	3248822007
23624	1471	1784088806538	3869089832
23625	1572	1784088806539	1245164285
23626	1471	1784088806540	1986700469
23627	1572	1784088806540	3977422228
23628	1471	1784088806541	4091128006
23629	1572	1784088806541	3055701077
2363	1599	1784088792082	4159926809
23630	1471	1784088806542	3568085062
23631	1571	1784088806543	544091393
23632	1470	1784088806544	1831625243
23633	1570	1784088806544	2816449659
23634	1570	1784088806545	1699806880
23635	1570	1784088806545	2193382183
23636	1570	1784088806547	3614000264
23637	1570	1784088806548	4012417967
23638	1570	1784088806549	671557143
23639	1656	1784088806550	1680099278
2364	1504	1784088792082	3185477459
23640	1480	1784088806551	2227718402
23641	1480	1784088806551	925049924
23642	1480	1784088806551	946836943
23643	1781	1784088806551	2075782240
23644	1480	1784088806553	1790885414
23645	1616	1784088806554	3916551932
23646	1637	1784088806554	1133813117
23647	1630	1784088806555	3712827706
23648	1634	1784088806556	3841081166
23649	1483	1784088806556	615117018
2365	1561	1784088792083	3760512873
23650	1479	1784088806557	2686739084
23651	1669	1784088806557	1653444053
23652	1472	1784088806558	136061938
23653	1599	1784088806559	1135074013
23654	1591	1784088806559	47215770
23655	1589	1784088806559	1515546258
23656	1590	1784088806560	1665284943
23657	1587	1784088806560	1932039898
23658	1596	1784088806561	1353823337
23659	1677	1784088806561	925082508
2366	1560	1784088792083	1769554828
23660	1535	1784088806561	501047073
23661	1599	1784088806563	2433088445
23662	1727	1784088806563	844365428
23663	1480	1784088806564	257883106
23664	1543	1784088806564	1113953125
23665	1528	1784088806565	3014378170
23666	1530	1784088806566	2180192237
23667	1528	1784088806568	2524341851
23668	1526	1784088806569	540632497
23669	1528	1784088806569	462941497
2367	1543	1784088792083	3112982434
23670	1531	1784088806584	2983881393
23671	1738	1784088806585	2936286614
23672	1724	1784088806590	2108075454
23673	1547	1784088806591	1730014341
23674	1755	1784088806591	620373405
23675	1536	1784088806591	1287601416
23676	1529	1784088806593	2766271734
23677	1529	1784088806593	2584752101
23678	1538	1784088806594	269229763
23679	1779	1784088806594	3396426586
2368	1556	1784088792084	1253888367
23680	1783	1784088806595	4120359468
23681	1786	1784088806595	351685731
23682	1784	1784088806596	2005116470
23683	1771	1784088806597	2683127139
23684	1781	1784088806598	1087799233
23685	1778	1784088806598	1075669864
23686	1778	1784088806599	3809402821
23687	1723	1784088806599	2360150312
23688	1722	1784088806600	3190558544
23689	1653	1784088806601	3271378221
2369	1544	1784088792084	4114149417
23690	1772	1784088806602	2205906608
23691	1652	1784088806603	2419675667
23692	1755	1784088806603	2998839545
23693	1744	1784088806604	1230364256
23694	1681	1784088806604	831360385
23695	1760	1784088806605	4095881448
23696	1706	1784088806605	514143226
23697	1737	1784088806606	1140566281
23698	1695	1784088806606	633937457
23699	1696	1784088806607	4023059055
237	1530	1784088786393	3529697614
2370	1524	1784088792085	2526585296
23700	1727	1784088806608	2579743512
23701	1525	1784088806608	3970232042
23702	1518	1784088806609	1514550341
23703	1650	1784088806609	1272574033
23704	1606	1784088806610	1277123663
23705	1629	1784088806610	2520355915
23706	1529	1784088806610	3702086649
23707	1649	1784088806610	909254464
23708	1623	1784088806613	3310926070
23709	1623	1784088806614	1297383843
2371	1519	1784088792085	3751514585
23710	1625	1784088806614	1864446313
23711	1525	1784088806615	300659629
23712	1620	1784088806616	1191572664
23713	1652	1784088806616	754261261
23714	1669	1784088806617	3749137829
23715	1673	1784088806618	659627720
23716	1669	1784088806618	4185289769
23717	1676	1784088806618	2236331128
23718	1693	1784088806619	514242004
23719	1697	1784088806619	1740568914
2372	1509	1784088792085	843267802
23720	1693	1784088806620	2220290094
23721	1678	1784088806620	1361297045
23722	1695	1784088806621	468150676
23723	1699	1784088806622	808639301
23724	1695	1784088806622	1588442668
23725	1677	1784088806622	3198220445
23726	1694	1784088806623	817654389
23727	1698	1784088806623	3332970570
23728	1694	1784088806624	4027605862
23729	1676	1784088806624	3952848231
2373	1516	1784088792086	1040846572
23730	1693	1784088806625	3785423608
23731	1697	1784088806625	3741349102
23732	1693	1784088806628	435229833
23733	1675	1784088806629	649963362
23734	1692	1784088806629	3305856949
23735	1696	1784088806630	583235311
23736	1692	1784088806630	2498169360
23737	1676	1784088806631	3590687077
23738	1693	1784088806632	2575794783
23739	1697	1784088806632	829469837
2374	1508	1784088792087	2189060731
23740	1693	1784088806632	3139384752
23741	1683	1784088806633	404182116
23742	1700	1784088806634	793559696
23743	1704	1784088806634	4048368855
23744	1700	1784088806635	3814074127
23745	1682	1784088806635	665064982
23746	1700	1784088806636	1437364247
23747	1704	1784088806636	108254751
23748	1700	1784088806637	490751191
23749	1684	1784088806637	3003949410
2375	1507	1784088792087	685353339
23750	1701	1784088806639	2427781609
23751	1705	1784088806639	1005080792
23752	1701	1784088806640	2978209353
23753	1682	1784088806641	191952289
23754	1699	1784088806641	924564097
23755	1703	1784088806641	1820092306
23756	1699	1784088806641	3150329730
23757	1677	1784088806642	201038379
23758	1695	1784088806644	93792979
23759	1699	1784088806645	2799716673
2376	1510	1784088792088	3897205609
23760	1695	1784088806645	440191337
23761	1678	1784088806646	947639000
23762	1696	1784088806646	1917965158
23763	1700	1784088806647	3085734759
23764	1696	1784088806647	1695144974
23765	1678	1784088806648	4228139764
23766	1696	1784088806648	2918742053
23767	1700	1784088806648	1872948628
23768	1696	1784088806650	2765026701
23769	1679	1784088806650	2698268033
2377	1509	1784088792088	479786927
23770	1696	1784088806651	1410113881
23771	1700	1784088806651	4024656330
23772	1558	1784088806653	1177434769
23773	1696	1784088806653	396514401
23774	1678	1784088806654	538440290
23775	1696	1784088806654	1254194283
23776	1700	1784088806655	3704560601
23777	1696	1784088806655	882941649
23778	1676	1784088806656	1520500049
23779	1694	1784088806657	3749246697
2378	1512	1784088792088	3041947753
23780	1698	1784088806658	961749803
23781	1694	1784088806659	1600368815
23782	1676	1784088806660	2961125090
23783	1694	1784088806660	1713125063
23784	1698	1784088806661	4018172466
23785	1694	1784088806663	4172975794
23786	1677	1784088806663	3357993385
23787	1694	1784088806664	4080563329
23788	1698	1784088806664	4166498470
23789	1694	1784088806665	2172700881
2379	1511	1784088792089	2678524818
23790	1679	1784088806665	129936652
23791	1696	1784088806666	2035224880
23792	1700	1784088806666	4236611746
23793	1696	1784088806667	3934790858
23794	1678	1784088806668	418174929
23795	1695	1784088806668	1649658518
23796	1699	1784088806669	2197968378
23797	1695	1784088806669	557953043
23798	1677	1784088806671	1920807363
23799	1694	1784088806671	2992054616
238	1518	1784088786393	2810285872
2380	1597	1784088792089	3429341975
23800	1698	1784088806673	638309095
23801	1694	1784088806673	2504161791
23802	1681	1784088806674	3488319216
23803	1698	1784088806676	3112752430
23804	1702	1784088806676	1496685334
23805	1698	1784088806677	3178120536
23806	1681	1784088806678	1116824240
23807	1698	1784088806678	2601620769
23808	1702	1784088806679	998153173
23809	1698	1784088806679	3854938019
2381	1597	1784088792090	3083215288
23810	1677	1784088806680	3582799004
23811	1695	1784088806681	875722085
23812	1699	1784088806681	1039823755
23813	1695	1784088806683	4265418975
23814	1679	1784088806683	2465735152
23815	1697	1784088806683	1706403463
23816	1701	1784088806684	1517840335
23817	1697	1784088806685	3481374858
23818	1593	1784088806685	3303617524
23819	1583	1784088806686	452374168
2382	1597	1784088792090	1075377429
23820	1549	1784088806686	606021237
23821	1509	1784088806688	2813760887
23822	1549	1784088806689	1529759759
23823	1509	1784088806689	491222339
23824	1549	1784088806690	3665689217
23825	1509	1784088806691	153375582
23826	1549	1784088806691	2773259515
23827	1509	1784088806694	3017126762
23828	1549	1784088806694	61577692
23829	1509	1784088806695	568467300
2383	1597	1784088792091	1493711005
23830	1549	1784088806696	2085155539
23831	1509	1784088806697	1518933245
23832	1549	1784088806697	58301609
23833	1509	1784088806699	3766023369
23834	1549	1784088806700	2183802407
23835	1509	1784088806701	4095464148
23836	1549	1784088806702	4246421597
23837	1509	1784088806703	1323971296
23838	1549	1784088806703	1543261562
23839	1509	1784088806704	3705511662
2384	1512	1784088792091	1078621218
23840	1652	1784088806705	836458958
23841	1647	1784088806705	2836069374
23842	1660	1784088806706	3446335523
23843	1655	1784088806707	760948537
23844	1659	1784088806708	3817328619
23845	1654	1784088806709	2423321040
23846	1660	1784088806710	4032291891
23847	1655	1784088806711	3115552760
23848	1653	1784088806711	1385152138
23849	1648	1784088806713	1376453379
2385	1501	1784088792091	1598089815
23850	1661	1784088806714	2247486088
23851	1656	1784088806715	395465564
23852	1662	1784088806716	4142260038
23853	1657	1784088806717	1343272143
23854	1663	1784088806719	1350361833
23855	1658	1784088806720	369669377
23856	1673	1784088806720	1760542302
23857	1665	1784088806721	2672482712
23858	1665	1784088806722	1744625990
23859	1657	1784088806723	458886694
2386	1507	1784088792092	2185375001
23860	1663	1784088806725	2983239181
23861	1655	1784088806726	1809467082
23862	1669	1784088806727	3131764820
23863	1656	1784088806729	875922107
23864	1664	1784088806730	2332713392
23865	1659	1784088806730	3605903027
23866	1665	1784088806733	460468332
23867	1657	1784088806733	3378324427
23868	1668	1784088806734	675114685
23869	1660	1784088806735	1890168643
2387	1514	1784088792093	2653589970
23870	1662	1784088806736	3011099855
23871	1654	1784088806736	2451986068
23872	1657	1784088806737	1265622477
23873	1652	1784088806737	1709025955
23874	1664	1784088806739	1738644694
23875	1659	1784088806739	3913893341
23876	1665	1784088806740	323180186
23877	1660	1784088806741	3600734315
23878	1661	1784088806742	1131573000
23879	1656	1784088806743	3060066946
2388	1513	1784088792093	1193955262
23880	1608	1784088806744	3848818016
23881	1607	1784088806744	3661798119
23882	1731	1784088806745	2434323182
23883	1665	1784088806746	34724775
23884	1730	1784088806746	2046442962
23885	1664	1784088806747	1014356975
23886	1733	1784088806748	1417126238
23887	1667	1784088806749	3760326291
23888	1732	1784088806749	1030561361
23889	1666	1784088806749	1302948734
2389	1546	1784088792094	450300365
23890	1728	1784088806750	750951509
23891	1665	1784088806751	2470805732
23892	1721	1784088806753	62039420
23893	1665	1784088806754	4225560244
23894	1724	1784088806754	1791184456
23895	1664	1784088806755	311747223
23896	1600	1784088806756	4150243396
23897	1599	1784088806756	3877859233
23898	1723	1784088806757	325536152
23899	1657	1784088806759	604246927
239	1604	1784088786394	148347689
2390	1546	1784088792094	2997187406
23900	1722	1784088806760	2300569853
23901	1656	1784088806760	4047529951
23902	1725	1784088806761	1441820201
23903	1659	1784088806762	1100153838
23904	1724	1784088806762	1288017376
23905	1658	1784088806823	2798344048
23906	1720	1784088806823	2495468592
23907	1657	1784088806823	1740260249
23908	1713	1784088806824	890232191
23909	1657	1784088806827	2725274795
2391	1476	1784088792095	3703942859
23910	1716	1784088806837	3896496638
23911	1656	1784088806841	802144715
23912	1524	1784088806855	1639192600
23913	1515	1784088806856	1921404720
23914	1524	1784088806856	1267633381
23915	1515	1784088806857	3303209040
23916	1524	1784088806857	3690089032
23917	1515	1784088806858	3902868787
23918	1524	1784088806859	2180679382
23919	1515	1784088806860	2728926790
2392	1465	1784088792095	512535967
23920	1524	1784088806862	3296792825
23921	1515	1784088806863	4123185381
23922	1520	1784088806863	2279974222
23923	1516	1784088806863	1525750579
23924	1520	1784088806865	1175790108
23925	1516	1784088806866	3497895902
23926	1520	1784088806868	456913212
23927	1516	1784088806869	1863173110
23928	1520	1784088806869	1159933003
23929	1516	1784088806870	2970466640
2393	1601	1784088792095	675335992
23930	1520	1784088806870	1937445294
23931	1516	1784088806873	1062818067
23932	1524	1784088806875	3862215168
23933	1521	1784088806879	525658698
23934	1524	1784088806881	4036713607
23935	1521	1784088806882	3909809141
23936	1524	1784088806889	4152897754
23937	1521	1784088806891	2661898055
23938	1524	1784088806893	2514877461
23939	1521	1784088806894	2232173573
2394	1593	1784088792096	327381658
23940	1524	1784088806895	1686707391
23941	1521	1784088806898	168218492
23942	1522	1784088806899	3481339844
23943	1519	1784088806903	3044250180
23944	1522	1784088806905	3401466707
23945	1519	1784088806906	2379220977
23946	1522	1784088806907	3691139272
23947	1519	1784088806913	3056673329
23948	1522	1784088806914	762798710
23949	1519	1784088806914	3977710012
2395	1609	1784088792096	875497394
23950	1522	1784088806915	2319919163
23951	1519	1784088806915	2972533218
23952	1518	1784088806916	3198671921
23953	1515	1784088806916	1036492545
23954	1518	1784088806916	833993392
23955	1515	1784088806931	3768655118
23956	1518	1784088806936	895453704
23957	1515	1784088806936	1626665242
23958	1518	1784088806937	2012475933
23959	1515	1784088806938	2937727615
2396	1508	1784088792097	3074946359
23960	1518	1784088806945	2246220391
23961	1515	1784088806947	2473775539
23962	1526	1784088806947	750557138
23963	1521	1784088806949	2463673912
23964	1526	1784088806950	2658637657
23965	1521	1784088806950	2681781212
23966	1526	1784088806952	4132301871
23967	1521	1784088806953	2834663706
23968	1526	1784088806953	2859503547
23969	1521	1784088806954	2745601480
2397	1513	1784088792097	1254873207
23970	1526	1784088806954	1826611080
23971	1521	1784088806955	16153344
23972	1523	1784088806956	3172294906
23973	1518	1784088806956	1004559208
23974	1523	1784088806957	1995478853
23975	1518	1784088806958	3639133798
23976	1523	1784088806958	1402804760
23977	1518	1784088806959	1525200998
23978	1523	1784088806959	1525928229
23979	1518	1784088806959	3313244884
2398	1517	1784088792098	3171748949
23980	1523	1784088806960	1558877816
23981	1518	1784088806961	676118046
23982	1526	1784088806961	2457003983
23983	1519	1784088806962	3727230843
23984	1623	1784088806964	2131994219
23985	1566	1784088806965	2401582922
23986	1627	1784088806965	2109238402
23987	1566	1784088806965	763221054
23988	1627	1784088806966	421632862
23989	1566	1784088806967	4095035632
2399	1522	1784088792098	3384849991
23990	1627	1784088806967	1831149058
23991	1566	1784088806968	989894916
23992	1525	1784088806968	552702091
23993	1515	1784088806969	342728784
23994	1525	1784088806969	557363279
23995	1515	1784088806969	2718504752
23996	1525	1784088806970	1319637659
23997	1515	1784088806972	1977731514
23998	1525	1784088806973	2628665026
23999	1515	1784088806973	1072224975
24	1502	1784088786188	1087216212
240	1518	1784088786394	4052698934
2400	1522	1784088792098	1932513516
24000	1525	1784088806974	1005827820
24001	1515	1784088806974	1226509236
24002	1517	1784088806975	2169648236
24003	1516	1784088806975	675302485
24004	1517	1784088806975	4031389118
24005	1516	1784088806975	3084919303
24006	1517	1784088806976	898346597
24007	1516	1784088806976	2997155205
24008	1517	1784088806977	1797690548
24009	1516	1784088806977	123908638
2401	1522	1784088792099	2101452820
24010	1517	1784088806978	1860146521
24011	1516	1784088806978	2742026019
24012	1520	1784088806978	3327415653
24013	1516	1784088806979	1570458975
24014	1520	1784088806979	833343839
24015	1516	1784088806980	2733271475
24016	1520	1784088806980	3159569529
24017	1516	1784088806982	1707353006
24018	1520	1784088806985	2478886202
24019	1516	1784088806986	94328082
2402	1780	1784088792100	1883314707
24020	1520	1784088806986	224493252
24021	1516	1784088806987	404032862
24022	1525	1784088806989	2051593869
24023	1517	1784088806992	116732280
24024	1525	1784088806993	710884604
24025	1517	1784088806993	729461065
24026	1525	1784088806994	594213044
24027	1517	1784088806994	565445128
24028	1525	1784088806995	4039474350
24029	1517	1784088806995	1491464134
2403	1508	1784088792100	3569284413
24030	1525	1784088806998	4131138746
24031	1517	1784088807005	1014644793
24032	1517	1784088807006	2707385106
24033	1517	1784088807009	2146805335
24034	1517	1784088807009	2234125604
24035	1517	1784088807010	621341544
24036	1517	1784088807010	2125613511
24037	1517	1784088807010	3667327755
24038	1517	1784088807010	1235143848
24039	1517	1784088807012	2431807766
2404	1507	1784088792100	3420671891
24040	1517	1784088807013	1295254141
24041	1517	1784088807013	1676171674
24042	1525	1784088807013	3877505999
24043	1515	1784088807014	1598974892
24044	1525	1784088807014	1566482997
24045	1515	1784088807015	788199558
24046	1525	1784088807015	318220619
24047	1515	1784088807015	1080638437
24048	1525	1784088807016	585632164
24049	1515	1784088807016	456243319
2405	1671	1784088792101	49240260
24050	1525	1784088807017	4230110981
24051	1515	1784088807017	3245903267
24052	1517	1784088807017	1165584453
24053	1516	1784088807018	1946099148
24054	1517	1784088807018	3277192217
24055	1516	1784088807019	1963905308
24056	1517	1784088807019	3295096181
24057	1516	1784088807020	231511383
24058	1517	1784088807020	3786282129
24059	1516	1784088807020	1080789269
2406	1513	1784088792101	1987750200
24060	1517	1784088807022	3297280395
24061	1516	1784088807022	3061489057
24062	1520	1784088807023	1696545650
24063	1516	1784088807023	2458874264
24064	1520	1784088807024	340938336
24065	1516	1784088807024	160847296
24066	1520	1784088807025	3289565762
24067	1516	1784088807025	2096801226
24068	1520	1784088807026	2517207972
24069	1516	1784088807028	152561766
2407	1499	1784088792102	3741340103
24070	1520	1784088807030	174764816
24071	1516	1784088807031	3419806731
24072	1525	1784088807031	4238047380
24073	1517	1784088807032	764232016
24074	1525	1784088807033	3257130136
24075	1517	1784088807034	1406244453
24076	1525	1784088807034	1518755802
24077	1517	1784088807034	2149932714
24078	1525	1784088807035	44800258
24079	1517	1784088807035	1635390983
2408	1583	1784088792102	1430198653
24080	1525	1784088807035	1574640655
24081	1517	1784088807037	1398512107
24082	1517	1784088807038	2952959470
24083	1517	1784088807038	1720495448
24084	1517	1784088807038	2613744113
24085	1517	1784088807039	730981142
24086	1517	1784088807039	1353034440
24087	1517	1784088807040	1272674273
24088	1517	1784088807040	1208259631
24089	1517	1784088807041	2980806538
2409	1590	1784088792103	2846543875
24090	1517	1784088807041	2460104927
24091	1517	1784088807043	2224875431
24092	1822	1784088807045	2090408813
24093	1807	1784088807047	1068139220
24094	1822	1784088807047	107835382
24095	1807	1784088807048	721030754
24096	1822	1784088807049	2739854240
24097	1807	1784088807050	1297311050
24098	1822	1784088807050	264210963
24099	1807	1784088807051	2510877376
241	1602	1784088786395	1756413965
2410	1501	1784088792103	1232363363
24100	1578	1784088807051	1447270826
24101	1573	1784088807052	1255499388
24102	1578	1784088807053	3610760178
24103	1573	1784088807054	3083041543
24104	1578	1784088807054	2603470469
24105	1573	1784088807055	4097761617
24106	1578	1784088807055	3604130206
24107	1573	1784088807056	1028936987
24108	1529	1784088807056	3478415195
24109	1512	1784088807057	1700242282
2411	1583	1784088792104	4288548555
24110	1529	1784088807057	3046808506
24111	1512	1784088807058	2825295369
24112	1529	1784088807058	2939082749
24113	1512	1784088807058	3841440160
24114	1529	1784088807059	2794990357
24115	1512	1784088807059	3867764671
24116	1752	1784088807060	1974159063
24117	1458	1784088807062	707140435
24118	1458	1784088807064	3561217812
24119	1458	1784088807064	306199092
2412	1730	1784088792104	2909439994
24120	1458	1784088807064	1837154595
24121	1529	1784088807065	1183129672
24122	1727	1784088807065	2821014277
24123	1458	1784088807066	1991375190
24124	1456	1784088807067	3340781801
24125	1461	1784088807068	882120212
24126	1464	1784088807068	3562995345
24127	1681	1784088807069	3136744765
24128	1458	1784088807069	4264093881
24129	1458	1784088807070	4094579983
2413	1731	1784088792105	397715454
24130	1458	1784088807070	1866654961
24131	1458	1784088807075	1175631974
24132	1465	1784088807075	1452843921
24133	1490	1784088807076	2231368734
24134	1666	1784088807076	3574903943
24135	1761	1784088807077	2775638799
24136	1766	1784088807078	1938751395
24137	1766	1784088807078	3744313503
24138	1631	1784088807079	3395448667
24139	1631	1784088807080	67692312
2414	1720	1784088792105	27330438
24140	1631	1784088807080	4015021483
24141	1631	1784088807081	557503976
24142	1631	1784088807081	2834582380
24143	1642	1784088807082	721205389
24144	1482	1784088807082	1211093680
24145	1560	1784088807082	3559529497
24146	1559	1784088807083	2608054284
24147	1520	1784088807083	660021872
24148	1510	1784088807083	3867084313
24149	1529	1784088807085	3958572352
2415	1693	1784088792106	3468729568
24150	1535	1784088807085	909725540
24151	1526	1784088807086	4447741
24152	1592	1784088807086	2121739700
24153	1527	1784088807087	3468316089
24154	1535	1784088807087	3322363185
24155	1547	1784088807087	133213053
24156	1479	1784088807088	3407678749
24157	1485	1784088807088	1172225283
24158	1482	1784088807089	2326129833
24159	1483	1784088807089	685578135
2416	1692	1784088792106	716837235
24160	1665	1784088807090	3170077393
24161	1666	1784088807090	3745110776
24162	1669	1784088807090	2974198050
24163	1656	1784088807091	3221270504
24164	1658	1784088807091	1269224681
24165	1701	1784088807093	2708738546
24166	1654	1784088807093	275990715
24167	1707	1784088807093	3494662831
24168	1657	1784088807096	4276564880
24169	1472	1784088807098	1442282444
2417	1705	1784088792107	3288592277
24170	1514	1784088807099	2449641027
24171	1545	1784088807099	270831296
24172	1707	1784088807099	2814665670
24173	1714	1784088807100	1047641869
24174	1712	1784088807100	3509809925
24175	1677	1784088807101	1231213862
24176	1677	1784088807101	1402377689
24177	1684	1784088807101	3721533083
24178	1510	1784088807102	1763518308
24179	1621	1784088807103	413701646
2418	1593	1784088792107	943161582
24180	1509	1784088807103	2277124198
24181	1507	1784088807104	621795570
24182	1507	1784088807105	3798220192
24183	1516	1784088807105	179046549
24184	1516	1784088807106	1653941042
24185	1520	1784088807106	1634589189
24186	1730	1784088807107	1064893320
24187	1741	1784088807107	2712583669
24188	1755	1784088807108	2253016163
24189	1599	1784088807108	2975978736
2419	1500	1784088792108	1229368577
24190	1515	1784088807108	569584133
24191	1531	1784088807109	2392911114
24192	1525	1784088807109	707188953
24193	1545	1784088807113	104287330
24194	1539	1784088807114	1086413938
24195	1458	1784088807114	2203812607
24196	1544	1784088807115	368584859
24197	1789	1784088807115	1519803925
24198	1818	1784088807116	230275502
24199	1886	1784088807116	2336506238
242	1508	1784088786395	4143910422
2420	1545	1784088792108	2532545889
24200	1888	1784088807118	4129104374
24201	1818	1784088807118	2728356949
24202	1886	1784088807119	3904503930
24203	1888	1784088807119	1724890058
24204	1911	1784088807119	4117974240
24205	1567	1784088807120	2593180078
24206	1761	1784088807120	3869355363
24207	1761	1784088807121	393147858
24208	1760	1784088807121	59040482
24209	1760	1784088807122	406720819
2421	1586	1784088792109	2705298862
24210	1764	1784088807122	3553652720
24211	1764	1784088807123	1861612379
24212	1470	1784088807124	1348606193
24213	1506	1784088807124	3735613845
24214	1507	1784088807126	4067416799
24215	1505	1784088807126	1946480203
24216	1507	1784088807128	3576557903
24217	1506	1784088807128	3771956277
24218	1506	1784088807128	1176234157
24219	1506	1784088807129	685528684
2422	1550	1784088792109	849794259
24220	1507	1784088807129	1181593926
24221	1506	1784088807130	1697980019
24222	1504	1784088807130	2291176353
24223	1507	1784088807131	3786979343
24224	1507	1784088807131	449945166
24225	1506	1784088807132	3429400433
24226	1505	1784088807132	295287837
24227	1588	1784088807133	1271800688
24228	1724	1784088807133	3686650349
24229	1461	1784088807133	3645372808
2423	1510	1784088792110	3129126824
24230	1461	1784088807134	135479035
24231	1461	1784088807134	318357674
24232	1461	1784088807135	2790137052
24233	1737	1784088807135	4032275431
24234	1480	1784088807136	3482101174
24235	1481	1784088807136	3251047653
24236	1481	1784088807137	186162736
24237	1482	1784088807137	1235804861
24238	1481	1784088807138	2648400413
24239	1479	1784088807138	3667012653
2424	1588	1784088792110	1363765901
24240	1477	1784088807138	2572004115
24241	1478	1784088807139	2716024537
24242	1479	1784088807139	3224672330
24243	1476	1784088807140	3957216364
24244	1479	1784088807140	3511527443
24245	1484	1784088807141	3771507087
24246	1483	1784088807141	1025633920
24247	1484	1784088807143	4122912528
24248	1472	1784088807143	2597994808
24249	1469	1784088807144	1991578841
2425	1545	1784088792111	194288387
24250	1475	1784088807144	3256143722
24251	1466	1784088807145	1514941187
24252	1475	1784088807145	4054765276
24253	1475	1784088807146	2844051604
24254	1468	1784088807147	2632009626
24255	1469	1784088807148	3952790402
24256	1468	1784088807148	1993042538
24257	1468	1784088807149	2599161073
24258	1472	1784088807149	2483846789
24259	1475	1784088807149	3128033572
2426	1552	1784088792111	2706437389
24260	1473	1784088807150	2946908252
24261	1473	1784088807150	1887247517
24262	1470	1784088807151	840585832
24263	1471	1784088807151	540792415
24264	1472	1784088807151	1824080760
24265	1471	1784088807151	3317687839
24266	1470	1784088807153	28806434
24267	1471	1784088807153	1362105630
24268	1471	1784088807154	2432958690
24269	1474	1784088807155	3305882763
2427	1460	1784088792112	987188355
24270	1471	1784088807155	387899306
24271	1469	1784088807156	2976106553
24272	1469	1784088807156	707217810
24273	1469	1784088807157	1663875009
24274	1470	1784088807157	3363130800
24275	1470	1784088807158	2434272179
24276	1471	1784088807158	3319163380
24277	1479	1784088807159	2124630913
24278	1479	1784088807159	363240206
24279	1479	1784088807159	903650727
2428	1623	1784088792112	288303769
24280	1473	1784088807160	1531652503
24281	1473	1784088807160	899903127
24282	1480	1784088807161	3919393548
24283	1471	1784088807161	3515820702
24284	1471	1784088807161	138576980
24285	1477	1784088807163	2164082430
24286	1477	1784088807163	2047032723
24287	1485	1784088807163	1188980286
24288	1472	1784088807163	2697027710
24289	1475	1784088807164	3650402769
2429	1526	1784088792113	2960807533
24290	1463	1784088807164	2784919653
24291	1593	1784088807165	1501632670
24292	1597	1784088807165	2867041982
24293	1601	1784088807166	2440678630
24294	1549	1784088807166	2853993007
24295	1529	1784088807167	4078965382
24296	1554	1784088807167	1765014345
24297	1553	1784088807168	3716386389
24298	1555	1784088807168	1917899213
24299	1558	1784088807168	1188369903
243	1516	1784088786396	1033963616
2430	1607	1784088792113	1573432892
24300	1624	1784088807169	1614345463
24301	1495	1784088807169	2890772223
24302	1560	1784088807170	2603529010
24303	1647	1784088807170	889544251
24304	1779	1784088807171	3786505086
24305	1465	1784088807171	4017885285
24306	1465	1784088807171	3417371601
24307	1465	1784088807171	3445840769
24308	1465	1784088807173	3095584324
24309	1504	1784088807173	3362236751
2431	1512	1784088792114	4133006825
24310	1500	1784088807174	1324656415
24311	1503	1784088807174	784215389
24312	1514	1784088807175	2129839074
24313	1697	1784088807175	2970524542
24314	1453	1784088807176	392938456
24315	1523	1784088807176	600529552
24316	1505	1784088807177	3664890919
24317	1523	1784088807177	2953862149
24318	1475	1784088807177	762154983
24319	1479	1784088807178	2719264336
2432	1625	1784088792114	1551959309
24320	1475	1784088807179	344100865
24321	1479	1784088807179	38791595
24322	1475	1784088807180	3075468749
24323	1479	1784088807180	668221287
24324	1753	1784088807180	764827040
24325	1748	1784088807181	1785914421
24326	1749	1784088807181	3152959920
24327	1752	1784088807181	1540491675
24328	1734	1784088807183	2678667392
24329	1778	1784088807183	1985166202
2433	1528	1784088792115	1188434348
24330	1759	1784088807183	2813190867
24331	1752	1784088807183	1071323177
24332	1752	1784088807183	3877583493
24333	1749	1784088807183	4221173590
24334	1570	1784088807185	3450693026
24335	1556	1784088807185	2805113471
24336	1754	1784088807186	4150409369
24337	1541	1784088807186	657934671
24338	1669	1784088807186	3553876542
24339	1652	1784088807187	1453404234
2434	1608	1784088792115	3439729114
24340	1524	1784088807187	2115225153
24341	1520	1784088807188	3641015997
24342	1521	1784088807188	3909744890
24343	1510	1784088807188	1364724047
24344	1523	1784088807189	749910347
24345	1510	1784088807190	4120136474
24346	1529	1784088807190	2771843545
24347	1519	1784088807191	666776066
24348	1465	1784088807191	823822898
24349	1465	1784088807191	1180487756
2435	1511	1784088792116	2152812308
24350	1465	1784088807191	402545080
24351	1465	1784088807192	2852931521
24352	1527	1784088807192	4166677791
24353	1519	1784088807193	3261258313
24354	1663	1784088807194	3492183469
24355	1641	1784088807194	4229919345
24356	1650	1784088807194	977940159
24357	1603	1784088807195	3221581273
24358	1611	1784088807195	835459496
24359	1737	1784088807196	1988865801
2436	1607	1784088792116	1496707746
24360	1728	1784088807196	756310553
24361	1661	1784088807197	891429105
24362	1640	1784088807197	601535507
24363	1726	1784088807198	3422028169
24364	1727	1784088807199	3479679884
24365	1753	1784088807199	2279015110
24366	1729	1784088807199	748979603
24367	1737	1784088807200	1381250453
24368	1480	1784088807200	3533286597
24369	1481	1784088807201	2455110571
2437	1510	1784088792117	2852683290
24370	1480	1784088807201	571837981
24371	1481	1784088807201	3717233181
24372	1634	1784088807201	1457386313
24373	1511	1784088807202	1979474286
24374	1616	1784088807202	2362462092
24375	1515	1784088807202	1003247650
24376	1744	1784088807204	2231009878
24377	1725	1784088807204	819212221
24378	1734	1784088807205	2125616276
24379	1741	1784088807205	3752861370
2438	1606	1784088792117	789252679
24380	1728	1784088807205	1364554562
24381	1737	1784088807206	4149071733
24382	1770	1784088807206	3473036236
24383	1758	1784088807207	3892650365
24384	1765	1784088807207	2130941897
24385	1474	1784088807208	417256676
24386	1589	1784088807208	3396371369
24387	1497	1784088807208	2602758382
24388	1709	1784088807209	1094435234
24389	1708	1784088807209	826898950
2439	1512	1784088792117	1989328634
24390	1708	1784088807210	2056294264
24391	1708	1784088807210	4262659858
24392	1708	1784088807211	2833684973
24393	1695	1784088807211	1932934682
24394	1673	1784088807211	16594967
24395	1484	1784088807213	927977390
24396	1469	1784088807213	2320906763
24397	1461	1784088807213	1373021531
24398	1493	1784088807214	2989054849
24399	1479	1784088807214	1630625596
244	1508	1784088786397	1219219595
2440	1607	1784088792118	1115703837
24400	1479	1784088807214	2730957712
24401	1466	1784088807215	1647428975
24402	1484	1784088807215	4194290585
24403	1472	1784088807216	3428843123
24404	1485	1784088807216	4081739818
24405	1466	1784088807217	4009427309
24406	1546	1784088807217	2553106377
24407	1523	1784088807217	3904639086
24408	1546	1784088807218	3163415914
24409	1523	1784088807218	2212925555
2441	1512	1784088792118	3264160581
24410	1546	1784088807219	1874310609
24411	1523	1784088807219	823795862
24412	1563	1784088807219	1585140377
24413	1543	1784088807220	3914897868
24414	1563	1784088807220	1834004868
24415	1543	1784088807221	552703467
24416	1563	1784088807221	2020740597
24417	1543	1784088807221	1737921014
24418	1561	1784088807223	258074810
24419	1568	1784088807223	2509076353
2442	1607	1784088792119	1610171327
24420	1573	1784088807223	4233980005
24421	1453	1784088807224	1870063844
24422	1477	1784088807224	1558303613
24423	1488	1784088807224	559018254
24424	1475	1784088807225	962725082
24425	1473	1784088807225	3060422257
24426	1477	1784088807226	1270631268
24427	1549	1784088807226	2888042802
24428	1522	1784088807227	2417239171
24429	1520	1784088807227	96085613
2443	1511	1784088792119	2566214888
24430	1524	1784088807227	387091118
24431	1596	1784088807228	3795373911
24432	1524	1784088807228	4060505644
24433	1724	1784088807229	3588224126
24434	1717	1784088807229	2493194653
24435	1571	1784088807229	4020184978
24436	1578	1784088807230	802574825
24437	1575	1784088807230	3161762647
24438	1557	1784088807231	2529059581
24439	1672	1784088807231	76765154
2444	1609	1784088792120	2072142171
24440	1672	1784088807231	4171471327
24441	1672	1784088807233	3612258091
24442	1602	1784088807233	793470713
24443	1537	1784088807234	1195687080
24444	1476	1784088807234	500342879
24445	1497	1784088807235	3255499465
24446	1495	1784088807235	3624507642
24447	1499	1784088807236	129125009
24448	1499	1784088807236	864167090
24449	1499	1784088807237	445446616
2445	1512	1784088792120	563760632
24450	1705	1784088807237	2503879306
24451	1703	1784088807238	4250238531
24452	1716	1784088807238	3829186359
24453	1716	1784088807239	1372180301
24454	1716	1784088807239	3457742818
24455	1751	1784088807240	3131094959
24456	1636	1784088807240	4083456410
24457	1831	1784088807240	3619504768
24458	1514	1784088807241	382446551
24459	1513	1784088807241	3934268363
2446	1641	1784088792121	3346837351
24460	1512	1784088807243	885092485
24461	1506	1784088807243	1703982954
24462	1514	1784088807243	1357218025
24463	1536	1784088807243	1022724495
24464	1468	1784088807244	3755796573
24465	1470	1784088807244	4175303009
24466	1470	1784088807245	721955992
24467	1471	1784088807245	714684915
24468	1471	1784088807246	996351488
24469	1472	1784088807246	2681364831
2447	1544	1784088792121	1205774840
24470	1472	1784088807246	1448248189
24471	1473	1784088807247	529643553
24472	1474	1784088807247	2628506938
24473	1527	1784088807248	200636061
24474	1614	1784088807248	3376316737
24475	1469	1784088807248	3280501343
24476	1471	1784088807249	1697564907
24477	1472	1784088807249	3990391648
24478	1472	1784088807250	2364624632
24479	1473	1784088807250	883000287
2448	1632	1784088792122	2586249063
24480	1473	1784088807251	3514147128
24481	1475	1784088807251	2653476010
24482	1628	1784088807251	752998694
24483	1544	1784088807253	1147616560
24484	1535	1784088807253	3790199645
24485	1538	1784088807253	1214969081
24486	1546	1784088807254	2597959177
24487	1548	1784088807254	3118080538
24488	1535	1784088807255	841319246
24489	1550	1784088807255	1470332636
2449	1535	1784088792122	2949879926
24490	1538	1784088807256	598848085
24491	1751	1784088807256	3328881146
24492	1746	1784088807256	3294971701
24493	1550	1784088807257	1097035636
24494	1552	1784088807258	1350696355
24495	1538	1784088807258	4187470961
24496	1561	1784088807259	2770249511
24497	1560	1784088807259	1527720684
24498	1546	1784088807260	4210032304
24499	1633	1784088807260	262437361
245	1595	1784088786397	1063248288
2450	1606	1784088792123	4059006641
24500	1547	1784088807261	1766190423
24501	1549	1784088807261	4096544198
24502	1542	1784088807261	3450358510
24503	1665	1784088807261	3170988897
24504	1665	1784088807263	3120296024
24505	1559	1784088807263	3001917906
24506	1664	1784088807263	3131938691
24507	1519	1784088807264	3790376973
24508	1538	1784088807264	79597319
24509	1532	1784088807265	1994968361
2451	1510	1784088792123	1477800542
24510	1453	1784088807265	1477414442
24511	1528	1784088807266	244564130
24512	1519	1784088807266	3232982577
24513	1516	1784088807267	2670757375
24514	1516	1784088807267	4210228698
24515	1514	1784088807268	856860533
24516	1517	1784088807268	3668364232
24517	1514	1784088807269	2074964862
24518	1515	1784088807269	1688745516
24519	1511	1784088807270	4165239
2452	1603	1784088792124	3554904227
24520	1511	1784088807270	3444650976
24521	1509	1784088807271	2278832702
24522	1508	1784088807271	1225624369
24523	1515	1784088807271	358693554
24524	1516	1784088807271	2597791352
24525	1602	1784088807273	1645262877
24526	1599	1784088807273	1699236291
24527	1589	1784088807274	2480724116
24528	1601	1784088807274	1055056666
24529	1600	1784088807274	293409416
2453	1506	1784088792124	1439907354
24530	1591	1784088807275	3452708053
24531	1603	1784088807275	217623822
24532	1600	1784088807276	2301541438
24533	1595	1784088807276	932211363
24534	1601	1784088807276	345982112
24535	1602	1784088807277	3556046200
24536	1611	1784088807277	2364125629
24537	1608	1784088807278	1264763545
24538	1600	1784088807278	2482763867
24539	1606	1784088807279	3970551628
2454	1603	1784088792124	4293607820
24540	1605	1784088807279	892038951
24541	1606	1784088807280	957562427
24542	1610	1784088807280	3039489853
24543	1527	1784088807281	355116232
24544	1534	1784088807281	559375300
24545	1538	1784088807281	2490133195
24546	1532	1784088807281	3682235288
24547	1563	1784088807283	1707946586
24548	1549	1784088807283	1682258088
24549	1546	1784088807283	353193216
2455	1506	1784088792125	2879712904
24550	1535	1784088807283	1825353220
24551	1530	1784088807284	1747665126
24552	1531	1784088807285	201707736
24553	1534	1784088807286	2010062624
24554	1529	1784088807286	637978107
24555	1535	1784088807287	2080462903
24556	1530	1784088807287	591047959
24557	1531	1784088807288	1050682689
24558	1534	1784088807288	267503308
24559	1529	1784088807289	1825847401
2456	1603	1784088792125	4060337351
24560	1532	1784088807289	3647662434
24561	1527	1784088807289	3765683836
24562	1528	1784088807290	1736034437
24563	1531	1784088807290	1172082769
24564	1526	1784088807291	1212747893
24565	1472	1784088807291	2475665982
24566	1472	1784088807291	1936965513
24567	1555	1784088807292	3038665041
24568	1549	1784088807293	1733725326
24569	1559	1784088807293	288126873
2457	1506	1784088792126	1475417665
24570	1550	1784088807294	3935473707
24571	1555	1784088807294	807683840
24572	1549	1784088807295	1641505517
24573	1573	1784088807295	1129485280
24574	1572	1784088807295	3503315330
24575	1558	1784088807298	858896419
24576	1555	1784088807299	1008474263
24577	1549	1784088807299	705638045
24578	1537	1784088807300	3335851425
24579	1570	1784088807301	1603304381
2458	1603	1784088792126	3234184465
24580	1562	1784088807301	1012803458
24581	1531	1784088807301	3557511540
24582	1530	1784088807301	165904288
24583	1724	1784088807303	3538378466
24584	1640	1784088807303	627643093
24585	1705	1784088807304	3315341162
24586	1626	1784088807304	2370044242
24587	1706	1784088807305	1278467902
24588	1627	1784088807305	3890637407
24589	1708	1784088807305	3477382177
2459	1506	1784088792127	4146253839
24590	1629	1784088807305	1467440004
24591	1708	1784088807306	1241928751
24592	1629	1784088807306	458131867
24593	1533	1784088807307	195706276
24594	1532	1784088807307	2125595043
24595	1707	1784088807308	1228148988
24596	1627	1784088807308	1475711614
24597	1708	1784088807308	267755720
24598	1628	1784088807309	3669777293
24599	1712	1784088807309	175473002
246	1506	1784088786398	836702894
2460	1605	1784088792127	2795814401
24600	1629	1784088807310	2790560190
24601	1712	1784088807310	329585253
24602	1630	1784088807311	578767198
24603	1527	1784088807311	614702168
24604	1526	1784088807311	2043213792
24605	1721	1784088807313	4095935809
24606	1636	1784088807313	3724001004
24607	1701	1784088807313	117088623
24608	1622	1784088807314	2079350512
24609	1702	1784088807314	1786211096
2461	1589	1784088792127	1130364527
24610	1623	1784088807315	717058915
24611	1704	1784088807315	1780217904
24612	1625	1784088807315	3657319851
24613	1705	1784088807315	2026956498
24614	1623	1784088807316	2162268552
24615	1530	1784088807317	3880437497
24616	1529	1784088807317	3348877356
24617	1701	1784088807318	2681652983
24618	1626	1784088807318	1527707974
24619	1701	1784088807319	3614035760
2462	1733	1784088792128	2095463059
24620	1626	1784088807319	2063274467
24621	1539	1784088807320	2781514807
24622	1533	1784088807320	3861853275
24623	1708	1784088807321	3050508264
24624	1626	1784088807321	1129322935
24625	1536	1784088807321	3467275137
24626	1535	1784088807321	300704988
24627	1713	1784088807323	1909608312
24628	1630	1784088807323	88881719
24629	1710	1784088807324	943505328
2463	1593	1784088792128	3244072335
24630	1632	1784088807324	4032772020
24631	1709	1784088807324	406147240
24632	1632	1784088807325	3745375449
24633	1544	1784088807325	2517304191
24634	1539	1784088807325	1799025226
24635	1713	1784088807326	3059127660
24636	1632	1784088807326	1906147323
24637	1532	1784088807327	1034683311
24638	1531	1784088807327	2812221671
24639	1709	1784088807328	4199678280
2464	1740	1784088792129	1920172031
24640	1626	1784088807328	121192494
24641	1703	1784088807328	3971240401
24642	1628	1784088807329	1806838741
24643	1705	1784088807329	2511356441
24644	1628	1784088807330	2379676696
24645	1717	1784088807330	15964102
24646	1630	1784088807331	1521574907
24647	1709	1784088807331	1947184731
24648	1630	1784088807331	2109066910
24649	1710	1784088807333	920008342
2465	1594	1784088792129	3774986527
24650	1628	1784088807333	162733612
24651	1566	1784088807334	3023860407
24652	1565	1784088807334	2333209012
24653	1509	1784088807335	2753554851
24654	1505	1784088807335	258199003
24655	1515	1784088807335	2744702397
24656	1511	1784088807335	450169886
24657	1509	1784088807336	796862204
24658	1505	1784088807336	2633585408
24659	1509	1784088807337	1913463412
2466	1742	1784088792130	1456422675
24660	1505	1784088807337	1333850208
24661	1509	1784088807338	3492186611
24662	1505	1784088807338	1822093126
24663	1509	1784088807338	2016308604
24664	1505	1784088807339	3371115275
24665	1509	1784088807339	2125746138
24666	1505	1784088807340	21143005
24667	1509	1784088807340	4082016803
24668	1505	1784088807340	1534442960
24669	1509	1784088807341	2154589995
2467	1596	1784088792130	777250845
24670	1505	1784088807341	2508496495
24671	1509	1784088807341	756615289
24672	1505	1784088807341	2563655881
24673	1509	1784088807343	2232544502
24674	1505	1784088807343	1018922116
24675	1509	1784088807344	2206977616
24676	1505	1784088807344	4111874642
24677	1508	1784088807345	1075173813
24678	1504	1784088807345	1150833116
24679	1508	1784088807345	1168578088
2468	1742	1784088792130	2678708301
24680	1504	1784088807346	2694518540
24681	1508	1784088807346	951768333
24682	1504	1784088807347	2085538716
24683	1508	1784088807347	631216051
24684	1504	1784088807348	4132215819
24685	1508	1784088807348	654465287
24686	1504	1784088807348	634147947
24687	1508	1784088807349	534057679
24688	1504	1784088807349	960050532
24689	1508	1784088807350	3520438738
2469	1596	1784088792131	1712620808
24690	1504	1784088807350	1674138308
24691	1508	1784088807351	3979395657
24692	1504	1784088807351	1957622484
24693	1508	1784088807352	4027941111
24694	1504	1784088807352	4272727363
24695	1508	1784088807352	4069019203
24696	1504	1784088807353	757886243
24697	1508	1784088807353	3395224971
24698	1504	1784088807353	836308012
24699	1508	1784088807355	644840002
247	1626	1784088786398	2056815405
2470	1739	1784088792131	3644052198
24700	1504	1784088807355	1981236355
24701	1508	1784088807355	1396408310
24702	1504	1784088807356	1128278087
24703	1508	1784088807356	1310604616
24704	1504	1784088807357	3376578512
24705	1508	1784088807357	1283716092
24706	1504	1784088807358	448968624
24707	1533	1784088807358	1379015748
24708	1523	1784088807358	1826234660
24709	1649	1784088807359	497386309
2471	1596	1784088792132	3323593114
24710	1531	1784088807359	2105342358
24711	1705	1784088807360	420628083
24712	1712	1784088807361	3273600884
24713	1765	1784088807361	2123307219
24714	1772	1784088807361	303623802
24715	1765	1784088807362	2315874156
24716	1772	1784088807362	127631590
24717	1769	1784088807363	205389357
24718	1776	1784088807363	3427790842
24719	1766	1784088807363	3567087987
2472	1733	1784088792132	1162026129
24720	1773	1784088807363	4080456723
24721	1767	1784088807365	3441121011
24722	1774	1784088807366	1001487032
24723	1765	1784088807366	2982694480
24724	1772	1784088807367	3051375137
24725	1771	1784088807367	2025713634
24726	1778	1784088807368	1638064038
24727	1771	1784088807368	4150235943
24728	1778	1784088807368	1241582174
24729	1769	1784088807369	4037299276
2473	1589	1784088792133	2787161492
24730	1776	1784088807369	1195777650
24731	1769	1784088807370	42269626
24732	1776	1784088807370	2794848394
24733	1769	1784088807371	231957543
24734	1776	1784088807371	4263584178
24735	1767	1784088807371	2882833667
24736	1774	1784088807371	1929160840
24737	1767	1784088807372	1108648769
24738	1774	1784088807372	918930976
24739	1764	1784088807373	3504869833
2474	1735	1784088792133	1894377214
24740	1771	1784088807373	139893929
24741	1771	1784088807373	101945790
24742	1778	1784088807373	3577330653
24743	1766	1784088807375	3293055062
24744	1773	1784088807375	1776879746
24745	1763	1784088807375	1362232812
24746	1770	1784088807376	770428634
24747	1768	1784088807376	2308618611
24748	1775	1784088807377	2628198793
24749	1767	1784088807377	3439936348
2475	1595	1784088792134	266725458
24750	1774	1784088807378	749819065
24751	1766	1784088807378	653024289
24752	1773	1784088807379	679022357
24753	1769	1784088807379	4146924903
24754	1776	1784088807380	4025979736
24755	1766	1784088807380	1696468196
24756	1773	1784088807381	2063007205
24757	1770	1784088807381	1729038114
24758	1777	1784088807381	4078378310
24759	1769	1784088807382	2844460481
2476	1729	1784088792134	2455447640
24760	1776	1784088807383	3726629493
24761	1765	1784088807383	3470220763
24762	1772	1784088807383	3264529290
24763	1549	1784088807385	98908305
24764	1509	1784088807385	4098233428
24765	1476	1784088807385	4223193562
24766	1510	1784088807386	4087493387
24767	1658	1784088807386	118894104
24768	1651	1784088807387	2209840962
24769	1663	1784088807387	1586541811
2477	1595	1784088792135	2588891113
24770	1653	1784088807387	3087529676
24771	1510	1784088807388	1896138999
24772	1658	1784088807388	902777487
24773	1651	1784088807389	3088294875
24774	1663	1784088807389	235247705
24775	1653	1784088807390	3539830360
24776	1517	1784088807390	1855267201
24777	1666	1784088807390	2653196295
24778	1659	1784088807391	2029240809
24779	1671	1784088807391	2499168476
2478	1458	1784088792137	261074566
24780	1661	1784088807392	2743571303
24781	1509	1784088807392	1871650070
24782	1657	1784088807394	286594377
24783	1650	1784088807394	386612154
24784	1662	1784088807394	1507634202
24785	1652	1784088807394	3248698604
24786	1460	1784088807395	2967041446
24787	1460	1784088807396	1514365618
24788	1542	1784088807396	2903927966
24789	1541	1784088807397	3746501642
2479	1458	1784088792137	1307470479
24790	1542	1784088807397	3399707798
24791	1535	1784088807398	4023902474
24792	1530	1784088807398	326958490
24793	1531	1784088807399	3828303844
24794	1534	1784088807399	2224864974
24795	1529	1784088807400	3079084343
24796	1535	1784088807400	167992246
24797	1530	1784088807401	2977538640
24798	1531	1784088807401	1975799325
24799	1534	1784088807403	3342536667
248	1517	1784088786399	4090212731
2480	1545	1784088792137	197156308
24800	1529	1784088807403	2319795716
24801	1532	1784088807404	3003256061
24802	1527	1784088807404	2485626238
24803	1528	1784088807404	2570939851
24804	1531	1784088807405	2488270267
24805	1526	1784088807405	1231821178
24806	1686	1784088807406	706869717
24807	1706	1784088807406	222339663
24808	1626	1784088807406	107813750
24809	1707	1784088807406	2593360138
2481	1627	1784088792138	1691156949
24810	1627	1784088807407	1450313051
24811	1709	1784088807407	4261844035
24812	1629	1784088807408	237537651
24813	1713	1784088807408	3832460141
24814	1633	1784088807409	3401575638
24815	1708	1784088807409	179286313
24816	1628	1784088807410	686354802
24817	1537	1784088807410	1252138860
24818	1533	1784088807410	2811314140
24819	1552	1784088807411	2194976013
2482	1508	1784088792139	3900162307
24820	1509	1784088807411	3999222319
24821	1504	1784088807411	1073637606
24822	1542	1784088807413	1108789508
24823	1535	1784088807413	70979440
24824	1545	1784088807414	347103330
24825	1536	1784088807414	371644726
24826	1533	1784088807415	3858663245
24827	1724	1784088807415	3737589220
24828	1706	1784088807415	3087348986
24829	1626	1784088807416	4161387091
2483	1609	1784088792139	753115474
24830	1707	1784088807416	352560328
24831	1627	1784088807417	2343238502
24832	1709	1784088807778	2607031129
24833	1629	1784088807778	3740004757
24834	1510	1784088807779	3607344540
24835	1505	1784088807779	2734762989
24836	1516	1784088807779	2753550135
24837	1511	1784088807780	3028161469
24838	1509	1784088807780	2503229878
24839	1504	1784088807781	2216390208
2484	1515	1784088792139	956993044
24840	1516	1784088807781	2496379579
24841	1452	1784088807782	2856217748
24842	1509	1784088807782	935110116
24843	1504	1784088807782	3435606925
24844	1477	1784088807783	661976293
24845	1478	1784088807783	852074888
24846	1556	1784088807783	796087417
24847	1537	1784088807784	1720993235
24848	1526	1784088807784	3760522188
24849	1723	1784088807785	183236328
2485	1652	1784088792140	743152606
24850	1756	1784088807785	1042966724
24851	1757	1784088807786	1009330509
24852	1757	1784088807786	3214237910
24853	1616	1784088807786	2317755992
24854	1544	1784088807786	2916865280
24855	1530	1784088807786	125860475
24856	1640	1784088807788	2170665931
24857	1564	1784088807788	3228945252
24858	1558	1784088807788	2618294718
24859	1549	1784088807789	1708543671
2486	1551	1784088792141	3707040260
24860	1452	1784088807789	1155569003
24861	1540	1784088807790	347240681
24862	1544	1784088807790	200194344
24863	1541	1784088807791	3445765842
24864	1538	1784088807791	2980188991
24865	1531	1784088807792	476435104
24866	1535	1784088807792	1172106059
24867	1541	1784088807792	486330613
24868	1538	1784088807793	3511327703
24869	1524	1784088807793	1925633874
2487	1870	1784088792143	879552263
24870	1547	1784088807794	3983074316
24871	1547	1784088807794	3354742491
24872	1539	1784088807795	606553334
24873	1538	1784088807795	2869604514
24874	1539	1784088807795	4267003663
24875	1539	1784088807796	1530737739
24876	1543	1784088807796	4060255477
24877	1558	1784088807797	1289405173
24878	1549	1784088807798	1669416375
24879	1538	1784088807798	2308378111
2488	1721	1784088792143	2890202080
24880	1539	1784088807799	2300291693
24881	1539	1784088807799	1007525512
24882	1524	1784088807800	1552770043
24883	1524	1784088807801	3414526096
24884	1524	1784088807801	2334877915
24885	1517	1784088807802	1460184476
24886	1519	1784088807802	3683477482
24887	1521	1784088807803	1589638493
24888	1533	1784088807803	1375336927
24889	1535	1784088807803	3595718001
2489	1864	1784088792143	2438416784
24890	1520	1784088807804	3556637294
24891	1522	1784088807804	711815490
24892	1520	1784088807805	4174488504
24893	1522	1784088807805	2424247878
24894	1520	1784088807806	216749063
24895	1522	1784088807806	677223189
24896	1503	1784088807806	1575706036
24897	1505	1784088807807	1933108755
24898	1525	1784088807807	2093666532
24899	1527	1784088807808	2430599018
249	1638	1784088786400	3466261964
2490	1721	1784088792143	3807893170
24900	1520	1784088807808	1295377576
24901	1522	1784088807808	3252693252
24902	1519	1784088807809	4115665285
24903	1521	1784088807809	2930393608
24904	1520	1784088807810	291869486
24905	1522	1784088807810	3386534500
24906	1460	1784088807810	2493671842
24907	1460	1784088807811	3385874486
24908	1460	1784088807811	117263608
24909	1513	1784088807811	1905405463
2491	1861	1784088792143	510523991
24910	1612	1784088807812	1673947847
24911	1619	1784088807812	2636770938
24912	1510	1784088807813	2847860105
24913	1505	1784088807813	1537630290
24914	1510	1784088807814	1314960688
24915	1505	1784088807814	3978995876
24916	1510	1784088807814	2784655512
24917	1505	1784088807815	914232009
24918	1510	1784088807815	1521291779
24919	1505	1784088807816	1531068169
2492	1723	1784088792144	3526689950
24920	1510	1784088807816	453591709
24921	1505	1784088807816	1199453423
24922	1510	1784088807817	4036202293
24923	1505	1784088807817	2620034690
24924	1491	1784088807818	1397066960
24925	1480	1784088807818	1243941900
24926	1592	1784088807818	3077096023
24927	1532	1784088807819	148042301
24928	1594	1784088807819	369056992
24929	1534	1784088807820	910476245
2493	1848	1784088792144	1591417801
24930	1582	1784088807820	1752359131
24931	1496	1784088807821	3980748970
24932	1509	1784088807822	2751561262
24933	1504	1784088807822	2389226734
24934	1509	1784088807823	2959235123
24935	1504	1784088807823	378791874
24936	1509	1784088807823	177453063
24937	1504	1784088807824	3622447897
24938	1509	1784088807824	2560889865
24939	1504	1784088807825	4229187547
2494	1725	1784088792145	4231394657
24940	1509	1784088807825	2161971311
24941	1504	1784088807825	1974589133
24942	1509	1784088807826	976023643
24943	1504	1784088807826	3033012758
24944	1509	1784088807827	776984134
24945	1504	1784088807827	741558586
24946	1488	1784088807827	650002766
24947	1452	1784088807827	2422003193
24948	1536	1784088807828	3810615910
24949	1519	1784088807828	3554491253
2495	1843	1784088792145	2857323646
24950	1538	1784088807829	1423123209
24951	1606	1784088807829	587081656
24952	1609	1784088807829	1154095593
24953	1611	1784088807830	3659327865
24954	1613	1784088807830	1725430812
24955	1515	1784088807831	3793746813
24956	1510	1784088807831	3531173521
24957	1515	1784088807831	2917419311
24958	1510	1784088807831	438634951
24959	1515	1784088807833	3540244789
2496	1724	1784088792146	146738725
24960	1510	1784088807833	2495934943
24961	1515	1784088807834	1129497884
24962	1510	1784088807834	2266011964
24963	1515	1784088807835	693861944
24964	1510	1784088807835	1916259646
24965	1474	1784088807835	3367186672
24966	1472	1784088807836	4190211216
24967	1474	1784088807836	2697982638
24968	1472	1784088807837	2432609128
24969	1474	1784088807837	116194064
2497	1842	1784088792146	1356659021
24970	1472	1784088807838	602880766
24971	1515	1784088807838	3122720976
24972	1511	1784088807839	334971305
24973	1524	1784088807839	1341407915
24974	1748	1784088807840	3619602894
24975	1732	1784088807840	1591821366
24976	1599	1784088807840	2907604891
24977	1807	1784088807841	1903586188
24978	1791	1784088807841	4166523932
24979	1600	1784088807841	2244720558
2498	1726	1784088792147	185913082
24980	1752	1784088807841	3091238757
24981	1736	1784088807843	2843663840
24982	1605	1784088807843	1040587007
24983	1795	1784088807844	3619560166
24984	1779	1784088807844	3021769543
24985	1604	1784088807845	788410929
24986	1717	1784088807845	446384084
24987	1701	1784088807846	1779863427
24988	1606	1784088807846	2391588075
24989	1753	1784088807846	4094960152
2499	1879	1784088792147	4218153761
24990	1737	1784088807847	487855322
24991	1605	1784088807847	3792349699
24992	1744	1784088807847	2391661894
24993	1718	1784088807848	2813922926
24994	1725	1784088807848	414977935
24995	1742	1784088807849	3843951449
24996	1723	1784088807849	2487461336
24997	1730	1784088807850	4169090398
24998	1743	1784088807850	1812537734
24999	1721	1784088807850	3823821792
25	1545	1784088786189	427827408
250	1516	1784088786401	1735677038
2500	1753	1784088792147	1735123932
25000	1729	1784088807851	2885995420
25001	1744	1784088807851	3943134776
25002	1722	1784088807851	1635206624
25003	1730	1784088807853	2240321035
25004	1675	1784088807853	2218326945
25005	1653	1784088807854	1166411823
25006	1662	1784088807854	672381603
25007	1712	1784088807855	585498349
25008	1690	1784088807855	221759847
25009	1698	1784088807855	2361421478
2501	1875	1784088792148	3776422065
25010	1678	1784088807856	339883497
25011	1656	1784088807856	621506473
25012	1665	1784088807857	2784704109
25013	1731	1784088807857	3671632307
25014	1713	1784088807857	736305170
25015	1721	1784088807857	2556222889
25016	1687	1784088807858	3457996819
25017	1670	1784088807858	3279708847
25018	1678	1784088807859	2994447602
25019	1687	1784088807859	3486256269
2502	1753	1784088792148	732392469
25020	1663	1784088807859	2282498427
25021	1671	1784088807860	1133942700
25022	1715	1784088807860	2938871131
25023	1687	1784088807861	2300665346
25024	1694	1784088807861	352724018
25025	1716	1784088807861	1649968900
25026	1699	1784088807863	816401694
25027	1707	1784088807864	2566091273
25028	1629	1784088807864	3024208105
25029	1611	1784088807865	2539173873
2503	1874	1784088792149	1079415980
25030	1619	1784088807865	3899286528
25031	1602	1784088807866	2736009127
25032	1584	1784088807866	2831246928
25033	1592	1784088807866	2187213476
25034	1589	1784088807867	966357691
25035	1571	1784088807867	4091643637
25036	1579	1784088807867	3849708409
25037	1661	1784088807868	1091071955
25038	1643	1784088807869	3848171989
25039	1652	1784088807869	486961561
2504	1755	1784088792149	1359225809
25040	1601	1784088807869	1745847626
25041	1600	1784088807870	4029935775
25042	1616	1784088807870	1129969332
25043	1605	1784088807871	50234684
25044	1603	1784088807871	112036993
25045	1521	1784088807871	3087512485
25046	1524	1784088807873	1911347624
25047	1524	1784088807873	487114137
25048	1524	1784088807873	1277458926
25049	1524	1784088807874	549479903
2505	1612	1784088792150	1340234619
25050	1524	1784088807874	197516877
25051	1524	1784088807875	1730265724
25052	1524	1784088807875	2023005422
25053	1524	1784088807876	342917343
25054	1525	1784088807876	2929782967
25055	1496	1784088807877	794054280
25056	1559	1784088807877	3053565942
25057	1452	1784088807877	825524278
25058	1750	1784088807877	3230109974
25059	1727	1784088807878	2241746052
2506	1511	1784088792150	1101401821
25060	1809	1784088807878	2999212095
25061	1784	1784088807879	744035329
25062	1754	1784088807879	2123802290
25063	1725	1784088807880	3646486360
25064	1797	1784088807880	1572195038
25065	1767	1784088807880	1665215807
25066	1719	1784088807881	2215643125
25067	1688	1784088807881	1258119863
25068	1755	1784088807881	3724160807
25069	1725	1784088807883	4052913495
2507	1609	1784088792151	1254584129
25070	1645	1784088807883	199076197
25071	1548	1784088807883	2797760533
25072	1532	1784088807884	280873223
25073	1529	1784088807884	3991352591
25074	1724	1784088807885	1358598031
25075	1638	1784088807885	4162305983
25076	1705	1784088807886	2043533311
25077	1625	1784088807886	1925486578
25078	1708	1784088807886	877643740
25079	1628	1784088807887	380498379
2508	1510	1784088792554	2625219966
25080	1706	1784088807887	223648237
25081	1626	1784088807887	54453829
25082	1708	1784088807887	443946318
25083	1628	1784088807888	782262744
25084	1530	1784088807888	3162010440
25085	1527	1784088807889	2048641270
25086	1723	1784088807889	4061032798
25087	1637	1784088807889	540901951
25088	1703	1784088807890	3388797050
25089	1623	1784088807890	750224080
2509	1611	1784088792554	281975847
25090	1535	1784088807891	3445075098
25091	1531	1784088807891	2163885295
25092	1704	1784088807891	2340301870
25093	1624	1784088807893	1724539908
25094	1706	1784088807893	290299489
25095	1626	1784088807894	2956971240
25096	1532	1784088807894	3997757144
25097	1529	1784088807894	4259051326
25098	1724	1784088807895	4086722226
25099	1638	1784088807895	4166393216
251	1640	1784088786401	2003896506
2510	1513	1784088792555	799596925
25100	1708	1784088807896	199996365
25101	1628	1784088807896	777597261
25102	1705	1784088807896	1764739831
25103	1625	1784088807897	1803641876
25104	1708	1784088807897	2682686600
25105	1628	1784088807897	1765459612
25106	1706	1784088807898	137794115
25107	1626	1784088807898	2284107963
25108	1708	1784088807898	1328014745
25109	1628	1784088807899	3035078584
2511	1465	1784088792555	1215417978
25110	1544	1784088807899	711161724
25111	1546	1784088807900	2129607660
25112	1575	1784088807900	2183272956
25113	1577	1784088807901	3978187338
25114	1758	1784088807901	987151255
25115	1754	1784088807901	262385892
25116	1544	1784088807902	3161317999
25117	1536	1784088807902	1361431212
25118	1547	1784088807903	1794279275
25119	1633	1784088807904	3250230075
2512	1545	1784088792556	1021668189
25120	1699	1784088807905	2843776849
25121	1728	1784088807905	1671342944
25122	1486	1784088807906	2223191360
25123	1534	1784088807906	3451347392
25124	1532	1784088807907	1674941711
25125	1552	1784088807907	3634439988
25126	1472	1784088807908	2359970929
25127	1544	1784088807908	2690127000
25128	1559	1784088807909	1787945233
25129	1552	1784088807909	2942542067
2513	1467	1784088792557	3119113905
25130	1556	1784088807910	2494033866
25131	1634	1784088807910	4005978490
25132	1639	1784088807910	1221901300
25133	1640	1784088807911	3148119192
25134	1529	1784088807911	2037932205
25135	1526	1784088807912	552053669
25136	1722	1784088807912	2816093269
25137	1636	1784088807913	2027080544
25138	1702	1784088807913	3586011493
25139	1622	1784088807914	3917201554
2514	1569	1784088792557	2993282117
25140	1703	1784088807914	1155593008
25141	1623	1784088807915	1241759803
25142	1703	1784088807915	3018967849
25143	1623	1784088807916	629471083
25144	1705	1784088807917	4166285953
25145	1625	1784088807917	1284636965
25146	1530	1784088807918	440917878
25147	1527	1784088807918	1264732708
25148	1723	1784088807919	3275383242
25149	1637	1784088807919	1449735615
2515	1460	1784088792557	2233922909
25150	1703	1784088807920	2107640123
25151	1623	1784088807920	1626269112
25152	1704	1784088807920	4149616581
25153	1624	1784088807921	3907279975
25154	1704	1784088807921	3190421847
25155	1624	1784088807922	3071604614
25156	1706	1784088807922	3964967348
25157	1626	1784088807923	3082465172
25158	1531	1784088807924	130311997
25159	1528	1784088807924	637724067
2516	1470	1784088792558	3688728740
25160	1724	1784088807925	34503735
25161	1638	1784088807925	3295984876
25162	1704	1784088807925	3151626679
25163	1624	1784088807926	792022548
25164	1705	1784088807926	3780479916
25165	1625	1784088807927	2220528192
25166	1705	1784088807927	1280768271
25167	1625	1784088807928	2586650347
25168	1707	1784088807928	3771842990
25169	1627	1784088807929	3045864598
2517	1462	1784088792558	3843856625
25170	1729	1784088807929	3947175216
25171	1643	1784088807930	327877259
25172	1534	1784088807930	257350897
25173	1530	1784088807931	3368434675
25174	1732	1784088807931	535510707
25175	1646	1784088807932	585002205
25176	1503	1784088807932	2858187873
25177	1505	1784088807932	3485717377
25178	1503	1784088807933	710765324
25179	1505	1784088807933	2734685761
2518	1577	1784088792559	3236490779
25180	1593	1784088807934	3252438265
25181	1567	1784088807934	2037769162
25182	1582	1784088807934	987121584
25183	1571	1784088807935	3133861376
25184	1568	1784088807935	2256921794
25185	1575	1784088807936	3343449257
25186	1562	1784088807936	1993018057
25187	1566	1784088807936	1697196581
25188	1578	1784088807937	2416300309
25189	1569	1784088807937	574668520
2519	1462	1784088792559	3430039371
25190	1582	1784088807937	2553194903
25191	1571	1784088807938	406951166
25192	1576	1784088807938	2932491808
25193	1580	1784088807939	3892068245
25194	1575	1784088807939	1707518127
25195	1581	1784088807939	3070528182
25196	1565	1784088807940	770943462
25197	1576	1784088807940	3828126156
25198	1582	1784088807941	2812690231
25199	1572	1784088807941	3747275491
252	1521	1784088786403	3152367058
2520	1529	1784088792560	653791020
25200	1538	1784088807941	4139490958
25201	1541	1784088807942	3184098336
25202	1568	1784088807942	1140656674
25203	1516	1784088807942	2431485291
25204	1533	1784088807943	2275418518
25205	1540	1784088807943	3368983823
25206	1652	1784088807944	1029012323
25207	1532	1784088807944	4086810560
25208	1529	1784088807944	4090338427
25209	1539	1784088807945	1560928857
2521	1504	1784088792561	3733118779
25210	1681	1784088807945	1002765811
25211	1549	1784088807946	1240840727
25212	1536	1784088807947	3922363168
25213	1538	1784088807947	1459625834
25214	1516	1784088807948	3718748577
25215	1534	1784088807948	3023711866
25216	1531	1784088807949	3078802874
25217	1534	1784088807949	1046918440
25218	1531	1784088807949	1263299819
25219	1534	1784088807950	3480231959
2522	1635	1784088792562	1487800048
25220	1531	1784088807950	4165233649
25221	1534	1784088807951	27954712
25222	1531	1784088807951	658064755
25223	1534	1784088807951	1832479525
25224	1531	1784088807952	357010702
25225	1534	1784088807952	4252978452
25226	1531	1784088807953	3923519762
25227	1534	1784088807953	3021906271
25228	1531	1784088807954	1908022772
25229	1534	1784088807954	1333375596
2523	1504	1784088792562	3820551778
25230	1531	1784088807955	1061494822
25231	1534	1784088807955	3935096710
25232	1531	1784088807956	1670478333
25233	1535	1784088807956	3744027044
25234	1532	1784088807956	2543117876
25235	1535	1784088807957	1938930597
25236	1532	1784088807957	2811821701
25237	1535	1784088807958	442283055
25238	1532	1784088807958	3037301776
25239	1535	1784088807959	1888245467
2524	1631	1784088792563	3005538840
25240	1532	1784088807959	3064340484
25241	1534	1784088807960	2534056665
25242	1531	1784088807960	4169583120
25243	1534	1784088807961	950284541
25244	1531	1784088807961	2924517338
25245	1534	1784088807961	1809801685
25246	1531	1784088807962	912500337
25247	1534	1784088807963	3163034356
25248	1531	1784088807963	66858062
25249	1534	1784088807963	1674464843
2525	1504	1784088792563	2767625609
25250	1531	1784088807964	2838101976
25251	1534	1784088807964	84296888
25252	1531	1784088807965	2438280116
25253	1534	1784088807966	1771413893
25254	1531	1784088807966	2737568713
25255	1534	1784088807966	516931361
25256	1531	1784088807967	3744605222
25257	1534	1784088807967	1471042410
25258	1531	1784088807968	1196691648
25259	1535	1784088807968	105189899
2526	1633	1784088792564	2814332442
25260	1532	1784088807969	3583058441
25261	1535	1784088807969	2727563847
25262	1532	1784088807969	254450504
25263	1533	1784088807970	2499935578
25264	1530	1784088807970	1054705029
25265	1533	1784088807970	3382084274
25266	1530	1784088807971	2595253812
25267	1474	1784088807971	2535256143
25268	1472	1784088807972	3431829966
25269	1470	1784088807972	1743952803
2527	1504	1784088792564	2580331728
25270	1468	1784088807973	2502070310
25271	1533	1784088807973	244831599
25272	1530	1784088807973	3640343918
25273	1725	1784088807974	1822927214
25274	1639	1784088807974	56635485
25275	1706	1784088807974	2618857071
25276	1626	1784088807975	2069541761
25277	1707	1784088807975	664060991
25278	1627	1784088807976	3821875863
25279	1707	1784088807976	1066760368
2528	1501	1784088792565	2284969461
25280	1627	1784088807976	599672928
25281	1709	1784088807977	3187998064
25282	1629	1784088807979	3450685924
25283	1724	1784088807980	2488540082
25284	1650	1784088807980	2379269374
25285	1724	1784088807981	1895585460
25286	1650	1784088807982	3721469603
25287	1674	1784088807983	1375263731
25288	1600	1784088807984	2586297696
25289	1509	1784088807984	2993964068
2529	1508	1784088792565	2420525559
25290	1504	1784088807984	2801016104
25291	1510	1784088807986	4246500610
25292	1505	1784088807986	2344549456
25293	1510	1784088807987	75480081
25294	1505	1784088807987	801845277
25295	1510	1784088807987	4124287012
25296	1505	1784088807988	3054021709
25297	1510	1784088807988	692215873
25298	1505	1784088807989	3963587648
25299	1751	1784088807989	4131141746
253	1639	1784088786404	4195129046
2530	1461	1784088792565	729135483
25300	1751	1784088807990	1655350710
25301	1744	1784088807990	1949085749
25302	1744	1784088807991	1512447610
25303	1749	1784088807991	4037761095
25304	1749	1784088807991	2143309999
25305	1747	1784088807992	27426778
25306	1747	1784088807992	2855652720
25307	1747	1784088807993	3031435748
25308	1747	1784088807993	2286222297
25309	1745	1784088807994	403139587
2531	1454	1784088792566	1869239742
25310	1745	1784088807994	2518991919
25311	1467	1784088807994	3011530971
25312	1534	1784088807995	674636043
25313	1526	1784088807995	3511981285
25314	1534	1784088807996	2963087959
25315	1526	1784088807996	2909280591
25316	1734	1784088807997	2606752252
25317	1713	1784088807997	3751995946
25318	1727	1784088807997	493138932
25319	1708	1784088807998	430073555
2532	1746	1784088792566	2461118742
25320	1753	1784088807998	1816343099
25321	1753	1784088807999	4204486298
25322	1538	1784088807999	45721516
25323	1519	1784088807999	616093075
25324	2170	1784088808000	3774585010
25325	2190	1784088808000	2203418974
25326	2193	1784088808001	2107710555
25327	2190	1784088808002	486524679
25328	2170	1784088808002	469587864
25329	2181	1784088808003	3699708418
2533	1743	1784088792567	866768933
25330	2197	1784088808003	2910084672
25331	2187	1784088808004	4036152955
25332	2184	1784088808004	3559415597
25333	2110	1784088808005	1894497069
25334	2193	1784088808005	1358715384
25335	2188	1784088808005	2702101634
25336	2183	1784088808006	4128707669
25337	2193	1784088808006	2090346731
25338	2001	1784088808007	1444234389
25339	2181	1784088808007	3860994427
2534	1775	1784088792567	1750021494
25340	2197	1784088808008	2664409068
25341	2193	1784088808008	1148815135
25342	2193	1784088808008	4278836712
25343	2192	1784088808009	448933207
25344	2189	1784088808010	1294829585
25345	2185	1784088808010	3313412171
25346	2187	1784088808011	313219612
25347	2194	1784088808011	1885752840
25348	2194	1784088808012	3171185466
25349	2103	1784088808013	3257460482
2535	1772	1784088792568	228455941
25350	1586	1784088808013	982474242
25351	1590	1784088808014	1929917873
25352	1757	1784088808014	1565462097
25353	1551	1784088808014	485044732
25354	1551	1784088808015	1010173843
25355	1551	1784088808015	2021062097
25356	1551	1784088808016	2463829239
25357	1453	1784088808016	839646811
2536	1779	1784088792568	1816138562
2537	1776	1784088792569	3179980635
2538	1779	1784088792569	1115355691
2539	1776	1784088792569	2826502514
254	1520	1784088786404	3429314840
2540	1776	1784088792570	750514146
2541	1773	1784088792570	454552618
2542	1463	1784088792571	2044635624
2543	1459	1784088792571	2796373315
2544	1464	1784088792572	4275641843
2545	1458	1784088792572	2203604448
2546	1457	1784088792573	2990389803
2547	1457	1784088792573	3458591144
2548	1457	1784088792574	1296786285
2549	1457	1784088792574	827535598
255	1627	1784088786405	4156454787
2550	1625	1784088792575	2632787199
2551	1528	1784088792576	1165157993
2552	1724	1784088792576	483013646
2553	1627	1784088792577	3360036840
2554	1709	1784088792578	2199794988
2555	1611	1784088792579	3713863056
2556	1709	1784088792579	2480436990
2557	1611	1784088792579	849522715
2558	1709	1784088792580	3903190595
2559	1611	1784088792580	672195166
256	1508	1784088786406	809091745
2560	1709	1784088792581	3567644520
2561	1611	1784088792581	3565702616
2562	1709	1784088792582	610419160
2563	1611	1784088792583	1384099679
2564	1709	1784088792583	4228326223
2565	1611	1784088792583	685332664
2566	1724	1784088792584	1686847851
2567	1627	1784088792584	1794837682
2568	1625	1784088792585	912132662
2569	1530	1784088792585	606772694
257	1622	1784088786407	2988590075
2570	1520	1784088792586	3272281126
2571	1507	1784088792586	3142335201
2572	1625	1784088792587	2417947488
2573	1528	1784088792587	1049713326
2574	1513	1784088792587	1330717714
2575	1520	1784088792588	2741514752
2576	1644	1784088792588	1939121292
2577	1729	1784088792589	4169977549
2578	1712	1784088792590	3712498231
2579	1760	1784088792590	4270757573
258	1503	1784088786407	436826318
2580	1655	1784088792591	817319748
2581	1731	1784088792591	1251592562
2582	1700	1784088792591	1142944999
2583	1864	1784088792592	1009895784
2584	1729	1784088792592	249670064
2585	1852	1784088792593	3887152670
2586	1727	1784088792594	4261270160
2587	1815	1784088792594	3945296336
2588	1698	1784088792594	191641460
2589	1872	1784088792595	676761588
259	1620	1784088786407	2258916613
2590	1728	1784088792596	1745289549
2591	1866	1784088792596	3315269898
2592	1729	1784088792597	1210271328
2593	1854	1784088792597	921997238
2594	1727	1784088792598	1761773547
2595	1817	1784088792598	1062870562
2596	1698	1784088792599	1466767654
2597	1870	1784088792599	975091784
2598	1728	1784088792599	334243443
2599	1878	1784088792600	3144591027
26	1520	1784088786190	1163945617
260	1501	1784088786408	2459600547
2600	1732	1784088792600	3613993462
2601	1866	1784088792601	725504359
2602	1730	1784088792601	1988346800
2603	1876	1784088792602	3847373721
2604	1730	1784088792602	2346894752
2605	1852	1784088792603	405308188
2606	1728	1784088792603	121999395
2607	1877	1784088792604	3586881617
2608	1732	1784088792604	462080548
2609	1865	1784088792604	3423195714
261	1623	1784088786408	2680643087
2610	1730	1784088792605	769887127
2611	1875	1784088792605	2948655757
2612	1730	1784088792606	1351122716
2613	1851	1784088792606	988121921
2614	1728	1784088792607	3437022164
2615	1891	1784088792607	2646813873
2616	1743	1784088792607	2149152765
2617	1866	1784088792608	1012105568
2618	1728	1784088792608	2951235845
2619	1852	1784088792609	4175622188
262	1504	1784088786409	3698467946
2620	1726	1784088792609	3344712414
2621	1876	1784088792610	2528049682
2622	1728	1784088792610	518576195
2623	1892	1784088792611	2025138947
2624	1743	1784088792611	1073321151
2625	1867	1784088792612	3577713939
2626	1728	1784088792612	4035908571
2627	1853	1784088792613	2602221299
2628	1726	1784088792613	845477652
2629	1877	1784088792614	3751638474
263	1622	1784088786409	1690221562
2630	1728	1784088792614	785091571
2631	1536	1784088792615	2314525275
2632	1521	1784088792615	4087081668
2633	1632	1784088792616	3101206658
2634	1516	1784088792616	1388986456
2635	1625	1784088792617	1561039259
2636	1517	1784088792617	2751156204
2637	1705	1784088792618	317184795
2638	1517	1784088792618	3438322592
2639	1545	1784088792619	2874825216
264	1503	1784088786410	992520209
2640	1519	1784088792619	1463570007
2641	1630	1784088792620	2368149165
2642	1520	1784088792620	3130320584
2643	1645	1784088792620	4168991790
2644	1521	1784088792621	3074683131
2645	1635	1784088792621	3592147820
2646	1518	1784088792622	3265641806
2647	1633	1784088792622	702139261
2648	1520	1784088792623	1025293960
2649	1639	1784088792623	1706378131
265	1625	1784088786410	455332062
2650	1520	1784088792623	204023405
2651	1537	1784088792624	726115232
2652	1519	1784088792624	500001681
2653	1895	1784088792625	2273384946
2654	1742	1784088792625	3832769855
2655	1864	1784088792626	1260707865
2656	1727	1784088792626	4250177104
2657	1850	1784088792626	4144097253
2658	1725	1784088792627	3794169516
2659	1873	1784088792627	716916334
266	1506	1784088786411	329176967
2660	1727	1784088792628	1083232640
2661	1915	1784088792628	1483846779
2662	1744	1784088792629	4194647911
2663	1868	1784088792629	3605134697
2664	1729	1784088792629	3302508094
2665	1854	1784088792630	3846576327
2666	1727	1784088792630	4006327098
2667	1879	1784088792631	800665738
2668	1729	1784088792631	3712868797
2669	1896	1784088792631	1964662130
267	1626	1784088786411	1380783945
2670	1741	1784088792633	4109460978
2671	1865	1784088792633	2585765162
2672	1726	1784088792633	1501031375
2673	1851	1784088792634	1233778332
2674	1724	1784088792634	71155282
2675	1876	1784088792635	4221097040
2676	1726	1784088792635	3957126555
2677	1514	1784088792636	1364135955
2678	1514	1784088792636	2745593851
2679	1514	1784088792636	4210229157
268	1507	1784088786411	513248470
2680	1514	1784088792637	2863817981
2681	1514	1784088792637	4091999395
2682	1514	1784088792638	404440129
2683	1514	1784088792638	1095750687
2684	1514	1784088792639	345056196
2685	1514	1784088792639	1304802202
2686	1514	1784088792640	2788688760
2687	1514	1784088792640	4285305638
2688	1514	1784088792641	226880718
2689	1514	1784088792641	1423015056
269	1623	1784088786413	2452389981
2690	1514	1784088792643	641223838
2691	1514	1784088792643	2137840832
2692	1514	1784088792644	2492558370
2693	1514	1784088792644	3452304508
2694	1514	1784088792645	2551909287
2695	1514	1784088792645	3243219961
2696	1514	1784088792646	716319515
2697	1514	1784088792646	1944501061
2698	1514	1784088792647	2165294253
2699	1514	1784088792647	3629864179
27	1512	1784088786191	1808629112
270	1504	1784088786413	447128490
2700	1514	1784088792647	3253897385
2701	1514	1784088792648	2561022199
2702	1514	1784088792648	1935386645
2703	1514	1784088792649	705640523
2704	1514	1784088792649	2144456592
2705	1514	1784088792650	646275022
2706	1514	1784088792650	3447254828
2707	1514	1784088792650	2485944178
2708	1514	1784088792651	1724186778
2709	1514	1784088792651	1066504388
271	1538	1784088786414	2814442060
2710	1514	1784088792651	1299751114
2711	1514	1784088792653	338440340
2712	1514	1784088792653	4291919990
2713	1514	1784088792654	2793738280
2714	1516	1784088792654	3665023977
2715	1516	1784088792654	620601682
2716	1514	1784088792655	1106429775
2717	1516	1784088792656	1474548359
2718	1516	1784088792656	33436967
2719	1514	1784088792657	3004938407
272	1552	1784088786414	3722007099
2720	1516	1784088792657	2606356494
2721	1516	1784088792658	1332634308
2722	1514	1784088792658	935025761
2723	1514	1784088792659	1861209151
2724	1516	1784088792659	3886723441
2725	1514	1784088792660	1650830266
2726	1516	1784088792660	3188525781
2727	1514	1784088792660	3503065862
2728	1516	1784088792661	1009211327
2729	1514	1784088792661	2071028912
273	1540	1784088786415	2799483008
2730	1516	1784088792663	1347060414
2731	1514	1784088792663	1355597024
2732	1516	1784088792664	592769387
2733	1514	1784088792664	3798328412
2734	1516	1784088792664	3061212436
2735	1514	1784088792665	4008674265
2736	1516	1784088792665	3311933121
2737	1514	1784088792666	1548133221
2738	1516	1784088792666	1195527083
2739	1514	1784088792666	4160441555
274	1553	1784088786415	2155793783
2740	1516	1784088792667	3942699155
2741	1514	1784088792667	1100484939
2742	1516	1784088792668	2552144710
2743	1514	1784088792668	4080087543
2744	1516	1784088792668	222050105
2745	1514	1784088792669	4290467442
2746	1516	1784088792669	2116175084
2747	1514	1784088792670	1293055694
2748	1516	1784088792670	4228389254
2749	1468	1784088792671	2928233723
275	1536	1784088786416	1469833501
2750	1468	1784088792671	1997982718
2751	1468	1784088792671	668058013
2752	1468	1784088792673	3600342840
2753	1468	1784088792673	2254427483
2754	1468	1784088792674	87575925
2755	1468	1784088792674	1442793238
2756	1468	1784088792675	1079691142
2757	1468	1784088792675	278777317
2758	1468	1784088792676	225499315
2759	1468	1784088792676	1572328144
276	1538	1784088786416	3169065778
2760	1468	1784088792677	3512456583
2761	1468	1784088792677	2174541796
2762	1468	1784088792677	1893056833
2763	1468	1784088792677	538102562
2764	1468	1784088792678	2742375180
2765	1468	1784088792678	4088551791
2766	1468	1784088792679	3250761788
2767	1468	1784088792680	2433071711
2768	1468	1784088792680	2364059401
2769	1468	1784088792681	3694110058
277	1537	1784088786417	2011767778
2770	1468	1784088792681	95429231
2771	1468	1784088792681	1433872396
2772	1468	1784088792683	2755540649
2773	1514	1784088792683	3185463059
2774	1514	1784088792684	3892361416
2775	1516	1784088792684	1420077519
2776	1514	1784088792685	1521064052
2777	1516	1784088792685	666556954
2778	1514	1784088792685	4044650434
2779	1516	1784088792686	2777712496
278	1694	1784088786417	1987620687
2780	1514	1784088792686	4160781508
2781	1516	1784088792687	1679356010
2782	1514	1784088792687	1252613240
2783	1514	1784088792688	335399974
2784	1516	1784088792688	1444130058
2785	1514	1784088792688	527936419
2786	1514	1784088792689	4102691649
2787	1516	1784088792689	4047135765
2788	1514	1784088792690	1597502711
2789	1516	1784088792690	1930443135
279	1509	1784088786417	2519481806
2790	1514	1784088792691	1955222695
2791	1516	1784088792691	528346238
2792	1514	1784088792693	3324212251
2793	1514	1784088792693	2675434565
2794	1514	1784088792694	3400078238
2795	1510	1784088792694	2421993387
2796	1514	1784088792695	2013279010
2797	1514	1784088792695	559195004
2798	1509	1784088792696	658454347
2799	1514	1784088792697	2330545354
28	1515	1784088786193	1541128657
280	1509	1784088786418	1727727993
2800	1509	1784088792697	2737269701
2801	1516	1784088792697	3229154260
2802	1518	1784088792698	3217446702
2803	1516	1784088792698	3009841153
2804	1518	1784088792699	3401201689
2805	1516	1784088792699	641997950
2806	1518	1784088792700	4294531803
2807	1516	1784088792700	1431990187
2808	1518	1784088792700	1966175893
2809	1516	1784088792701	3614454465
281	1509	1784088786418	2627894918
2810	1518	1784088792701	2593328610
2811	1516	1784088792701	3139299264
2812	1518	1784088792703	2949672736
2813	1516	1784088792704	3355677717
2814	1518	1784088792705	4027959398
2815	1516	1784088792706	1562443882
2816	1518	1784088792707	3310791332
2817	1516	1784088792707	775910335
2818	1518	1784088792707	1335789290
2819	1516	1784088792708	2887069397
282	1509	1784088786419	4057107306
2820	1518	1784088792708	3580042595
2821	1516	1784088792709	917685244
2822	1518	1784088792709	3760226209
2823	1516	1784088792710	1168945193
2824	1518	1784088792710	3219511527
2825	1516	1784088792711	3498976342
2826	1518	1784088792712	2326182437
2827	1516	1784088792712	2744145795
2828	1518	1784088792713	7247467
2829	1516	1784088792713	565840617
283	1509	1784088786420	3009517369
2830	1518	1784088792714	4023184668
2831	1516	1784088792714	1305993192
2832	1501	1784088792715	1234141471
2833	1516	1784088792715	1053404221
2834	1501	1784088792716	2165889771
2835	1516	1784088792716	2884319298
2836	1501	1784088792717	3331714119
2837	1516	1784088792718	3639954327
2838	1501	1784088792719	3410455362
2839	1516	1784088792720	1524569853
284	1596	1784088786420	1126275941
2840	1501	1784088792720	909190327
2841	1516	1784088792721	4137520581
2842	1512	1784088792721	1226546240
2843	1516	1784088792722	2240019984
2844	1512	1784088792722	910329444
2845	1516	1784088792722	279013999
2846	1512	1784088792723	478834808
2847	1516	1784088792723	1673468346
2848	1516	1784088792724	899874330
2849	1516	1784088792724	3784656080
285	1523	1784088786421	2670792272
2850	1512	1784088792725	2222859040
2851	1516	1784088792726	2381877713
2852	1512	1784088792727	2931217724
2853	1516	1784088792727	4276544004
2854	1512	1784088792728	3522154264
2855	1516	1784088792728	1808037499
2856	1516	1784088792729	3438133092
2857	1516	1784088792729	416941486
2858	1516	1784088792730	1321722382
2859	1594	1784088792730	1246843453
286	1622	1784088786421	750951807
2860	1502	1784088792730	764237145
2861	1840	1784088792731	2785530644
2862	1528	1784088792731	2018223403
2863	1507	1784088792731	2929191322
2864	1803	1784088792732	2798525103
2865	1828	1784088792732	2942794560
2866	1932	1784088792733	4143134050
2867	1621	1784088792733	2821267828
2868	1621	1784088792734	1078341041
2869	1621	1784088792735	2442069284
287	1622	1784088786421	3998620768
2870	1621	1784088792736	4164079102
2871	1467	1784088792736	701550604
2872	1556	1784088792737	4230411963
2873	1556	1784088792738	2772871812
2874	1556	1784088792738	728886694
2875	1546	1784088792739	1932955286
2876	1596	1784088792739	776921975
2877	1502	1784088792740	896009329
2878	1600	1784088792740	715542967
2879	1507	1784088792741	2253577626
288	1511	1784088786421	4005789128
2880	1555	1784088792741	3394126219
2881	1461	1784088792742	4094998983
2882	1556	1784088792742	2443974200
2883	1631	1784088792743	3704682692
2884	1458	1784088792743	1844095115
2885	1542	1784088792744	2696097466
2886	1650	1784088792744	3046067137
2887	1510	1784088792744	1460436609
2888	1612	1784088792745	1254451118
2889	1614	1784088792745	3118809734
289	1502	1784088786423	2079723260
2890	1566	1784088792746	1897587103
2891	1551	1784088792746	55694478
2892	1596	1784088792746	1075470945
2893	1598	1784088792748	3161823956
2894	1652	1784088792748	331648192
2895	1558	1784088792749	1998783497
2896	1649	1784088792749	1926756013
2897	1561	1784088792749	860585149
2898	1731	1784088792750	1047883468
2899	1565	1784088792750	1882700667
29	1456	1784088786194	772885556
290	1653	1784088786424	64152560
2900	1731	1784088792751	1625713288
2901	1630	1784088792751	2004624804
2902	1754	1784088792751	2062985237
2903	1660	1784088792752	3388097320
2904	1653	1784088792752	2260201164
2905	1558	1784088792753	1602448804
2906	1650	1784088792753	1303736713
2907	1561	1784088792754	1155661375
2908	1732	1784088792754	1769200677
2909	1565	1784088792755	3090038415
291	1538	1784088786424	857943188
2910	1734	1784088792755	2842630637
2911	1630	1784088792756	3218597586
2912	1755	1784088792756	934993488
2913	1660	1784088792756	1287151511
2914	1654	1784088792756	1704603013
2915	1558	1784088792758	619005507
2916	1651	1784088792758	909583655
2917	1561	1784088792759	1770561723
2918	1733	1784088792759	3555445036
2919	1565	1784088792760	474342444
292	1596	1784088786425	1598806293
2920	1735	1784088792760	2220720188
2921	1630	1784088792760	1029350665
2922	1756	1784088792761	1926260180
2923	1660	1784088792761	404192279
2924	1655	1784088792761	3311152553
2925	1558	1784088792763	2840541802
2926	1652	1784088792763	1054929107
2927	1561	1784088792764	506676023
2928	1734	1784088792764	2141509635
2929	1565	1784088792764	730369416
293	1502	1784088786426	1690541577
2930	1736	1784088792765	620784250
2931	1630	1784088792765	4126238335
2932	1757	1784088792766	1296942019
2933	1660	1784088792767	2640142504
2934	1655	1784088792767	2387351507
2935	1558	1784088792768	3525906829
2936	1652	1784088792768	339157577
2937	1561	1784088792768	861543859
2938	1734	1784088792769	1285869100
2939	1565	1784088792769	2414040875
294	1510	1784088786426	2766914869
2940	1736	1784088792770	73436423
2941	1630	1784088792770	3811648766
2942	1757	1784088792771	3436734631
2943	1660	1784088792771	2974366487
2944	1594	1784088792771	3692270543
2945	1588	1784088792771	2172345511
2946	1689	1784088792773	4659258
2947	1598	1784088792773	343351993
2948	1673	1784088792774	3065233252
2949	1608	1784088792775	54138184
295	1512	1784088786427	2460000102
2950	1595	1784088792775	2866543921
2951	1510	1784088792775	3348365553
2952	1696	1784088792776	2741811567
2953	1517	1784088792776	2424300804
2954	1517	1784088792777	724940585
2955	1624	1784088792777	68473459
2956	1506	1784088792777	2448716641
2957	1629	1784088792778	3635232512
2958	1629	1784088792778	4071051155
2959	1512	1784088792779	2877284810
296	1511	1784088786427	2100927602
2960	1503	1784088792779	3770331701
2961	1700	1784088792780	847385048
2962	1682	1784088792780	1713216724
2963	1810	1784088792780	2015867654
2964	1613	1784088792781	421434665
2965	1456	1784088792781	919511326
2966	1506	1784088792783	3796881588
2967	1611	1784088792783	3278130786
2968	1698	1784088792784	1362166066
2969	1695	1784088792784	818760952
297	1511	1784088786427	217971534
2970	1511	1784088792785	3064027337
2971	1508	1784088792785	2573879069
2972	1515	1784088792786	1385499064
2973	1505	1784088792786	3682537869
2974	1509	1784088792787	3189490051
2975	1505	1784088792787	3394264412
2976	1524	1784088792787	327403540
2977	1505	1784088792788	416604690
2978	1603	1784088792789	816998261
2979	1767	1784088792789	1943281333
298	1502	1784088786428	1925767998
2980	1742	1784088792790	114891731
2981	1732	1784088792790	576291536
2982	1753	1784088792791	1730509461
2983	1749	1784088792791	2033425275
2984	1607	1784088792791	3030723079
2985	1771	1784088792791	142125597
2986	1746	1784088792793	2350266364
2987	1736	1784088792793	939521119
2988	1756	1784088792794	3421285607
2989	1751	1784088792794	2705886179
299	1598	1784088786428	605098975
2990	1606	1784088792795	4270578060
2991	1770	1784088792795	2849821137
2992	1755	1784088792796	1906308687
2993	1742	1784088792796	3231226935
2994	1768	1784088792797	1535909505
2995	1766	1784088792797	568922655
2996	1473	1784088792798	2895231660
2997	1694	1784088792798	1258347831
2998	1626	1784088792799	259048931
2999	1507	1784088792799	2661253120
3	1619	1784088786166	3586622345
30	1598	1784088786196	3109109514
300	1512	1784088786429	3136758371
3000	1628	1784088792799	3344287121
3001	1509	1784088792800	4240083969
3002	1609	1784088792801	2975141988
3003	1514	1784088792801	2220077399
3004	1610	1784088792801	142398232
3005	1516	1784088792803	3506725958
3006	1554	1784088792803	3187569643
3007	1457	1784088792804	517412802
3008	1629	1784088792804	3053343196
3009	1532	1784088792804	743080412
301	1558	1784088786429	1455045311
3010	1629	1784088792805	2035378543
3011	1532	1784088792805	2511538692
3012	1628	1784088792806	1594364291
3013	1531	1784088792806	2873933382
3014	1628	1784088792807	4033628117
3015	1531	1784088792807	1434670989
3016	1628	1784088792808	1607732616
3017	1531	1784088792808	3961303698
3018	1628	1784088792809	83037886
3019	1531	1784088792809	11492651
302	1533	1784088786430	2219327914
3020	1628	1784088792810	232193993
3021	1531	1784088792810	1271070470
3022	1627	1784088792811	4228331175
3023	1530	1784088792811	1321797524
3024	1608	1784088792811	3695627666
3025	1511	1784088792812	4005129427
3026	1608	1784088792812	3375163360
3027	1511	1784088792813	3758332681
3028	1608	1784088792814	811126609
3029	1511	1784088792815	4255069850
303	1547	1784088786430	1653372910
3030	1608	1784088792815	3545147231
3031	1511	1784088792816	3816258973
3032	1609	1784088792816	222231483
3033	1512	1784088792817	3357092598
3034	1609	1784088792817	3311229225
3035	1512	1784088792818	4091791042
3036	1609	1784088792818	1097747462
3037	1512	1784088792819	44987363
3038	1608	1784088792819	1974663306
3039	1511	1784088792820	1255198269
304	1524	1784088786431	3639930897
3040	1607	1784088792820	176159212
3041	1510	1784088792821	2802515963
3042	1607	1784088792821	454281033
3043	1510	1784088792822	160879220
3044	1607	1784088792822	289330827
3045	1510	1784088792823	1612219794
3046	1607	1784088792823	2380553257
3047	1510	1784088792824	3763250959
3048	1680	1784088792824	3097136178
3049	1651	1784088792825	3892488474
305	1577	1784088786431	2782682716
3050	1550	1784088792825	2301146972
3051	1653	1784088792826	4113962953
3052	1552	1784088792826	2014687786
3053	1818	1784088792827	3595987951
3054	1819	1784088792827	2784523640
3055	1795	1784088792828	2299854565
3056	1797	1784088792828	3281408978
3057	1521	1784088792829	2812979049
3058	1611	1784088792829	4142318093
3059	1591	1784088792830	1945101874
306	1551	1784088786431	358918953
3060	1599	1784088792830	1905529280
3061	1594	1784088792831	730409674
3062	1475	1784088792831	3221024777
3063	1536	1784088792832	3364858193
3064	1642	1784088792832	2777928495
3065	1537	1784088792833	32252599
3066	1566	1784088792833	1049877868
3067	1536	1784088792834	2909084746
3068	1604	1784088792834	112645971
3069	1536	1784088792835	2290090511
307	1546	1784088786432	3894492600
3070	1602	1784088792836	1105562675
3071	1537	1784088792837	3077942280
3072	1646	1784088792838	2629114715
3073	1536	1784088792838	1388748405
3074	1612	1784088792839	3850225338
3075	1536	1784088792839	3273726505
3076	1560	1784088792839	1869817896
3077	1537	1784088792840	202775797
3078	1468	1784088792840	4015475049
3079	1536	1784088792841	1146042007
308	1517	1784088786432	2842685961
3080	1468	1784088792841	2081214041
3081	1536	1784088792842	2739686213
3082	1468	1784088792842	504546259
3083	1537	1784088792843	1215454423
3084	1468	1784088792844	837432856
3085	1536	1784088792844	3332832862
3086	1464	1784088792845	2177720944
3087	1536	1784088792845	3418076656
3088	1464	1784088792846	2772500819
3089	1537	1784088792846	106976811
309	1580	1784088786433	3509912000
3090	1464	1784088792846	2434323309
3091	1536	1784088792847	1870888925
3092	1464	1784088792847	3634752157
3093	1689	1784088792848	427701521
3094	1716	1784088792848	3547657676
3095	1852	1784088792849	2868498856
3096	1714	1784088792849	3641327257
3097	1874	1784088792849	1813186606
3098	1872	1784088792850	3718346167
3099	1890	1784088792851	239334999
31	1456	1784088786197	458756165
310	1551	1784088786433	79526042
3100	1877	1784088792851	3237885952
3101	1893	1784088792852	1563358494
3102	1545	1784088792853	1359602027
3103	1537	1784088792853	147877647
3104	1597	1784088792854	912000074
3105	1790	1784088792854	710445610
3106	1691	1784088792855	2961367724
3107	1767	1784088792855	1816203728
3108	1456	1784088792855	4118417734
3109	1544	1784088792856	2172240964
311	1559	1784088786433	3708192418
3110	1546	1784088792856	4073242889
3111	1545	1784088792857	1735916299
3112	1546	1784088792857	3301514341
3113	1546	1784088792858	1467881959
3114	1587	1784088792858	3233988666
3115	1696	1784088792859	2885683326
3116	1694	1784088792859	302182593
3117	1726	1784088792860	1965237169
3118	1728	1784088792860	1335284331
3119	1730	1784088792861	2476618746
312	1529	1784088786435	2950249603
3120	1717	1784088792861	2928752113
3121	1730	1784088792862	4209496533
3122	1769	1784088792862	1614681121
3123	1528	1784088792863	5495810
3124	1522	1784088792863	4002940973
3125	1527	1784088792864	161173272
3126	1518	1784088792864	2273348568
3127	1593	1784088792865	2457972709
3128	1619	1784088792865	1415280949
3129	1619	1784088792866	1295471152
313	1530	1784088786436	3779570460
3130	1597	1784088792866	3289482193
3131	1599	1784088792867	4051591618
3132	1602	1784088792867	214013056
3133	1597	1784088792868	2236490577
3134	1752	1784088792868	1999664818
3135	1613	1784088792869	716979213
3136	1613	1784088792869	804446053
3137	1615	1784088792870	1552619232
3138	1512	1784088792870	2718858163
3139	1505	1784088792871	235057319
314	1509	1784088786437	3596162888
3140	1682	1784088792871	587484516
3141	1664	1784088792872	233035255
3142	1513	1784088792872	2260514506
3143	1506	1784088792872	656980733
3144	1602	1784088792873	83130643
3145	1510	1784088792873	3003679952
3146	1558	1784088792874	2993032990
3147	1555	1784088792874	2066944475
3148	1551	1784088792875	4254817355
3149	1463	1784088792875	1231541511
315	1502	1784088786439	2926334921
3150	1469	1784088792876	3865143225
3151	1594	1784088792877	2647936074
3152	1557	1784088792877	2931955068
3153	1557	1784088792878	3368579273
3154	1556	1784088792878	993700497
3155	1559	1784088792879	1308013470
3156	1559	1784088792879	2172582265
3157	1560	1784088792880	3576454129
3158	1552	1784088792881	1427679381
3159	1547	1784088792881	1264868657
316	1498	1784088786440	3782620076
3160	1537	1784088792882	3346979310
3161	1510	1784088792882	2477298476
3162	1615	1784088792883	3951698752
3163	1506	1784088792883	3219991035
3164	1523	1784088792884	1436711644
3165	1505	1784088792885	2949073536
3166	1508	1784088792885	2749963680
3167	1591	1784088792886	1349239971
3168	1513	1784088792887	1774285803
3169	1509	1784088792887	806069303
317	1609	1784088786440	1777284210
3170	1820	1784088792888	263466336
3171	1819	1784088792888	449293059
3172	1852	1784088792889	3428138008
3173	1855	1784088792889	3269491607
3174	1841	1784088792890	100019072
3175	1839	1784088792890	1510134116
3176	1839	1784088792890	478316699
3177	1471	1784088792891	2214378031
3178	1456	1784088792892	4217171612
3179	1465	1784088792893	2425666230
318	1501	1784088786441	2656037276
3180	1465	1784088792893	720120655
3181	1464	1784088792894	2664724244
3182	1464	1784088792895	411437944
3183	1511	1784088792895	2864597844
3184	1505	1784088792896	1054362934
3185	1465	1784088792896	3882527326
3186	1465	1784088792897	3127700589
3187	1458	1784088792897	2377737382
3188	1601	1784088792898	2966054572
3189	1507	1784088792898	1047606116
319	1614	1784088786441	4263083610
3190	1808	1784088792899	3621625191
3191	1716	1784088792899	2374345365
3192	1806	1784088792900	3897977928
3193	1716	1784088792900	618061012
3194	1757	1784088792900	2655431920
3195	1747	1784088792901	1398747144
3196	1865	1784088792901	1960105680
3197	1776	1784088792902	3407340066
3198	1872	1784088792902	1483020430
3199	1779	1784088792903	1450467150
32	1559	1784088786198	4058331607
320	1501	1784088786441	456703900
3200	1857	1784088792903	195191127
3201	1764	1784088792904	2323727182
3202	1859	1784088792905	2730693582
3203	1763	1784088792905	2085618085
3204	1815	1784088792906	1676836795
3205	1794	1784088792906	3431815723
3206	1510	1784088792907	3158004114
3207	1514	1784088792908	641456063
3208	1513	1784088792909	1670179408
3209	1512	1784088792910	597361220
321	1614	1784088786442	792805342
3210	1458	1784088792911	1377708546
3211	1520	1784088792911	2449264616
3212	1502	1784088792913	532773613
3213	1604	1784088792913	1442599022
3214	1514	1784088792914	3626516939
3215	1598	1784088792914	2549112683
3216	1529	1784088792915	2842726425
3217	1513	1784088792915	2661147117
3218	1517	1784088792916	2158919744
3219	1517	1784088792916	4224425044
322	1504	1784088786443	820241906
3220	1524	1784088792916	2995727981
3221	1523	1784088792917	2348202003
3222	1600	1784088792918	627107008
3223	1598	1784088792918	2961122417
3224	1599	1784088792918	781226452
3225	1458	1784088792919	1210749902
3226	1507	1784088792920	3476127273
3227	1502	1784088792920	2055834463
3228	1628	1784088792921	1447651853
3229	1521	1784088792921	2641187995
323	1562	1784088786443	1537873128
3230	1598	1784088792923	342186139
3231	1465	1784088792924	526365650
3232	1456	1784088792924	79098086
3233	1465	1784088792925	3080735800
3234	1456	1784088792925	2798942863
3235	1465	1784088792926	4245970778
3236	1456	1784088792926	346711243
3237	1465	1784088792927	3462268953
3238	1456	1784088792927	962619420
3239	1504	1784088792927	2578989562
324	1457	1784088786444	692049346
3240	1496	1784088792928	4145658825
3241	1465	1784088792929	3091703046
3242	1464	1784088792930	3010401646
3243	1468	1784088792930	3297878717
3244	1462	1784088792930	1252379635
3245	1559	1784088792931	2592850238
3246	1456	1784088792931	1452588349
3247	1467	1784088792931	2831319341
3248	1463	1784088792932	3840802613
3249	1549	1784088792932	2809826428
325	1615	1784088786444	231079081
3250	1463	1784088792933	2863573355
3251	1480	1784088792934	2022895150
3252	1542	1784088792934	3344364878
3253	1470	1784088792935	2487468629
3254	1542	1784088792936	323337734
3255	1553	1784088792936	2301706193
3256	1542	1784088792937	3919283457
3257	1466	1784088792937	1953992030
3258	1542	1784088792937	1611804375
3259	1466	1784088792938	1642879798
326	1499	1784088786445	1525080117
3260	1466	1784088792939	635193505
3261	1615	1784088792940	3990209400
3262	1513	1784088792941	1688055869
3263	1643	1784088792941	1549119958
3264	1598	1784088792942	3202634997
3265	1594	1784088792942	3829100358
3266	1518	1784088792943	2026315998
3267	1505	1784088792943	3322355752
3268	1517	1784088792944	3916987392
3269	1616	1784088792944	3223168452
327	1620	1784088786445	1867478344
3270	1593	1784088792945	105554677
3271	1454	1784088792945	4118317806
3272	1542	1784088792947	1506328278
3273	1457	1784088792947	2534249240
3274	1457	1784088792948	3255542276
3275	1457	1784088792949	290965293
3276	1457	1784088792949	3217190423
3277	1457	1784088792950	1822296894
3278	1457	1784088792950	365825071
3279	1457	1784088792952	3331483910
328	1502	1784088786446	2904549342
3280	1457	1784088792953	1397836503
3281	1457	1784088792953	2148347902
3282	1457	1784088792954	781747908
3283	1457	1784088792955	4257539053
3284	1457	1784088792955	2831340273
3285	1457	1784088792957	2073999320
3286	1457	1784088792957	3574275810
3287	1457	1784088792958	106396619
3288	1457	1784088792959	2131197146
3289	1457	1784088792960	2891651571
329	1605	1784088786446	201396380
3290	1457	1784088792960	288394974
3291	1457	1784088792961	3261918199
3292	1457	1784088792961	1828274893
3293	1457	1784088792961	3215271908
3294	1457	1784088792962	3936556792
3295	1457	1784088792962	973042641
3296	1457	1784088792963	2540362475
3297	1457	1784088792963	1144438722
3298	1457	1784088792964	1030142163
3299	1457	1784088792965	3996835322
33	1473	1784088786200	2509406396
330	1498	1784088786447	2672370965
3300	1457	1784088792965	1414707516
3301	1457	1784088792965	2265898005
3302	1457	1784088792967	698053935
3303	1457	1784088792967	4207349766
3304	1457	1784088792967	2948669722
3305	1457	1784088792968	2090681395
3306	1457	1784088792968	3523800329
3307	1457	1784088792969	22317088
3308	1457	1784088792969	2013564721
3309	1457	1784088792970	2874731032
331	1608	1784088786447	4225250622
3310	1457	1784088792971	372473141
3311	1457	1784088792971	3312392220
3312	1457	1784088792972	1811591462
3313	1457	1784088792972	3097941007
3314	1457	1784088792973	3986744595
3315	1457	1784088792973	1056735290
3316	1457	1784088792974	2422810880
3317	1457	1784088792974	1127566377
3318	1457	1784088792975	979716920
3319	1457	1784088792975	3912838673
332	1501	1784088786448	1955281990
3320	1457	1784088792975	3499176238
3321	1457	1784088792977	63788039
3322	1457	1784088792978	2908290365
3323	1457	1784088792978	2114230292
3324	1457	1784088792981	721594632
3325	1596	1784088792981	1043530129
3326	1504	1784088792982	1492847417
3327	1675	1784088792982	538938946
3328	1654	1784088792983	2489766812
3329	1676	1784088792984	499050595
333	1604	1784088786448	4166325185
3330	1661	1784088792984	1567495167
3331	1673	1784088792985	157870059
3332	1655	1784088792985	1302806295
3333	1681	1784088792987	1623140829
3334	1661	1784088792987	1438032961
3335	1676	1784088792988	1993037150
3336	1661	1784088792988	2253662803
3337	1662	1784088792989	3618028294
3338	1640	1784088792989	1662285943
3339	1750	1784088792990	1391870074
334	1497	1784088786449	2309482432
3340	1647	1784088792990	2911288925
3341	1663	1784088792991	1381421998
3342	1641	1784088792991	492300146
3343	1669	1784088792993	2746233083
3344	1647	1784088792993	2349230048
3345	1669	1784088792994	4103213314
3346	1511	1784088792994	2813621252
3347	1662	1784088792995	3917613349
3348	1510	1784088792995	3820268910
3349	1670	1784088792996	3465472939
335	1605	1784088786449	2850888819
3350	1512	1784088792996	3899669224
3351	1673	1784088792997	2312032648
3352	1511	1784088792997	3273455497
3353	1668	1784088792998	1542568658
3354	1511	1784088792998	2380025788
3355	1525	1784088792999	1176533516
3356	1511	1784088792999	1993007943
3357	1625	1784088792999	3677131828
3358	1510	1784088793000	2583168638
3359	1630	1784088793000	1871636597
336	1500	1784088786450	2149451266
3360	1512	1784088793001	3756788576
3361	1631	1784088793003	1270678617
3362	1511	1784088793003	1810778125
3363	1517	1784088793004	1588141643
3364	1502	1784088793004	3566399221
3365	1690	1784088793005	1841431391
3366	1502	1784088793005	3669227944
3367	1690	1784088793006	1549669037
3368	1501	1784088793006	2455716768
3369	1692	1784088793006	2363766891
337	1566	1784088786450	1301063448
3370	1508	1784088793007	4205541506
3371	1689	1784088793007	967851738
3372	1508	1784088793008	3274775342
3373	1688	1784088793008	3337889312
3374	1507	1784088793009	3228555861
3375	1643	1784088793009	1620609520
3376	1460	1784088793010	1357365204
3377	1515	1784088793010	3363469865
3378	1505	1784088793010	1206507057
3379	1504	1784088793011	2977176662
338	1570	1784088786451	547586678
3380	1500	1784088793011	1668539840
3381	1681	1784088793011	2614152977
3382	1508	1784088793013	2258682534
3383	1628	1784088793014	415723559
3384	1458	1784088793015	3467238660
3385	1728	1784088793015	1305795009
3386	1699	1784088793016	3372140122
3387	1716	1784088793016	3605255427
3388	1690	1784088793016	2772245094
3389	1703	1784088793017	1264657648
339	1603	1784088786451	2751823494
3390	1688	1784088793018	1802041088
3391	1670	1784088793018	2140419135
3392	1659	1784088793019	1393794580
3393	1667	1784088793020	1555051497
3394	1655	1784088793020	637108190
3395	1650	1784088793021	1712309497
3396	1602	1784088793021	1092808370
3397	1504	1784088793021	3086034895
3398	1602	1784088793021	1572158430
3399	1505	1784088793023	1820015946
34	1473	1784088786201	3605519557
340	1494	1784088786452	3757320673
3400	1600	1784088793023	3769182243
3401	1504	1784088793024	869787916
3402	1602	1784088793024	1761266341
3403	1504	1784088793025	76374974
3404	1599	1784088793025	2848829531
3405	1504	1784088793026	2733817529
3406	1601	1784088793026	739051012
3407	1509	1784088793027	400019565
3408	1556	1784088793027	544334896
3409	1458	1784088793028	1622481575
341	1609	1784088786452	2002398502
3410	1556	1784088793028	1934938864
3411	1458	1784088793029	1740040524
3412	1556	1784088793029	696319481
3413	1458	1784088793030	3816120670
3414	1556	1784088793030	3654146802
3415	1458	1784088793031	3040935721
3416	1599	1784088793031	579473296
3417	1599	1784088793032	3258134946
3418	1599	1784088793032	1974791468
3419	1599	1784088793034	1591863761
342	1497	1784088786453	2714076222
3420	1609	1784088793034	2705488129
3421	1508	1784088793035	409250218
3422	1601	1784088793035	2351569472
3423	1506	1784088793035	4146385832
3424	1601	1784088793036	2758804245
3425	1506	1784088793036	3387387036
3426	1601	1784088793037	3337222114
3427	1506	1784088793037	1872904121
3428	1601	1784088793038	335190947
3429	1506	1784088793038	887439863
343	1561	1784088786454	749986918
3430	1603	1784088793039	3759037694
3431	1508	1784088793039	3360100993
3432	1602	1784088793040	1773606476
3433	1507	1784088793040	2900218380
3434	1602	1784088793041	4087596976
3435	1507	1784088793041	1037821472
3436	1602	1784088793041	2212678680
3437	1507	1784088793043	1605933997
3438	1636	1784088793043	2792718881
3439	1501	1784088793044	1771307029
344	1457	1784088786454	3775453996
3440	1641	1784088793044	279788270
3441	1506	1784088793045	3935801818
3442	1644	1784088793045	4216811486
3443	1509	1784088793046	2383539034
3444	1644	1784088793046	2727674333
3445	1509	1784088793046	2948900084
3446	1643	1784088793047	3625010115
3447	1507	1784088793047	2679473324
3448	1666	1784088793047	3509624379
3449	1509	1784088793048	3445981703
345	1606	1784088786455	1332585617
3450	1633	1784088793049	2777801196
3451	1636	1784088793049	2779989724
3452	1637	1784088793050	3793907829
3453	1633	1784088793050	276938784
3454	1638	1784088793051	3418098606
3455	1624	1784088793051	379785665
3456	1627	1784088793051	1913596828
3457	1628	1784088793053	643808830
3458	1624	1784088793053	4124075429
3459	1629	1784088793054	14690467
346	1502	1784088786456	2523164321
3460	1620	1784088793054	2306189322
3461	1623	1784088793055	2679312494
3462	1624	1784088793055	674873827
3463	1620	1784088793056	4246387288
3464	1625	1784088793057	1635621675
3465	1637	1784088793057	3149017629
3466	1640	1784088793058	264752528
3467	1641	1784088793058	650891204
3468	1637	1784088793059	3135057999
3469	1643	1784088793059	2402287921
347	1605	1784088786456	4280765386
3470	1510	1784088793060	1904505312
3471	1503	1784088793060	1569172486
3472	1866	1784088793061	1715951222
3473	1868	1784088793061	2534181149
3474	1884	1784088793061	1611785596
3475	1883	1784088793063	2654633687
3476	1884	1784088793063	809879127
3477	1885	1784088793065	2411452253
3478	1882	1784088793065	1544276488
3479	1886	1784088793066	162966896
348	1499	1784088786457	3540064910
3480	1883	1784088793067	451209606
3481	1886	1784088793067	2833650734
3482	1740	1784088793067	507013191
3483	1861	1784088793068	3181964907
3484	1725	1784088793069	1099531790
3485	1878	1784088793069	4146970082
3486	1848	1784088793070	1515182765
3487	1723	1784088793070	145492089
3488	1872	1784088793071	3430854801
3489	1725	1784088793071	3618755098
349	1608	1784088786457	1293966837
3490	1514	1784088793071	776151903
3491	1514	1784088793073	1998041857
3492	1514	1784088793074	2632582115
3493	1514	1784088793075	3317601213
3494	1514	1784088793075	2422236262
3495	1514	1784088793076	3375690808
3496	1514	1784088793076	583615706
3497	1514	1784088793077	2073941124
3498	1514	1784088793077	2306124652
3499	1514	1784088793078	3491773234
35	1708	1784088786204	1001355692
350	1499	1784088786458	538695133
3500	1514	1784088793078	3381258088
3501	1514	1784088793079	2430433078
3502	1514	1784088793080	2065745876
3503	1514	1784088793080	578049930
3504	1514	1784088793081	2007670865
3505	1514	1784088793081	788410383
3506	1514	1784088793082	3305341165
3507	1514	1784088793082	2622951603
3508	1514	1784088793083	1857974107
3509	1514	1784088793083	938147589
351	1605	1784088786458	2284425160
3510	1514	1784088793084	1157877515
3511	1516	1784088793084	3442332741
3512	1514	1784088793085	4155174839
3513	1514	1784088793085	2935914473
3514	1514	1784088793085	4213213234
3515	1514	1784088793086	2725517420
3516	1514	1784088793086	1233758350
3517	1516	1784088793087	1477394490
3518	1514	1784088793087	3795076920
3519	1516	1784088793088	3659865424
352	1496	1784088786458	2804560406
3520	1514	1784088793088	2372473628
3521	1516	1784088793089	4042569437
3522	1514	1784088793089	1069560736
3523	1516	1784088793090	2213201160
3524	1514	1784088793090	860509221
3525	1514	1784088793091	1780401275
3526	1514	1784088793091	2179167385
3527	1516	1784088793092	1708532386
3528	1514	1784088793092	710843183
3529	1516	1784088793093	3892084680
353	1610	1784088786459	2984831024
3530	1514	1784088793093	31669119
3531	1516	1784088793094	2341579465
3532	1514	1784088793095	3007978435
3533	1516	1784088793098	4170176796
3534	1514	1784088793098	3217062982
3535	1516	1784088793099	1840074083
3536	1514	1784088793099	225008890
3537	1516	1784088793100	515063478
3538	1514	1784088793101	2798957388
3539	1516	1784088793101	2627298268
354	1502	1784088786459	484761105
3540	1514	1784088793102	280489684
3541	1516	1784088793103	819722468
3542	1514	1784088793103	2719927912
3543	1516	1784088793103	1137019697
3544	1514	1784088793104	2928978413
3545	1516	1784088793104	3605471054
3546	1514	1784088793104	473794897
3547	1516	1784088793106	2784586907
3548	1514	1784088793106	3078645479
3549	1516	1784088793107	668152305
355	1605	1784088786460	1824958799
3550	1514	1784088793107	2621294263
3551	1516	1784088793108	1270801648
3552	1514	1784088793108	781510155
3553	1516	1784088793109	950048549
3554	1514	1784088793109	572424590
3555	1516	1784088793109	2910978906
3556	1514	1784088793110	2427953458
3557	1516	1784088793111	3734794383
3558	1514	1784088793111	990531204
3559	1516	1784088793111	1555443173
356	1499	1784088786460	4130623839
3560	1514	1784088793111	3537025107
3561	1516	1784088793113	3323052236
3562	1514	1784088793113	1618712815
3563	1516	1784088793114	3037704985
3564	1514	1784088793115	1827798890
3565	1509	1784088793115	3498006333
3566	1514	1784088793115	3730366422
3567	1510	1784088793116	2553510673
3568	1514	1784088793116	1977954400
3569	1509	1784088793117	2652710288
357	1560	1784088786461	2042113630
3570	1514	1784088793117	1582862384
3571	1510	1784088793118	854037793
3572	1514	1784088793118	3975262348
3573	1514	1784088793119	3047497938
3574	1514	1784088793119	3766212361
3575	1514	1784088793120	3106883415
3576	1509	1784088793120	1579924373
3577	1514	1784088793121	193357803
3578	1509	1784088793121	1860511948
3579	1514	1784088793121	2688256093
358	1457	1784088786462	3228619007
3580	1514	1784088793123	4034597637
3581	1516	1784088793123	1811178199
3582	1516	1784088793124	2501824891
3583	1518	1784088793124	1377353995
3584	1516	1784088793125	3949828
3585	1518	1784088793125	232613453
3586	1516	1784088793125	1931622097
3587	1518	1784088793127	949879951
3588	1516	1784088793128	4043860923
3589	1518	1784088793128	2991990977
359	1605	1784088786462	3619820258
3590	1516	1784088793129	2640690874
3591	1518	1784088793129	1576293302
3592	1516	1784088793130	4001090927
3593	1518	1784088793130	1756836212
3594	1516	1784088793130	2069453072
3595	1518	1784088793131	930256434
3596	1516	1784088793131	138881733
3597	1518	1784088793132	36828400
3598	1516	1784088793132	2322429871
3599	1516	1784088793133	1583009125
36	1506	1784088786204	1046444491
360	1500	1784088786463	150174600
3600	1518	1784088793133	3909407927
3601	1516	1784088793134	1881090021
3602	1516	1784088793134	3610701562
3603	1518	1784088793135	3336963860
3604	1516	1784088793135	1108638341
3605	1516	1784088793136	2518925391
3606	1501	1784088793136	498152841
3607	1516	1784088793137	3846026138
3608	1501	1784088793137	274969228
3609	1516	1784088793138	1729621744
361	1604	1784088786463	4181389722
3610	1516	1784088793138	3746398523
3611	1516	1784088793139	192560113
3612	1516	1784088793139	2891182830
3613	1516	1784088793140	2019837988
3614	1516	1784088793140	963733137
3615	1516	1784088793141	3980844123
3616	1516	1784088793141	1248793924
3617	1516	1784088793143	2656612238
3618	1516	1784088793144	3359983662
3619	1468	1784088793144	723874477
362	1497	1784088786464	1216557792
3620	1468	1784088793145	96520232
3621	1468	1784088793145	491640543
3622	1468	1784088793146	992780555
3623	1468	1784088793146	1479498796
3624	1468	1784088793147	2466435222
3625	1468	1784088793147	351122308
3626	1468	1784088793148	848086096
3627	1468	1784088793148	3225580513
3628	1468	1784088793149	176623558
3629	1468	1784088793149	2372431060
363	1606	1784088786464	590011571
3630	1468	1784088793150	4143863299
3631	1468	1784088793150	4000532724
3632	1468	1784088793150	3356639008
3633	1468	1784088793151	2361699268
3634	1468	1784088793151	1206462334
3635	1468	1784088793152	3221636204
3636	1468	1784088793152	3865523128
3637	1468	1784088793153	346653705
3638	1468	1784088793154	3731683374
3639	1468	1784088793155	1501797180
364	1499	1784088786464	3656821402
3640	1468	1784088793155	3716227357
3641	1468	1784088793156	3305914346
3642	1468	1784088793156	3815589950
3643	1468	1784088793157	1351729555
3644	1468	1784088793158	2612809001
3645	1468	1784088793159	475213371
3646	1468	1784088793159	976378351
3647	1468	1784088793160	3372019294
3648	1468	1784088793160	37327481
3649	1468	1784088793161	2245456235
365	1603	1784088786465	2395972347
3650	1468	1784088793161	4265659324
3651	1468	1784088793162	3872249163
3652	1468	1784088793162	3232539295
3653	1468	1784088793163	2222601851
3654	1468	1784088793163	1331149505
3655	1468	1784088793164	3367557587
3656	1468	1784088793164	4007243271
3657	1468	1784088793165	471275958
3658	1468	1784088793165	3604112785
3659	1468	1784088793166	1362953859
366	1496	1784088786465	3100672178
3660	1468	1784088793166	2144910342
3661	1468	1784088793167	1733665521
3662	1468	1784088793167	1093981477
3663	1468	1784088793168	1952448703
3664	1468	1784088793168	3209530373
3665	1468	1784088793169	950202135
3666	1468	1784088793169	516135107
3667	1545	1784088793170	761686076
3668	1728	1784088793170	2926256821
3669	1728	1784088793171	2291121824
367	1561	1784088786466	4199771999
3670	1731	1784088793171	4286071633
3671	1731	1784088793171	1203346460
3672	1729	1784088793173	3462721315
3673	1729	1784088793173	4275325991
3674	1728	1784088793174	514731918
3675	1730	1784088793174	442143261
3676	1727	1784088793175	2089599086
3677	1726	1784088793175	3103304005
3678	1477	1784088793175	3193203157
3679	1456	1784088793176	1052354627
368	1457	1784088786467	2758498184
3680	1547	1784088793177	4252687977
3681	1548	1784088793178	975612780
3682	1547	1784088793178	2831684466
3683	1545	1784088793179	2051452491
3684	1547	1784088793179	2823976951
3685	1548	1784088793180	462039222
3686	1555	1784088793180	1088417845
3687	1542	1784088793181	3762325383
3688	1473	1784088793181	2683938721
3689	1466	1784088793181	1167894419
369	1570	1784088786467	1252716197
3690	1476	1784088793181	692564721
3691	1481	1784088793182	436195022
3692	1470	1784088793183	1903107540
3693	1558	1784088793183	4070356264
3694	1555	1784088793184	2164252539
3695	1613	1784088793184	180114974
3696	1474	1784088793184	1674094482
3697	1474	1784088793186	2091912534
3698	1638	1784088793186	809827692
3699	1550	1784088793187	3610423746
37	1494	1784088786205	3881252354
370	1457	1784088786468	3944280854
3700	1468	1784088793187	167304024
3701	1598	1784088793188	3108696136
3702	1469	1784088793188	1069978268
3703	1590	1784088793189	2520784745
3704	1598	1784088793189	784912943
3705	1550	1784088793190	2912021860
3706	1559	1784088793190	2622263360
3707	1470	1784088793191	2212008621
3708	1592	1784088793191	4116070883
3709	1591	1784088793191	1651933840
371	1619	1784088786468	2802180062
3710	1594	1784088793192	1499190898
3711	1470	1784088793192	3186152331
3712	1470	1784088793193	3003173158
3713	1478	1784088793193	89092572
3714	1480	1784088793193	2014062378
3715	1564	1784088793194	4053524553
3716	1558	1784088793194	217352424
3717	1452	1784088793194	775732108
3718	1458	1784088793196	2234177388
3719	1543	1784088793196	1216201034
372	1505	1784088786469	1053594425
3720	1467	1784088793197	1414385262
3721	1467	1784088793198	2839016948
3722	1517	1784088793198	1295326139
3723	1524	1784088793199	1095593501
3724	1524	1784088793199	1198888383
3725	1524	1784088793200	1702945951
3726	1524	1784088793200	591281278
3727	1518	1784088793201	1518356117
3728	1519	1784088793201	3727349354
3729	1593	1784088793201	4290016218
373	1616	1784088786470	3602947518
3730	1597	1784088793202	489769668
3731	1597	1784088793202	272616108
3732	1591	1784088793203	808057772
3733	1611	1784088793203	445914084
3734	1513	1784088793204	3054576128
3735	1522	1784088793204	2829310220
3736	1520	1784088793206	4129574238
3737	1509	1784088793206	1098570508
3738	1525	1784088793207	1798624607
3739	1525	1784088793207	3850392323
374	1502	1784088786470	2925683290
3740	1525	1784088793208	830319351
3741	1516	1784088793208	838855217
3742	1611	1784088793208	4254612016
3743	1610	1784088793209	1845588973
3744	1613	1784088793209	3650804856
3745	1593	1784088793210	3865088507
3746	1520	1784088793210	1998750797
3747	1508	1784088793211	1402590242
3748	1697	1784088793211	2148511564
3749	1751	1784088793211	4273118821
375	1571	1784088786473	1058882406
3750	1718	1784088793212	928593922
3751	1773	1784088793212	3459480466
3752	1737	1784088793213	1584487123
3753	1771	1784088793213	3975421688
3754	1734	1784088793214	3098212631
3755	1758	1784088793214	2622255227
3756	1734	1784088793214	4230310616
3757	1688	1784088793214	2291462775
3758	1664	1784088793216	1247520770
3759	1760	1784088793216	4187054280
376	1462	1784088786474	3074896301
3760	1668	1784088793217	1751589412
3761	1759	1784088793217	1818932657
3762	1668	1784088793218	843061227
3763	1760	1784088793218	3961819435
3764	1668	1784088793218	3174851680
3765	1760	1784088793219	3562074825
3766	1668	1784088793219	1271506672
3767	1682	1784088793221	4108315164
3768	1568	1784088793222	108557583
3769	1684	1784088793222	1088494454
377	1594	1784088786475	2258749593
3770	1568	1784088793223	1631475747
3771	1682	1784088793223	4249196944
3772	1568	1784088793224	2812918575
3773	1680	1784088793224	3669546416
3774	1568	1784088793225	1768796658
3775	1684	1784088793225	123734177
3776	1568	1784088793227	1943257803
3777	1758	1784088793227	3691197521
3778	1668	1784088793228	753849520
3779	1757	1784088793228	2162285671
378	1503	1784088786475	1426325365
3780	1668	1784088793228	1834223892
3781	1759	1784088793229	992923437
3782	1668	1784088793229	3752030787
3783	1760	1784088793230	1349074862
3784	1668	1784088793230	1356792264
3785	1760	1784088793231	2658113726
3786	1668	1784088793231	2787820376
3787	1760	1784088793232	1759632871
3788	1668	1784088793232	2505498783
3789	1756	1784088793232	3068041940
379	1507	1784088786475	133898323
3790	1668	1784088793233	4260951247
3791	1665	1784088793234	1339865420
3792	1568	1784088793234	1131991519
3793	1658	1784088793235	3276092116
3794	1567	1784088793235	2154403680
3795	1659	1784088793236	1373468296
3796	1568	1784088793237	2970719368
3797	1744	1784088793238	3367168334
3798	1640	1784088793239	3816345135
3799	1770	1784088793239	3651248335
38	1549	1784088786206	2314482173
380	1500	1784088786475	234767356
3800	1673	1784088793240	3253914721
3801	1519	1784088793240	4148475187
3802	1505	1784088793240	3770933355
3803	1511	1784088793241	3461802554
3804	1497	1784088793241	2717499403
3805	1464	1784088793242	3964615994
3806	1455	1784088793242	1323135683
3807	1622	1784088793243	4042849394
3808	1622	1784088793243	2897304064
3809	1622	1784088793244	3752451555
381	1550	1784088786477	795440017
3810	1622	1784088793244	2583760479
3811	1601	1784088793245	440615487
3812	1601	1784088793245	2866568897
3813	1601	1784088793245	93873910
3814	1601	1784088793246	1703186455
3815	1622	1784088793246	742422001
3816	1622	1784088793246	2239544532
3817	1622	1784088793247	3952588471
3818	1622	1784088793247	4091663301
3819	1615	1784088793248	1983996080
382	1460	1784088786477	2183660843
3820	1615	1784088793248	1299487990
3821	1615	1784088793248	1950513703
3822	1615	1784088793249	3224660167
3823	1547	1784088793249	2579489009
3824	1547	1784088793250	3341096281
3825	1547	1784088793250	1524131095
3826	1547	1784088793250	1625925676
3827	1670	1784088793251	1721086635
3828	1670	1784088793253	1669535333
3829	1670	1784088793253	540344894
383	1587	1784088786478	1776418890
3830	1670	1784088793254	2120265019
3831	1658	1784088793254	688643660
3832	1658	1784088793255	1318722356
3833	1658	1784088793255	1813338140
3834	1658	1784088793256	2176422340
3835	1667	1784088793256	2897430017
3836	1667	1784088793257	2611101814
3837	1667	1784088793257	1065500772
3838	1667	1784088793258	2471696937
3839	1644	1784088793258	2354738516
384	1500	1784088786478	1469832998
3840	1750	1784088793259	1880100898
3841	1644	1784088793260	3180685801
3842	1735	1784088793260	1488951041
3843	1646	1784088793261	1990428757
3844	1814	1784088793261	3365326461
3845	1607	1784088793262	218040809
3846	1608	1784088793262	217292220
3847	1651	1784088793262	3224923594
3848	1596	1784088793263	317040681
3849	1512	1784088793263	3818576207
385	1604	1784088786479	2695722792
3850	1593	1784088793264	2122712872
3851	1542	1784088793264	484298145
3852	1655	1784088793264	849652244
3853	1748	1784088793265	3286168583
3854	1657	1784088793265	3953460720
3855	1733	1784088793266	1079962695
3856	1641	1784088793266	605319101
3857	1733	1784088793267	1830831298
3858	1641	1784088793267	3441940136
3859	1733	1784088793268	2772882835
386	1497	1784088786480	4225435375
3860	1641	1784088793268	2872421521
3861	1733	1784088793269	2077570014
3862	1641	1784088793269	1156156039
3863	1733	1784088793270	1437241310
3864	1641	1784088793270	835912756
3865	1733	1784088793270	688875925
3866	1641	1784088793271	3909700783
3867	1748	1784088793271	3551307042
3868	1657	1784088793272	331753908
3869	1550	1784088793272	4290712631
387	1561	1784088786480	1956122005
3870	1550	1784088793272	2116104003
3871	1550	1784088793273	2306725374
3872	1550	1784088793273	2813002817
3873	1550	1784088793274	1713445952
3874	1550	1784088793274	2365680570
3875	1550	1784088793274	3894320449
3876	1550	1784088793275	4020135966
3877	1550	1784088793275	2126973771
3878	1550	1784088793276	4105136303
3879	1550	1784088793276	1282990883
388	1457	1784088786481	1629867347
3880	1550	1784088793277	3087493374
3881	1457	1784088793278	628037404
3882	1457	1784088793278	4095267018
3883	1457	1784088793279	1949899548
3884	1457	1784088793279	2310399958
3885	1457	1784088793279	3833275093
3886	1457	1784088793280	660009916
3887	1457	1784088793280	2769804933
3888	1457	1784088793281	2903414635
3889	1457	1784088793281	1868485881
389	1619	1784088786481	1308764911
3890	1457	1784088793282	489954618
3891	1457	1784088793282	3106284397
3892	1457	1784088793283	3107869184
3893	1467	1784088793283	2915723920
3894	1589	1784088793284	430579335
3895	1588	1784088793284	1134780887
3896	1606	1784088793285	262236184
3897	1504	1784088793285	201482246
3898	1507	1784088793286	554866119
3899	1762	1784088793286	770650392
39	1831	1784088786207	3303484614
390	1504	1784088786482	4095608547
3900	1456	1784088793286	72334707
3901	1593	1784088793287	27447289
3902	1464	1784088793287	388459774
3903	1456	1784088793288	1082969499
3904	1470	1784088793288	2759391081
3905	1542	1784088793288	160418029
3906	1470	1784088793289	3483324995
3907	1542	1784088793289	4082234346
3908	1470	1784088793290	242300504
3909	1542	1784088793290	2060998716
391	1611	1784088786482	2765787204
3910	1470	1784088793290	1111633069
3911	1542	1784088793291	1745722734
3912	1470	1784088793291	737136612
3913	1542	1784088793292	2463344233
3914	1470	1784088793292	2434394687
3915	1542	1784088793293	1187048737
3916	1470	1784088793293	4172548470
3917	1542	1784088793294	3156137510
3918	1470	1784088793294	917356100
3919	1542	1784088793294	899120624
392	1501	1784088786483	1408428057
3920	1470	1784088793295	427132817
3921	1542	1784088793295	3118265146
3922	1470	1784088793296	1360048057
3923	1542	1784088793296	1124255805
3924	1470	1784088793297	3920415745
3925	1542	1784088793297	2534507381
3926	1470	1784088793297	2185980203
3927	1542	1784088793298	1842329714
3928	1470	1784088793298	1134890288
3929	1542	1784088793299	3829797796
393	1568	1784088786484	2305926390
3930	1470	1784088793300	261494725
3931	1542	1784088793300	4136883958
3932	1470	1784088793301	1715205260
3933	1542	1784088793301	206433777
3934	1470	1784088793301	3704475991
3935	1542	1784088793302	3630081721
3936	1470	1784088793302	3042980382
3937	1542	1784088793303	578854334
3938	1470	1784088793303	2071561516
3939	1542	1784088793304	2869507688
394	1461	1784088786484	1555067871
3940	1470	1784088793304	2664067059
3941	1542	1784088793305	3238996435
3942	1470	1784088793305	2484217956
3943	1542	1784088793306	1003557588
3944	1470	1784088793306	749620188
3945	1542	1784088793306	4022491548
3946	1470	1784088793307	1196027638
3947	1542	1784088793307	354181787
3948	1470	1784088793308	2259127021
3949	1542	1784088793308	2627062093
395	1518	1784088786485	1049504621
3950	1470	1784088793309	3398733848
3951	1542	1784088793309	2386562079
3952	1470	1784088793310	3843067944
3953	1542	1784088793310	1956525848
3954	1470	1784088793311	1608955379
3955	1542	1784088793311	2693626960
3956	1470	1784088793311	910907066
3957	1542	1784088793311	1515407191
3958	1470	1784088793312	4051433476
3959	1542	1784088793312	3554339969
396	1505	1784088786486	3417113289
3960	1470	1784088793313	3735273937
3961	1542	1784088793313	1603363403
3962	1470	1784088793314	3041158395
3963	1542	1784088793314	2773440844
3964	1470	1784088793316	234358595
3965	1542	1784088793316	1901859332
3966	1470	1784088793317	1805793059
3967	1542	1784088793317	2340563203
3968	1470	1784088793318	2857128760
3969	1542	1784088793318	34308821
397	1620	1784088786486	1414593671
3970	1470	1784088793319	3244902409
3971	1542	1784088793319	283002759
3972	1470	1784088793319	2831461184
3973	1542	1784088793320	3925900416
3974	1470	1784088793320	305303195
3975	1542	1784088793321	1041446856
3976	1470	1784088793321	2074045906
3977	1542	1784088793321	3301772495
3978	1470	1784088793321	3165635436
3979	1542	1784088793322	1296344857
398	1502	1784088786487	2989304139
3980	1470	1784088793323	381323750
3981	1542	1784088793323	816356353
3982	1470	1784088793324	2103258316
3983	1542	1784088793324	3396773638
3984	1470	1784088793324	3319877492
3985	1542	1784088793326	509996110
3986	1470	1784088793326	2746973972
3987	1542	1784088793327	3837515593
3988	1470	1784088793327	1649744655
3989	1542	1784088793328	1832025247
399	1577	1784088786487	1406608427
3990	1470	1784088793328	1271754625
3991	1542	1784088793328	2145892813
3992	1470	1784088793329	576752840
3993	1542	1784088793329	2235138762
3994	1470	1784088793330	2560010515
3995	1542	1784088793330	1361758594
3996	1470	1784088793331	4047194714
3997	1542	1784088793331	2884956805
3998	1470	1784088793331	906749156
3999	1542	1784088793332	578640211
4	1529	1784088786168	190803227
40	1825	1784088786208	2552037720
400	1462	1784088786489	2985049068
4000	1545	1784088793332	1176613829
4001	1669	1784088793332	735992075
4002	1548	1784088793333	3327432667
4003	1456	1784088793333	3284223557
4004	1511	1784088793334	2776705117
4005	1595	1784088793334	4012073362
4006	1522	1784088793335	3929733002
4007	1604	1784088793335	2146044615
4008	1511	1784088793335	4051607995
4009	1468	1784088793337	2923146574
401	1510	1784088786489	1933359943
4010	1511	1784088793338	1217196091
4011	1456	1784088793338	3604475102
4012	1510	1784088793338	2737545991
4013	1456	1784088793339	411389521
4014	1464	1784088793339	3180813871
4015	1456	1784088793340	2432937857
4016	1550	1784088793340	2633194705
4017	1456	1784088793340	1599147278
4018	1513	1784088793341	192540476
4019	1456	1784088793341	1501522528
402	1496	1784088786490	2730185373
4020	1465	1784088793342	545843573
4021	1518	1784088793342	4119340770
4022	1467	1784088793342	2948910016
4023	1470	1784088793343	3846712067
4024	1591	1784088793343	4236862703
4025	1591	1784088793344	3228221163
4026	1584	1784088793344	3960916870
4027	1584	1784088793345	2643130585
4028	1588	1784088793345	137384545
4029	1594	1784088793345	3392742099
403	1515	1784088786491	2358952910
4030	1595	1784088793346	804126932
4031	1586	1784088793346	3286703337
4032	1455	1784088793347	3240964737
4033	1519	1784088793348	319303265
4034	1468	1784088793348	2360766677
4035	1529	1784088793349	2362060101
4036	1542	1784088793349	2868105763
4037	1533	1784088793349	1914083346
4038	1521	1784088793350	664253969
4039	1531	1784088793350	512352360
404	1504	1784088786491	1872585349
4040	1519	1784088793351	2709801545
4041	1647	1784088793351	3819000691
4042	1642	1784088793352	727805646
4043	1470	1784088793352	2201644561
4044	1452	1784088793353	1839041622
4045	1556	1784088793353	300645457
4046	1464	1784088793354	1685386648
4047	1562	1784088793354	3807726493
4048	1461	1784088793355	371509594
4049	1556	1784088793355	2301834189
405	1465	1784088786492	1253718818
4050	1456	1784088793356	2037625231
4051	1467	1784088793356	400777195
4052	1455	1784088793356	4001810314
4053	1476	1784088793357	1027197414
4054	1457	1784088793357	1579261519
4055	1622	1784088793358	1541268247
4056	1464	1784088793358	4252136632
4057	1459	1784088793359	3905790786
4058	1462	1784088793359	346169602
4059	1469	1784088793360	149556109
406	1453	1784088786493	2486394086
4060	1463	1784088793360	4081567142
4061	1460	1784088793361	4119196709
4062	1464	1784088793361	1426969447
4063	1469	1784088793361	27377376
4064	1463	1784088793363	653541740
4065	1460	1784088793363	1549207607
4066	1468	1784088793364	129051018
4067	1514	1784088793364	3447727284
4068	1761	1784088793365	109714662
4069	1716	1784088793365	3332927513
407	1508	1784088786493	1085696396
4070	1711	1784088793366	2755169847
4071	1711	1784088793366	1606434555
4072	1721	1784088793367	3865547515
4073	1480	1784088793367	2514554595
4074	1462	1784088793368	2377628876
4075	1518	1784088793368	3832525241
4076	1545	1784088793369	4219477592
4077	1514	1784088793369	2972823658
4078	1592	1784088793369	1471588717
4079	1511	1784088793370	2609077141
408	1497	1784088786494	3698156097
4080	1460	1784088793370	2765247351
4081	1646	1784088793371	2592097809
4082	1504	1784088793371	43160080
4083	1504	1784088793372	2693570430
4084	1646	1784088793372	2119371777
4085	1507	1784088793373	107421890
4086	1779	1784088793373	1460693606
4087	1744	1784088793373	3128352002
4088	1726	1784088793374	1462696472
4089	1667	1784088793374	3890177874
409	1466	1784088786494	794774394
4090	1630	1784088793375	1290661756
4091	1659	1784088793375	2082595497
4092	1639	1784088793375	2991655045
4093	1660	1784088793376	1002908810
4094	1641	1784088793376	3727595322
4095	1603	1784088793377	3177237740
4096	1591	1784088793378	2116741591
4097	1625	1784088793378	3127900626
4098	1604	1784088793379	333562886
4099	1807	1784088793379	995618951
41	1715	1784088786209	3066048766
410	1458	1784088786495	2052637082
4100	1630	1784088793380	2014273111
4101	1781	1784088793380	2459832727
4102	1639	1784088793381	1129034171
4103	1777	1784088793381	945739773
4104	1641	1784088793381	594295903
4105	1705	1784088793382	1581909862
4106	1591	1784088793382	2380942620
4107	1707	1784088793383	1393156542
4108	1604	1784088793383	3840343697
4109	1811	1784088793384	1706197756
411	1517	1784088786495	595688031
4110	1630	1784088793384	3257295792
4111	1784	1784088793384	3375807617
4112	1639	1784088793385	760186567
4113	1780	1784088793385	2907683943
4114	1641	1784088793386	932773821
4115	1708	1784088793386	1795639437
4116	1591	1784088793386	2910612695
4117	1709	1784088793387	965504863
4118	1604	1784088793387	4169425372
4119	1681	1784088793388	708053319
412	1503	1784088786496	3412268823
4120	1582	1784088793388	2287771004
4121	1677	1784088793388	789777723
4122	1580	1784088793389	724039567
4123	1641	1784088793389	1428138961
4124	1624	1784088793390	2911568248
4125	1721	1784088793390	919480169
4126	1625	1784088793391	157756445
4127	1728	1784088793391	3994332079
4128	1628	1784088793391	4070174575
4129	1731	1784088793391	3952881106
413	1519	1784088786496	3767490881
4130	1631	1784088793392	3213842711
4131	1733	1784088793393	2829506464
4132	1630	1784088793394	480317217
4133	1473	1784088793394	2224128507
4134	1473	1784088793394	1443761660
4135	1471	1784088793396	3910474254
4136	1474	1784088793396	2282196391
4137	1470	1784088793396	867870703
4138	1469	1784088793397	1636408650
4139	1467	1784088793397	2452836884
414	1505	1784088786496	2644047697
4140	1479	1784088793398	1125833608
4141	1471	1784088793398	3096486170
4142	1460	1784088793399	1247935969
4143	1469	1784088793399	4240569732
4144	1481	1784088793400	664209629
4145	1460	1784088793400	1755063951
4146	1473	1784088793401	2211623696
4147	1474	1784088793401	1536357844
4148	1467	1784088793401	2818354051
4149	1465	1784088793402	3641326789
415	1506	1784088786497	3580725616
4150	1467	1784088793402	3086436599
4151	1647	1784088793403	271896513
4152	1626	1784088793403	2501018379
4153	1674	1784088793404	657096960
4154	1652	1784088793404	2423597385
4155	1696	1784088793404	3353094506
4156	1687	1784088793405	2116803381
4157	1672	1784088793406	1408780650
4158	1690	1784088793406	4146967510
4159	1475	1784088793407	779719255
416	1592	1784088786498	2088711900
4160	1871	1784088793407	1674806605
4161	1540	1784088793408	2548232433
4162	1522	1784088793408	559330952
4163	1505	1784088793409	2997989386
4164	1672	1784088793409	287466794
4165	1548	1784088793410	3980470772
4166	1680	1784088793410	2437531428
4167	1561	1784088793410	2042229086
4168	1546	1784088793411	961179835
4169	1532	1784088793411	1888931509
417	1598	1784088786498	1562506941
4170	1749	1784088793411	1201886144
4171	1729	1784088793412	138957785
4172	1552	1784088793413	3028946729
4173	1552	1784088793413	1099259209
4174	1552	1784088793413	1691755127
4175	1552	1784088793414	2446946327
4176	1457	1784088793415	258211185
4177	1554	1784088793416	168489337
4178	1471	1784088793416	996291434
4179	1460	1784088793417	3311667398
418	1507	1784088786499	1247332382
4180	1473	1784088793417	3469327315
4181	1467	1784088793418	3745906929
4182	1574	1784088793418	1415394088
4183	1508	1784088793419	3948443431
4184	1607	1784088793419	2961923912
4185	1591	1784088793420	795851478
4186	1506	1784088793420	1574126656
4187	1513	1784088793421	627461493
4188	1510	1784088793421	3028916960
4189	1509	1784088793421	1310891054
419	1513	1784088786499	1262024185
4190	1505	1784088793421	1976857116
4191	1513	1784088793423	2889213197
4192	1513	1784088793423	1605581000
4193	1516	1784088793424	2108459052
4194	1501	1784088793425	4096600705
4195	1500	1784088793425	1165444329
4196	1502	1784088793425	1610444855
4197	1510	1784088793426	532578463
4198	1511	1784088793426	1647606364
4199	1508	1784088793426	1116462649
42	1819	1784088786210	2609460244
420	1504	1784088786500	140506951
4200	1515	1784088793427	1772899768
4201	1506	1784088793427	191632787
4202	1511	1784088793427	2622378659
4203	1631	1784088793428	1512630379
4204	1589	1784088793428	2105576561
4205	1549	1784088793429	2134523201
4206	1469	1784088793429	3869727640
4207	1589	1784088793430	1716929274
4208	1504	1784088793430	3263595842
4209	1551	1784088793431	2888811069
421	1519	1784088786500	3632851907
4210	1458	1784088793433	539185023
4211	1459	1784088793433	231129281
4212	1685	1784088793434	3612927057
4213	1673	1784088793434	2460597770
4214	1669	1784088793434	503295712
4215	1668	1784088793435	2271972912
4216	1668	1784088793435	2105777608
4217	1668	1784088793436	3194046114
4218	1668	1784088793436	1565885920
4219	1668	1784088793436	1103836036
422	1513	1784088786501	4079089735
4220	1668	1784088793437	3754545900
4221	1668	1784088793437	3813856730
4222	1668	1784088793437	3546020446
4223	1667	1784088793438	2672527588
4224	1735	1784088793438	910349832
4225	1719	1784088793439	2663786034
4226	1719	1784088793439	1015885910
4227	1719	1784088793440	3441561967
4228	1719	1784088793441	3564875905
4229	1719	1784088793441	1206396206
423	1500	1784088786501	1796730250
4230	1719	1784088793441	1312464137
4231	1719	1784088793441	2371689239
4232	1719	1784088793443	2677672709
4233	1719	1784088793444	2924299509
4234	1718	1784088793445	114189871
4235	1713	1784088793445	2727882494
4236	1697	1784088793446	329868276
4237	1469	1784088793446	3108856243
4238	1510	1784088793447	265232201
4239	1467	1784088793447	4041344174
424	1518	1784088786502	1532593501
4240	1467	1784088793447	3011295085
4241	1471	1784088793448	2626557496
4242	1563	1784088793448	2333768641
4243	1563	1784088793449	2127640450
4244	1463	1784088793450	573217624
4245	1549	1784088793450	2128399455
4246	1549	1784088793450	1789798012
4247	1594	1784088793451	3979870620
4248	1517	1784088793451	2780424231
4249	1666	1784088793452	828680108
425	1506	1784088786502	3364580896
4250	1624	1784088793452	3686409250
4251	1521	1784088793453	2258030114
4252	1510	1784088793453	3808807488
4253	1519	1784088793454	3339115070
4254	1520	1784088793454	1707384310
4255	1546	1784088793454	631497735
4256	1546	1784088793455	1153222353
4257	1546	1784088793456	3533251932
4258	1546	1784088793456	3119887830
4259	1546	1784088793457	802182747
426	1764	1784088786503	3535738864
4260	1546	1784088793457	4043806605
4261	1546	1784088793458	1468697702
4262	1546	1784088793458	1630021343
4263	1546	1784088793458	2286733672
4264	1546	1784088793459	3696717641
4265	1546	1784088793459	1249021124
4266	1546	1784088793460	728608274
4267	1546	1784088793460	3175632287
4268	1546	1784088793461	2203771472
4269	1546	1784088793461	360645085
427	1677	1784088786504	1147515418
4270	1546	1784088793462	2060202432
4271	1546	1784088793462	3974746701
4272	1591	1784088793463	325881798
4273	1507	1784088793463	4068620267
4274	1505	1784088793464	2844947945
4275	1505	1784088793464	2747642977
4276	1505	1784088793465	3174954745
4277	1513	1784088793465	1607485967
4278	1656	1784088793465	2252106798
4279	1455	1784088793466	591699050
428	1764	1784088786505	3271422593
4280	1542	1784088793466	1183930017
4281	1455	1784088793467	3168442641
4282	1542	1784088793467	3159322022
4283	1598	1784088793468	1302232411
4284	1591	1784088793468	2472415908
4285	1592	1784088793469	2535136672
4286	1606	1784088793469	3209885215
4287	1622	1784088793469	2751249127
4288	1514	1784088793470	913518796
4289	1632	1784088793470	3869048490
429	1677	1784088786505	3037689268
4290	1517	1784088793471	2355158827
4291	1615	1784088793471	4097599758
4292	1521	1784088793472	3446540226
4293	1626	1784088793472	731606764
4294	1518	1784088793472	1509054977
4295	1560	1784088793473	1119898302
4296	1542	1784088793473	3721213989
4297	1558	1784088793474	2554502551
4298	1730	1784088793475	3586722619
4299	1543	1784088793475	3422909998
43	1820	1784088786213	230384841
430	1697	1784088786506	2344479890
4300	1633	1784088793476	255475199
4301	1542	1784088793476	2723918312
4302	1706	1784088793476	2102616489
4303	1566	1784088793477	1220530900
4304	1714	1784088793477	2185686163
4305	1555	1784088793478	3881012343
4306	1527	1784088793478	1781028203
4307	1518	1784088793478	2220421017
4308	1662	1784088793479	1587762106
4309	1544	1784088793479	421997905
431	1516	1784088786506	481411527
4310	1640	1784088793480	27692058
4311	1543	1784088793480	2723077640
4312	1542	1784088793481	1987554679
4313	1551	1784088793481	29540526
4314	1458	1784088793481	3206456987
4315	1656	1784088793482	1559646104
4316	1540	1784088793482	2589573667
4317	1656	1784088793483	1108883380
4318	1540	1784088793483	4068437136
4319	1656	1784088793483	2354252508
432	1507	1784088786507	2806922775
4320	1540	1784088793484	2978450886
4321	1656	1784088793484	3054083395
4322	1540	1784088793485	808387799
4323	1656	1784088793485	1053037647
4324	1540	1784088793485	3797085498
4325	1659	1784088793486	2679456620
4326	1540	1784088793486	3594085663
4327	1659	1784088793486	1219437407
4328	1540	1784088793488	2648193185
4329	1659	1784088793488	220081033
433	1510	1784088786507	1003676445
4330	1540	1784088793489	3832636618
4331	1659	1784088793490	3420780655
4332	1540	1784088793490	1221258276
4333	1661	1784088793490	2707336472
4334	1541	1784088793491	977865457
4335	1656	1784088793491	2615783836
4336	1541	1784088793492	1105263203
4337	1656	1784088793492	2724577139
4338	1541	1784088793493	4138721463
4339	1656	1784088793493	2064588473
434	1603	1784088786508	3912627647
4340	1541	1784088793494	594651826
4341	1656	1784088793494	2740987172
4342	1541	1784088793494	1550483913
4343	1656	1784088793495	4150642209
4344	1541	1784088793495	974779626
4345	1659	1784088793496	148314580
4346	1541	1784088793496	1652029301
4347	1659	1784088793496	1031398804
4348	1541	1784088793497	4143914668
4349	1659	1784088793497	1432402865
435	1510	1784088786508	2798042843
4350	1541	1784088793498	476432066
4351	1659	1784088793498	2414234264
4352	1541	1784088793499	3705390486
4353	1659	1784088793499	2956588344
4354	1541	1784088793500	1953274472
4355	1658	1784088793500	1071785720
4356	1541	1784088793501	264596218
4357	1658	1784088793501	1761898874
4358	1541	1784088793501	3096080430
4359	1658	1784088793501	3713234216
436	1609	1784088786509	3748920371
4360	1541	1784088793501	1134119524
4361	1658	1784088793697	65163730
4362	1541	1784088793698	2922662095
4363	1658	1784088793698	4144256447
4364	1541	1784088793699	3360112108
4365	1682	1784088793699	521861797
4366	1541	1784088793699	2418622067
4367	1661	1784088793700	3241220406
4368	1541	1784088793701	77715370
4369	1661	1784088793701	4142094494
437	1517	1784088786509	1779484779
4370	1541	1784088793702	3996848068
4371	1661	1784088793702	2868009676
4372	1541	1784088793703	780471440
4373	1661	1784088793703	1517195469
4374	1541	1784088793704	4171294752
4375	1658	1784088793704	3142752151
4376	1541	1784088793705	2198411442
4377	1658	1784088793705	3988045845
4378	1541	1784088793706	877003366
4379	1658	1784088793706	3005110234
438	1604	1784088786510	4166965914
4380	1541	1784088793707	3154290941
4381	1658	1784088793707	2296659296
4382	1541	1784088793708	1023727207
4383	1658	1784088793708	2080520461
4384	1541	1784088793708	1534567236
4385	1661	1784088793709	171952888
4386	1541	1784088793709	52011227
4387	1661	1784088793710	975191359
4388	1541	1784088793710	2542881026
4389	1661	1784088793711	233995415
439	1514	1784088786511	852775928
4390	1541	1784088793711	2097910124
4391	1661	1784088793711	1373863621
4392	1541	1784088793711	3182793272
4393	1661	1784088793713	2173093078
4394	1541	1784088793713	3894917978
4395	1655	1784088793714	4206644564
4396	1541	1784088793714	2475576264
4397	1655	1784088793715	3714176066
4398	1541	1784088793715	616648988
4399	1655	1784088793715	347498706
44	1817	1784088786214	847113273
440	1625	1784088786511	1137476664
4400	1541	1784088793716	1326075882
4401	1655	1784088793716	4258227259
4402	1541	1784088793717	1786003780
4403	1655	1784088793717	2846643256
4404	1541	1784088793718	201798759
4405	1658	1784088793718	3871553986
4406	1541	1784088793718	1416181752
4407	1658	1784088793719	1876997640
4408	1541	1784088793719	3236027937
4409	1658	1784088793720	1801814030
441	1515	1784088786511	404588841
4410	1541	1784088793720	712705615
4411	1658	1784088793720	3784569403
4412	1541	1784088793721	3938780443
4413	1658	1784088793721	3968985495
4414	1541	1784088793722	1021370795
4415	1597	1784088793723	552815624
4416	1512	1784088793723	987675929
4417	1613	1784088793724	1816776224
4418	1508	1784088793724	2972758533
4419	1613	1784088793724	3809796384
442	1614	1784088786512	461870713
4420	1508	1784088793725	1657937769
4421	1613	1784088793726	1524355393
4422	1508	1784088793726	3340780128
4423	1613	1784088793726	1518056071
4424	1508	1784088793727	3940107282
4425	1619	1784088793727	3923851513
4426	1514	1784088793727	2771787826
4427	1592	1784088793728	2385098402
4428	1621	1784088793728	1689845984
4429	1517	1784088793729	83373003
443	1502	1784088786512	569708803
4430	1513	1784088793729	119777687
4431	1600	1784088793730	1298259299
4432	1508	1784088793730	661083135
4433	1527	1784088793730	2053569938
4434	1529	1784088793731	1711778731
4435	1696	1784088793731	916678944
4436	1632	1784088793731	3494373371
4437	1520	1784088793733	735049039
4438	1526	1784088793733	300566042
4439	1522	1784088793733	759915945
444	1611	1784088786513	2646169639
4440	1623	1784088793734	478936621
4441	1515	1784088793734	1023203671
4442	1512	1784088793735	751283994
4443	1514	1784088793735	559823923
4444	1601	1784088793735	2659348112
4445	1643	1784088793736	312050540
4446	1526	1784088793736	853159173
4447	1627	1784088793737	2738528798
4448	1459	1784088793737	2226206356
4449	1542	1784088793739	2748650568
445	1501	1784088786513	451939200
4450	1460	1784088793739	243608181
4451	1542	1784088793739	2969620762
4452	1460	1784088793740	1163821388
4453	1542	1784088793740	1272900125
4454	1460	1784088793741	517294830
4455	1542	1784088793741	2681053525
4456	1607	1784088793741	4221384866
4457	1510	1784088793743	1643629983
4458	1608	1784088793743	2198727339
4459	1505	1784088793743	1875009586
446	1576	1784088786514	330472051
4460	1612	1784088793744	2564802194
4461	1509	1784088793744	2054089632
4462	1564	1784088793745	823877927
4463	1464	1784088793745	3321129139
4464	1564	1784088793746	2844185140
4465	1461	1784088793746	3101572265
4466	1564	1784088793747	3827160224
4467	1461	1784088793747	2108662211
4468	1564	1784088793748	750344392
4469	1461	1784088793748	1248360726
447	1597	1784088786515	4178843937
4470	1564	1784088793748	3562768824
4471	1461	1784088793749	2795174986
4472	1564	1784088793749	3548502550
4473	1461	1784088793749	1676370208
4474	1564	1784088793751	1768820296
4475	1461	1784088793751	4144546015
4476	1564	1784088793752	245337985
4477	1461	1784088793752	846814645
4478	1564	1784088793752	3077293330
4479	1461	1784088793752	3604476301
448	1504	1784088786516	1224234315
4480	1564	1784088793752	312459246
4481	1461	1784088793754	940873449
4482	1564	1784088793755	3364895396
4483	1461	1784088793755	4251257731
4484	1517	1784088793756	534150346
4485	1510	1784088793756	3171145924
4486	1519	1784088793757	1876477218
4487	1514	1784088793757	756196848
4488	1517	1784088793758	3013525253
4489	1513	1784088793758	3201874288
449	1600	1784088786516	1479077899
4490	1502	1784088793758	3832839628
4491	1458	1784088793759	1872710579
4492	1514	1784088793761	294109488
4493	1458	1784088793761	3948725153
4494	1498	1784088793762	168100480
4495	1455	1784088793762	3548118663
4496	1467	1784088793763	983293038
4497	1458	1784088793763	967497156
4498	1509	1784088793764	2713646079
4499	1495	1784088793765	160311451
45	1794	1784088786216	2972295814
450	1507	1784088786517	778220502
4500	1464	1784088793765	1974962145
4501	1464	1784088793765	4233222333
4502	1642	1784088793766	783531360
4503	1766	1784088793766	2624642651
4504	1750	1784088793767	2588298414
4505	1744	1784088793767	1339474035
4506	1747	1784088793768	123561993
4507	1755	1784088793768	1434044005
4508	1753	1784088793768	540955038
4509	1745	1784088793769	1318105426
451	1597	1784088786517	2572856877
4510	1732	1784088793769	1410539943
4511	1729	1784088793770	857830614
4512	1742	1784088793770	2537496028
4513	1656	1784088793771	2426136135
4514	1706	1784088793771	3639228188
4515	1653	1784088793771	2056815790
4516	1700	1784088793772	3066984734
4517	1537	1784088793772	2454140848
4518	1524	1784088793773	3216160882
4519	1472	1784088793773	620254385
452	1504	1784088786517	298194068
4520	1480	1784088793774	1505174630
4521	1476	1784088793774	1864084972
4522	1559	1784088793774	2655580164
4523	1546	1784088793776	1455641558
4524	1518	1784088793776	3686957585
4525	1557	1784088793777	3572707097
4526	1546	1784088793777	2380622431
4527	1562	1784088793777	2181216133
4528	1551	1784088793778	1910062572
4529	1564	1784088793778	282501154
453	1589	1784088786518	4023435718
4530	1551	1784088793778	51480508
4531	1524	1784088793780	3422097199
4532	1630	1784088793780	3084402080
4533	1535	1784088793780	2680525356
4534	1605	1784088793781	3834683105
4535	1558	1784088793781	4199864453
4536	1550	1784088793782	851107018
4537	1560	1784088793782	1147534100
4538	1550	1784088793782	1343674222
4539	1519	1784088793783	506386767
454	1496	1784088786518	3952989313
4540	1517	1784088793783	3682788516
4541	1509	1784088793784	4135092865
4542	1513	1784088793784	345027788
4543	1504	1784088793785	4111196700
4544	1513	1784088793785	3341542033
4545	1509	1784088793786	1327727148
4546	1559	1784088793786	205431145
4547	1555	1784088793786	1503809284
4548	1561	1784088793787	3098820927
4549	1555	1784088793787	1259510455
455	1509	1784088786519	2609179990
4550	1520	1784088793788	1212890696
4551	1718	1784088793788	1202907565
4552	1700	1784088793788	2498155026
4553	1457	1784088793789	2657479597
4554	1457	1784088793789	3412318897
4555	1457	1784088793790	406831000
4556	1457	1784088793790	3064600226
4557	1458	1784088793790	2325263696
4558	1552	1784088793791	2777732604
4559	1557	1784088793791	3250369618
456	1517	1784088786519	1802633691
4560	1551	1784088793791	860101941
4561	1554	1784088793791	1516968944
4562	1549	1784088793792	4232536615
4563	1553	1784088793792	4192158935
4564	1552	1784088793793	1927273489
4565	1523	1784088793793	3312203864
4566	1734	1784088793794	1993190976
4567	1589	1784088793794	3933801353
4568	1598	1784088793795	1414296213
4569	1503	1784088793795	1499369940
457	1517	1784088786520	513631575
4570	1503	1784088793796	31682483
4571	1503	1784088793796	1957724624
4572	1513	1784088793796	498241319
4573	1505	1784088793797	1254621813
4574	1513	1784088793797	716848839
4575	1513	1784088793798	623321886
4576	1524	1784088793798	3869231913
4577	1519	1784088793798	2510543366
4578	1507	1784088793800	1016108774
4579	1587	1784088793801	3675588813
458	1517	1784088786520	1954065739
4580	1842	1784088793801	1786822604
4581	1729	1784088793801	3591552186
4582	1854	1784088793803	2905658050
4583	1733	1784088793803	413835171
4584	1853	1784088793804	3193449488
4585	1742	1784088793804	522582169
4586	1727	1784088793804	343831605
4587	1787	1784088793804	62159161
4588	1765	1784088793805	229194390
4589	1502	1784088793805	2753225579
459	1517	1784088786521	2161031926
4590	1606	1784088793806	3375867250
4591	1473	1784088793807	13488919
4592	1456	1784088793808	785741911
4593	1462	1784088793808	1994774719
4594	1456	1784088793809	2807273863
4595	1478	1784088793809	2714101995
4596	1456	1784088793809	1761688328
4597	1584	1784088793810	4064689398
4598	1584	1784088793810	138820281
4599	1531	1784088793811	912651067
46	1710	1784088786221	680314838
460	1517	1784088786521	3088155788
4600	1637	1784088793811	2657503547
4601	1560	1784088793811	3384227988
4602	1518	1784088793813	2840557124
4603	1586	1784088793813	2884634256
4604	1592	1784088793813	2802603464
4605	1471	1784088793814	671172115
4606	1504	1784088793814	797716653
4607	1521	1784088793815	2740580118
4608	1594	1784088793815	1859979294
4609	1503	1784088793816	1742884963
461	1517	1784088786522	1286050609
4610	1469	1784088793816	49619525
4611	1535	1784088793817	1131169931
4612	1540	1784088793818	3876581035
4613	1522	1784088793818	4194421086
4614	1515	1784088793819	2129414973
4615	1659	1784088793819	838957576
4616	1639	1784088793820	3346426403
4617	1602	1784088793820	4057886142
4618	1505	1784088793821	3904338505
4619	1598	1784088793821	3550248417
462	1517	1784088786523	2316086711
4620	1633	1784088793821	1034162292
4621	1517	1784088793821	3087524331
4622	1600	1784088793823	2572748105
4623	1519	1784088793823	2486959820
4624	1507	1784088793824	2827684515
4625	1573	1784088793824	422238071
4626	1542	1784088793824	1007845097
4627	1623	1784088793825	1085636777
4628	1507	1784088793825	1838408822
4629	1457	1784088793826	1359814765
463	1517	1784088786523	2126166538
4630	1457	1784088793826	3966154560
4631	1457	1784088793827	1060819561
4632	1457	1784088793828	2444196691
4633	1457	1784088793828	1123229306
4634	1457	1784088793828	401944422
4635	1457	1784088793829	3299428943
4636	1457	1784088793829	1782375285
4637	1457	1784088793829	3110110812
4638	1457	1784088793830	3224404301
4639	1457	1784088793830	325903460
464	1525	1784088786524	2483777807
4640	1457	1784088793831	4164087102
4641	1457	1784088793831	728664087
4642	1457	1784088793831	2247827757
4643	1457	1784088793833	1453802500
4644	1457	1784088793834	60912920
4645	1457	1784088793834	3506245681
4646	1457	1784088793834	2120792331
4647	1457	1784088793834	2905922594
4648	1457	1784088793835	3563379507
4649	1457	1784088793835	121159194
465	1522	1784088786524	3930668402
4650	1457	1784088793836	3126012215
4651	1457	1784088793836	1762610206
4652	1457	1784088793837	3348817188
4653	1455	1784088793837	1301113381
4654	1636	1784088793838	2862477591
4655	1613	1784088793838	2559429446
4656	1592	1784088793839	4143765988
4657	1609	1784088793839	2704761827
4658	1663	1784088793840	2215117901
4659	1664	1784088793841	2723821224
466	1526	1784088786525	241994606
4660	1509	1784088793841	388635478
4661	1510	1784088793841	2886957427
4662	1509	1784088793842	1770453666
4663	1510	1784088793843	381543319
4664	1509	1784088793843	3933460670
4665	1510	1784088793843	37702394
4666	1509	1784088793844	2497657162
4667	1510	1784088793844	3096563742
4668	1598	1784088793844	2913973395
4669	1458	1784088793845	1193824729
467	1502	1784088786525	2199255723
4670	1517	1784088793845	1899165055
4671	1637	1784088793846	1381780919
4672	1635	1784088793846	86508155
4673	1636	1784088793847	1584468180
4674	1512	1784088793847	1409448927
4675	1835	1784088793848	3463264892
4676	1812	1784088793848	2192551587
4677	1518	1784088793849	2111305458
4678	1526	1784088793849	1244014985
4679	1526	1784088793850	1076593893
468	1748	1784088786526	1167937552
4680	1526	1784088793850	3712687582
4681	1526	1784088793851	771902123
4682	1505	1784088793851	1974410203
4683	1526	1784088793852	3815458777
4684	1588	1784088793852	323699480
4685	1456	1784088793853	943481554
4686	1622	1784088793853	1873519656
4687	1561	1784088793854	504308773
4688	1458	1784088793854	2976547667
4689	1595	1784088793854	3028580418
469	1502	1784088786526	111190763
4690	1458	1784088793855	3060363448
4691	1468	1784088793856	3775788046
4692	1551	1784088793856	4183221790
4693	1516	1784088793857	4107618574
4694	1522	1784088793857	2597250952
4695	1521	1784088793858	3835084503
4696	1521	1784088793858	2097626982
4697	1522	1784088793858	707546332
4698	1523	1784088793859	531784475
4699	1506	1784088793859	2493723303
47	1506	1784088786224	183516357
470	1731	1784088786527	1941407108
4700	1555	1784088793859	2454832972
4701	1557	1784088793860	2954465160
4702	1583	1784088793860	2323211027
4703	1555	1784088793860	264123076
4704	1512	1784088793861	2456423477
4705	1593	1784088793861	2123685183
4706	1542	1784088793862	806483151
4707	1621	1784088793862	1619882637
4708	1785	1784088793863	1079460544
4709	1685	1784088793864	874432204
471	1502	1784088786527	1335016567
4710	1922	1784088793864	3041638614
4711	1743	1784088793865	510607006
4712	1815	1784088793865	1927760957
4713	1693	1784088793867	2824369385
4714	1794	1784088793868	1017211357
4715	1693	1784088793868	4171419568
4716	1801	1784088793869	3593910600
4717	1673	1784088793869	2755284114
4718	1718	1784088793870	2397324477
4719	1699	1784088793870	3187187898
472	1521	1784088786528	2200786268
4720	1808	1784088793871	279628637
4721	1685	1784088793871	2360606023
4722	1797	1784088793871	3434300762
4723	1679	1784088793872	4005244979
4724	1799	1784088793872	3350554427
4725	1673	1784088793873	3365971228
4726	1878	1784088793874	3676088597
4727	1677	1784088793874	353089036
4728	1807	1784088793875	3789766542
4729	1685	1784088793875	1329546070
473	1502	1784088786528	1550969597
4730	1798	1784088793875	1661352036
4731	1680	1784088793876	3078496411
4732	1894	1784088793876	4269500445
4733	1696	1784088793876	1499320712
4734	1801	1784088793877	3698774937
4735	1628	1784088793877	3420698142
4736	1867	1784088793878	609899629
4737	1701	1784088793878	3102445106
4738	1886	1784088793879	223956664
4739	1702	1784088793880	3155978814
474	1757	1784088786529	1021584892
4740	1895	1784088793880	4231305378
4741	1584	1784088793882	3284873706
4742	1584	1784088793883	3732703564
4743	1584	1784088793883	2613808721
4744	1584	1784088793883	3843291136
4745	1795	1784088793884	1496992401
4746	1672	1784088793884	302762626
4747	1693	1784088793885	123615603
4748	1666	1784088793885	3117571716
4749	1807	1784088793885	635117291
475	1502	1784088786529	1750339939
4750	1684	1784088793886	2117216773
4751	1774	1784088793887	2716234654
4752	1678	1784088793887	1664683560
4753	1883	1784088793888	1042344498
4754	1672	1784088793889	1340600826
4755	1668	1784088793889	1279830953
4756	1650	1784088793889	1243393418
4757	1867	1784088793890	124491743
4758	1677	1784088793890	623850780
4759	1829	1784088793891	4257745107
476	1757	1784088786530	3080013302
4760	1679	1784088793891	461359883
4761	1457	1784088793892	309893428
4762	1543	1784088793893	3807370529
4763	1457	1784088793893	486757925
4764	1541	1784088793894	3635752277
4765	1455	1784088793894	714815940
4766	1541	1784088793896	2049071074
4767	1455	1784088793896	2662411188
4768	1541	1784088793897	2251610409
4769	1455	1784088793897	1327261440
477	1502	1784088786530	2075609065
4770	1563	1784088793898	3715511669
4771	1457	1784088793898	506772372
4772	1543	1784088793899	1142394795
4773	1894	1784088793899	1997788165
4774	1581	1784088793899	3240325298
4775	1581	1784088793900	3374610018
4776	1581	1784088793900	1827349455
4777	1581	1784088793900	2044182585
4778	1892	1784088793901	3374030987
4779	1579	1784088793901	4168120047
478	1757	1784088786531	2240303241
4780	1579	1784088793901	3151872505
4781	1579	1784088793903	1056264589
4782	1579	1784088793904	1287848974
4783	1877	1784088793904	4121371472
4784	1563	1784088793905	4267339086
4785	1563	1784088793905	774708597
4786	1563	1784088793905	790970475
4787	1563	1784088793906	3674368807
4788	1896	1784088793906	2275505017
4789	1582	1784088793907	3540414875
479	1502	1784088786532	2090591
4790	1582	1784088793907	2881597241
4791	1582	1784088793908	3167571408
4792	1582	1784088793908	1472779507
4793	1898	1784088793909	458739688
4794	1582	1784088793909	1482326032
4795	1582	1784088793910	3733018050
4796	1582	1784088793910	1984120258
4797	1582	1784088793911	3109506463
4798	1898	1784088793912	1436622970
4799	1582	1784088793912	2969218684
48	1614	1784088786226	4125827662
480	1745	1784088786533	3927155276
4800	1582	1784088793913	3782814379
4801	1582	1784088793913	4134914114
4802	1582	1784088793914	493900129
4803	1896	1784088793914	451633399
4804	1582	1784088793914	800241775
4805	1582	1784088793915	2842258877
4806	1582	1784088793915	28016061
4807	1582	1784088793915	1432360567
4808	1643	1784088793916	3604990336
4809	1685	1784088793916	1294102349
481	1500	1784088786534	307553383
4810	1518	1784088793917	2482186330
4811	1523	1784088793917	551346069
4812	1597	1784088793918	2819816916
4813	1503	1784088793918	1167612307
4814	1690	1784088793919	3038249262
4815	1690	1784088793919	349079837
4816	1697	1784088793919	605389014
4817	1650	1784088793920	3104394046
4818	1514	1784088793920	1145397211
4819	1588	1784088793921	3394466264
482	1728	1784088786535	2909391538
4820	1585	1784088793922	897588112
4821	1589	1784088793922	1275439747
4822	1591	1784088793923	1386666528
4823	1594	1784088793923	2654167762
4824	1589	1784088793924	2443957873
4825	1514	1784088793924	1590241740
4826	1510	1784088793925	1229750239
4827	1652	1784088793925	2963011145
4828	1631	1784088793925	1683147074
4829	1603	1784088793926	1754037288
483	1500	1784088786536	2371183680
4830	1619	1784088793927	515517496
4831	1503	1784088793927	3984396779
4832	1618	1784088793928	3688289477
4833	1503	1784088793928	2336674527
4834	1619	1784088793929	2116782146
4835	1502	1784088793929	1721320480
4836	1591	1784088793930	1055536804
4837	1642	1784088793930	942614837
4838	1601	1784088793931	1939540953
4839	1516	1784088793931	1425585176
484	1518	1784088786536	1478370125
4840	1612	1784088793932	1930306783
4841	1518	1784088793932	1037268841
4842	1608	1784088793932	258271585
4843	1512	1784088793933	335309537
4844	1608	1784088793933	2245734091
4845	1512	1784088793934	852554648
4846	1608	1784088793935	2184962659
4847	1512	1784088793935	2737915698
4848	1607	1784088793936	1755294405
4849	1511	1784088793936	2425388748
485	1500	1784088786537	4146520680
4850	1537	1784088793938	1003920849
4851	1524	1784088793938	3145649919
4852	1546	1784088793939	2109067114
4853	1546	1784088793939	3952094439
4854	1546	1784088793939	3213593286
4855	1546	1784088793940	699296075
4856	1813	1784088793940	3655390203
4857	1771	1784088793941	3130343509
4858	1771	1784088793941	1842156827
4859	1771	1784088793942	170934104
486	1754	1784088786537	772039933
4860	1586	1784088793943	1847666680
4861	1568	1784088793943	3536346950
4862	1950	1784088793944	4051657915
4863	1908	1784088793944	3125088488
4864	1908	1784088793945	2476350865
4865	1908	1784088793945	2151152492
4866	1792	1784088793946	824916314
4867	1615	1784088793947	3716070131
4868	1843	1784088793947	444926047
4869	1801	1784088793948	318833011
487	1500	1784088786538	1747411535
4870	1801	1784088793948	4020620765
4871	1801	1784088793949	3747785019
4872	1580	1784088793949	1186224422
4873	1572	1784088793950	3637029615
4874	1822	1784088793950	2827163713
4875	1780	1784088793950	3563444687
4876	1780	1784088793950	4206577794
4877	1780	1784088793952	1966791690
4878	1596	1784088793953	1699515409
4879	1574	1784088793953	711073641
488	1754	1784088786538	3071001967
4880	1829	1784088793954	3370644261
4881	1787	1784088793954	680119683
4882	1787	1784088793955	2327682953
4883	1787	1784088793955	2311409638
4884	1567	1784088793955	620743511
4885	1541	1784088793957	3715667321
4886	1746	1784088793957	413749501
4887	1704	1784088793958	3123121519
4888	1704	1784088793959	4094147455
4889	1704	1784088793959	3508907789
489	1500	1784088786539	63041080
4890	1620	1784088793960	1234915641
4891	1605	1784088793960	4259131306
4892	1836	1784088793961	3630138485
4893	1794	1784088793961	4265773480
4894	1794	1784088793962	1745481023
4895	1794	1784088793962	327948134
4896	1554	1784088793963	3004672065
4897	1546	1784088793963	1525609767
4898	1825	1784088793964	1716318432
4899	1783	1784088793964	4060962474
49	1515	1784088786227	2207947153
490	1754	1784088786539	268341397
4900	1783	1784088793965	2075247242
4901	1783	1784088793965	453342357
4902	1563	1784088793966	1349913995
4903	1546	1784088793966	1545118906
4904	1827	1784088793967	344442029
4905	1785	1784088793967	2707885830
4906	1785	1784088793967	831266036
4907	1785	1784088793968	1644888451
4908	1562	1784088793968	2110115989
4909	1541	1784088793969	3554823506
491	1500	1784088786540	2904997170
4910	1906	1784088793969	2779124615
4911	1864	1784088793970	3740760227
4912	1864	1784088793970	1185040105
4913	1864	1784088793970	3971272370
4914	1774	1784088793972	2575126879
4915	1575	1784088793972	4055198248
4916	1835	1784088793973	2910698416
4917	1793	1784088793974	2632690026
4918	1793	1784088793974	1500650564
4919	1793	1784088793975	1839459214
492	1525	1784088786541	1142291063
4920	1558	1784088793975	3743524940
4921	1546	1784088793976	2977842646
4922	1826	1784088793976	1200644791
4923	1784	1784088793977	1590188173
4924	1784	1784088793977	2133378979
4925	1784	1784088793978	3580653401
4926	1673	1784088793978	362917320
4927	1547	1784088793979	127454888
4928	1922	1784088793979	295751888
4929	1880	1784088793979	3849420140
493	1502	1784088786541	26205599
4930	1880	1784088793980	1083224959
4931	1880	1784088793980	3535059587
4932	1584	1784088793981	4103119599
4933	1568	1784088793981	265920795
4934	1829	1784088793981	3453964069
4935	1787	1784088793981	1815633435
4936	1787	1784088793982	2999804390
4937	1787	1784088793982	1228599173
4938	1775	1784088793983	627166457
4939	1604	1784088793983	2171759808
494	1604	1784088786542	3539675887
4940	1895	1784088793984	1484973907
4941	1853	1784088793984	2899805754
4942	1853	1784088793984	828683713
4943	1853	1784088793985	599775052
4944	1580	1784088793985	2615690722
4945	1567	1784088793985	2976922764
4946	1914	1784088793987	1688449497
4947	1872	1784088793987	2430648901
4948	1872	1784088793987	1938076792
4949	1872	1784088793988	729420765
495	1502	1784088786543	856775434
4950	1587	1784088793988	1611963884
4951	1569	1784088793989	2856627377
4952	1823	1784088793989	2189663895
4953	1781	1784088793990	1182637062
4954	1781	1784088793990	2699600441
4955	1781	1784088793991	3905250647
4956	1561	1784088793991	1731256562
4957	1540	1784088793992	1650102258
4958	1721	1784088793992	2226996347
4959	1679	1784088793992	3427438346
496	1602	1784088786543	1460357202
4960	1679	1784088793994	2215721592
4961	1679	1784088793994	1036801784
4962	1612	1784088793994	1221560172
4963	1587	1784088793995	2436249916
4964	1835	1784088793995	1182622435
4965	1793	1784088793996	738058000
4966	1793	1784088793998	309517626
4967	1793	1784088793998	1262005306
4968	1561	1784088793998	295878081
4969	1545	1784088793999	2955038707
497	1502	1784088786544	552734080
4970	1802	1784088793999	1070309262
4971	1760	1784088794000	4250074770
4972	1760	1784088794000	3923485850
4973	1760	1784088794001	2220321796
4974	1561	1784088794001	333113845
4975	1545	1784088794002	3811173920
4976	1911	1784088794002	1810937350
4977	1869	1784088794002	3107303146
4978	1869	1784088794003	925448968
4979	1869	1784088794003	366748130
498	1522	1784088786544	3076835662
4980	1560	1784088794004	1419670820
4981	1540	1784088794004	629340837
4982	1696	1784088794005	414226205
4983	1654	1784088794006	547244171
4984	1654	1784088794006	1135652785
4985	1654	1784088794007	723789287
4986	1587	1784088794007	2977719128
4987	1571	1784088794008	897180966
4988	1895	1784088794008	3882150598
4989	1853	1784088794009	2087395109
499	1502	1784088786545	1532668982
4990	1853	1784088794009	1866946654
4991	1853	1784088794009	493278524
4992	1736	1784088794010	3001448905
4993	1544	1784088794010	3610299375
4994	1857	1784088794011	37530116
4995	1815	1784088794011	928432790
4996	1815	1784088794012	2477894975
4997	1815	1784088794012	4120801580
4998	1568	1784088794012	3978052422
4999	1546	1784088794013	2505871946
5	1618	1784088786169	3957763907
50	1615	1784088786228	2717964324
500	1601	1784088786545	1633322261
5000	1457	1784088794013	2839074267
5001	1517	1784088794014	2800798159
5002	1602	1784088794015	3523682242
5003	1658	1784088794015	2624780571
5004	1468	1784088794015	2566627963
5005	1504	1784088794016	1077424787
5006	1462	1784088794016	3217161612
5007	1501	1784088794017	3742708701
5008	1506	1784088794017	3638074400
5009	1515	1784088794017	3589995276
501	1502	1784088786546	3952631771
5010	1501	1784088794018	1586323913
5011	1508	1784088794018	2463258208
5012	1514	1784088794019	1461691610
5013	1671	1784088794019	3156682438
5014	1712	1784088794020	2639392618
5015	1687	1784088794020	216598048
5016	1718	1784088794021	3418600275
5017	1699	1784088794021	979513340
5018	1700	1784088794022	1634325554
5019	1684	1784088794022	2558740120
502	1605	1784088786549	1532871911
5020	1465	1784088794023	2254229261
5021	1551	1784088794023	1631363329
5022	1551	1784088794023	795665493
5023	1551	1784088794024	374061982
5024	1596	1784088794024	2329689317
5025	1502	1784088794025	65456060
5026	1595	1784088794025	1111720748
5027	1502	1784088794026	806647199
5028	1596	1784088794026	2002780694
5029	1502	1784088794026	744394607
503	1502	1784088786550	4168812881
5030	1592	1784088794027	3513316755
5031	1498	1784088794027	3161188597
5032	1591	1784088794028	3574473330
5033	1498	1784088794028	3016075627
5034	1592	1784088794029	3164633541
5035	1498	1784088794029	446546246
5036	1592	1784088794030	1316015371
5037	1501	1784088794030	3741249217
5038	1592	1784088794031	3976278957
5039	1501	1784088794031	1285806312
504	1605	1784088786551	1244271744
5040	1592	1784088794031	3364551610
5041	1501	1784088794033	331580172
5042	1591	1784088794033	987085790
5043	1499	1784088794033	654740103
5044	1590	1784088794034	2214950854
5045	1499	1784088794034	473798959
5046	1591	1784088794035	159214378
5047	1499	1784088794035	4087365179
5048	1589	1784088794036	3007711726
5049	1498	1784088794036	73207307
505	1502	1784088786551	3428774607
5050	1609	1784088794037	1616343996
5051	1498	1784088794037	442514245
5052	1609	1784088794038	2898003966
5053	1498	1784088794038	80889890
5054	1474	1784088794039	1450400455
5055	1454	1784088794039	1128096304
5056	1515	1784088794039	683760821
5057	1515	1784088794040	4222877919
5058	1515	1784088794040	656352495
5059	1515	1784088794041	4051348116
506	1605	1784088786552	1760548443
5060	1477	1784088794041	2260650234
5061	1477	1784088794041	1433118310
5062	1514	1784088794042	1299247556
5063	1511	1784088794042	752380893
5064	1516	1784088794043	2834370355
5065	1664	1784088794043	3817797157
5066	1514	1784088794043	3305506381
5067	1592	1784088794044	2828932790
5068	1559	1784088794044	2919989083
5069	1542	1784088794045	920932513
507	1502	1784088786552	3753747525
5070	1614	1784088794045	1109613299
5071	1616	1784088794046	793858390
5072	1530	1784088794046	4249033333
5073	1530	1784088794047	141036462
5074	1530	1784088794047	2994658713
5075	1508	1784088794047	1170164132
5076	1590	1784088794048	1159309155
5077	1592	1784088794048	2540295024
5078	1592	1784088794049	604939878
5079	1460	1784088794049	2223551065
508	1595	1784088786553	893948526
5080	1460	1784088794049	2453220413
5081	1542	1784088794050	71782005
5082	1460	1784088794050	3429021060
5083	1542	1784088794051	4271469938
5084	1460	1784088794051	3811453705
5085	1542	1784088794052	713702970
5086	1460	1784088794052	3383945119
5087	1542	1784088794053	3495167293
5088	1460	1784088794053	3379577660
5089	1542	1784088794053	1507700459
509	1500	1784088786553	964375020
5090	1460	1784088794054	2081161563
5091	1542	1784088794055	1258843065
5092	1460	1784088794055	2060583208
5093	1542	1784088794056	2983612606
5094	1460	1784088794056	1436458917
5095	1542	1784088794056	1707416566
5096	1768	1784088794058	2724217753
5097	1777	1784088794058	851943337
5098	1763	1784088794059	4133705320
5099	1756	1784088794059	754253551
51	1516	1784088786231	2471749126
510	1593	1784088786554	2419593687
5100	1756	1784088794059	1849371656
5101	1781	1784088794060	3074878496
5102	1853	1784088794060	777588733
5103	1853	1784088794061	3774343575
5104	1854	1784088794061	3851081585
5105	1851	1784088794062	495576009
5106	1851	1784088794062	3351851551
5107	1466	1784088794062	4145503168
5108	1466	1784088794063	515819767
5109	1466	1784088794063	2988318539
511	1500	1784088786555	2543608550
5110	1466	1784088794064	1969962632
5111	1463	1784088794064	1148302528
5112	1463	1784088794064	1999972598
5113	1463	1784088794065	1491342815
5114	1463	1784088794065	242223653
5115	1458	1784088794066	3795924988
5116	1458	1784088794066	2779206567
5117	1458	1784088794067	3513424238
5118	1458	1784088794068	3763862235
5119	1458	1784088794068	4253113898
512	1513	1784088786556	98328562
5120	1458	1784088794069	3399152456
5121	1458	1784088794069	3193387393
5122	1458	1784088794070	587294426
5123	1590	1784088794070	2125390522
5124	1590	1784088794071	1919023275
5125	1590	1784088794071	298867028
5126	1590	1784088794072	1786359410
5127	1593	1784088794072	1919103252
5128	1593	1784088794073	138062073
5129	1593	1784088794073	3185087173
513	1500	1784088786557	144564929
5130	1593	1784088794073	3827959700
5131	1457	1784088794074	1369824544
5132	1457	1784088794074	2873543783
5133	1457	1784088794075	3613302756
5134	1457	1784088794075	2833642311
5135	1464	1784088794076	1544554999
5136	1464	1784088794076	1405217489
5137	1464	1784088794076	93127528
5138	1464	1784088794076	2122718013
5139	1461	1784088794078	3203724612
514	1592	1784088786557	992542747
5140	1461	1784088794078	2916126763
5141	1461	1784088794079	3882794073
5142	1461	1784088794079	3481244833
5143	1462	1784088794080	2827628357
5144	1462	1784088794080	2404513392
5145	1462	1784088794080	823154764
5146	1462	1784088794081	215223053
5147	1545	1784088794081	3061857006
5148	1545	1784088794081	119680403
5149	1545	1784088794081	1874800559
515	1500	1784088786558	1928226025
5150	1545	1784088794082	579392009
5151	1455	1784088794083	1668573919
5152	1455	1784088794083	2370571345
5153	1455	1784088794083	925933493
5154	1455	1784088794084	3213154773
5155	1466	1784088794084	3516425033
5156	1466	1784088794084	3419784515
5157	1466	1784088794085	1735725823
5158	1466	1784088794085	1738021121
5159	1457	1784088794086	431016055
516	1596	1784088786558	2536170684
5160	1457	1784088794086	2405229026
5161	1457	1784088794086	3695751048
5162	1457	1784088794088	3717804056
5163	1457	1784088794088	4055409989
5164	1457	1784088794089	200975091
5165	1457	1784088794089	580405774
5166	1457	1784088794089	592041374
5167	1457	1784088794090	2788154787
5168	1457	1784088794090	4123166477
5169	1457	1784088794091	2312819854
517	1500	1784088786559	3991921870
5170	1457	1784088794091	3036244192
5171	1458	1784088794091	1756391988
5172	1457	1784088794092	4003930710
5173	1457	1784088794092	2462020053
5174	1457	1784088794093	1207004042
5175	1457	1784088794093	1005139977
5176	1547	1784088794094	3722204750
5177	1547	1784088794094	1075914240
5178	1547	1784088794095	1499665886
5179	1547	1784088794095	3298715024
518	1596	1784088786559	4200918057
5180	1547	1784088794095	1535835876
5181	1547	1784088794096	3329724074
5182	1547	1784088794096	3137411129
5183	1547	1784088794097	654076023
5184	1547	1784088794097	2312088263
5185	1547	1784088794098	338877065
5186	1547	1784088794099	1766083610
5187	1547	1784088794099	4105780308
5188	1546	1784088794100	535805904
5189	1546	1784088794100	820534869
519	1500	1784088786560	2248763577
5190	1546	1784088794101	1330408977
5191	1546	1784088794101	1615564692
5192	1546	1784088794101	2350161078
5193	1546	1784088794102	2735963443
5194	1546	1784088794103	3877624651
5195	1546	1784088794103	3357031118
5196	1463	1784088794103	4264353508
5197	1463	1784088794104	3523077069
5198	1463	1784088794104	3399961909
5199	1463	1784088794105	3849744412
52	1728	1784088786234	2456978458
520	1596	1784088786560	1526404312
5200	1462	1784088794105	1296991099
5201	1462	1784088794106	4077858119
5202	1462	1784088794106	2353268541
5203	1462	1784088794106	839231745
5204	1469	1784088794107	2627341899
5205	1469	1784088794107	1215429027
5206	1469	1784088794108	3996968922
5207	1469	1784088794108	987172914
5208	1553	1784088794109	799993529
5209	1553	1784088794109	1659470003
521	1500	1784088786561	2373685080
5210	1553	1784088794110	1613520872
5211	1553	1784088794110	761999842
5212	1553	1784088794111	2262496088
5213	1553	1784088794111	3416104274
5214	1553	1784088794111	182047622
5215	1553	1784088794111	1201585548
5216	1553	1784088794113	1107199472
5217	1553	1784088794113	213511162
5218	1553	1784088794114	3773193402
5219	1553	1784088794115	2913022640
522	1568	1784088786561	69243513
5220	1550	1784088794115	200038194
5221	1550	1784088794116	2648375346
5222	1550	1784088794117	4243849075
5223	1550	1784088794117	1791273075
5224	1463	1784088794118	3496932326
5225	1463	1784088794118	4290760399
5226	1463	1784088794118	376382865
5227	1463	1784088794119	968759480
5228	1456	1784088794119	457944757
5229	1456	1784088794120	3757546107
523	1615	1784088786562	1830762065
5230	1456	1784088794120	3689185392
5231	1456	1784088794120	525907134
5232	1462	1784088794121	2992345989
5233	1462	1784088794121	3525619559
5234	1462	1784088794122	1295596275
5235	1462	1784088794122	1270798446
5236	1457	1784088794122	1879894892
5237	1457	1784088794123	2314064890
5238	1457	1784088794123	1610211905
5239	1457	1784088794124	1989872316
524	1573	1784088786563	847645812
5240	1463	1784088794124	2594447635
5241	1463	1784088794124	3044351034
5242	1463	1784088794125	3305528129
5243	1463	1784088794125	3939985000
5244	1545	1784088794125	3491447372
5245	1545	1784088794126	824853148
5246	1545	1784088794126	18957876
5247	1545	1784088794126	1662665742
5248	1457	1784088794127	3519831081
5249	1457	1784088794127	2916356010
525	1557	1784088786564	4099900670
5250	1457	1784088794127	3934328147
5251	1457	1784088794127	2526627536
5252	1458	1784088794129	3132279029
5253	1458	1784088794129	3464430140
5254	1458	1784088794130	897450051
5255	1458	1784088794130	1102301834
5256	1562	1784088794131	3587412239
5257	1562	1784088794131	3086416733
5258	1562	1784088794132	3853825200
5259	1562	1784088794132	2274483938
526	1517	1784088786564	784886263
5260	1455	1784088794133	90765277
5261	1455	1784088794133	3625353508
5262	1455	1784088794134	1692736622
5263	1455	1784088794134	3113970327
5264	1460	1784088794135	2600510001
5265	1460	1784088794135	4203319637
5266	1460	1784088794135	1477625081
5267	1460	1784088794136	966522781
5268	1458	1784088794136	1625903205
5269	1458	1784088794137	2748103724
527	1511	1784088786565	4155290761
5270	1458	1784088794137	3489826062
5271	1458	1784088794138	3382137415
5272	1550	1784088794138	3829885973
5273	1550	1784088794139	3660187629
5274	1550	1784088794139	157155738
5275	1550	1784088794140	613859746
5276	1462	1784088794140	2462350228
5277	1462	1784088794140	1052640778
5278	1462	1784088794141	3715353086
5279	1462	1784088794141	3690212195
528	1589	1784088786565	3540552008
5280	1756	1784088794142	755820824
5281	1851	1784088794143	3306289961
5282	1764	1784088794144	695365673
5283	1756	1784088794144	3857872728
5284	1763	1784088794144	353460368
5285	1758	1784088794145	3271217203
5286	1763	1784088794146	2273650559
5287	1844	1784088794146	628843517
5288	1759	1784088794147	3966940566
5289	1758	1784088794147	3850787586
529	1502	1784088786566	836325504
5290	1865	1784088794148	3863174114
5291	1769	1784088794148	2386021914
5292	1777	1784088794149	1148409947
5293	1775	1784088794149	3470910766
5294	1764	1784088794150	3418489741
5295	1759	1784088794150	1113746647
5296	1761	1784088794151	495321312
5297	1757	1784088794151	3909236150
5298	1760	1784088794151	522017251
5299	1759	1784088794151	3198689672
53	1730	1784088786235	2165269036
530	1508	1784088786567	3771618777
5300	1763	1784088794152	554190004
5301	1762	1784088794153	4194721240
5302	1762	1784088794154	936621842
5303	1763	1784088794155	544979225
5304	1760	1784088794155	2592705426
5305	1766	1784088794155	1903359333
5306	1766	1784088794157	2669150743
5307	1861	1784088794157	3839401732
5308	1859	1784088794157	1867402686
5309	1862	1784088794157	1365511503
531	1499	1784088786567	3834148204
5310	1845	1784088794157	674454784
5311	1845	1784088794159	1022572439
5312	1767	1784088794160	3852501408
5313	1754	1784088794160	1935741981
5314	1753	1784088794161	4168545381
5315	1760	1784088794161	3619362141
5316	1886	1784088794161	3454967639
5317	1873	1784088794163	1888003948
5318	1736	1784088794163	500202447
5319	1765	1784088794164	148099047
532	1505	1784088786568	4225437813
5320	1774	1784088794164	2273220785
5321	1762	1784088794165	213594657
5322	1765	1784088794165	2768803718
5323	1845	1784088794165	473789588
5324	1776	1784088794166	30769117
5325	1555	1784088794166	3878890225
5326	1524	1784088794167	2318649230
5327	1590	1784088794167	406643274
5328	1583	1784088794168	3332833238
5329	1547	1784088794168	3724365918
533	1500	1784088786569	833829670
5330	1516	1784088794168	2925770288
5331	1538	1784088794168	4018215660
5332	1519	1784088794168	860451866
5333	1525	1784088794169	3209201861
5334	1525	1784088794169	1817467736
5335	1525	1784088794170	2796558717
5336	1525	1784088794170	3616969553
5337	1525	1784088794171	2159520376
5338	1525	1784088794171	3261072164
5339	1525	1784088794172	1585154249
534	1511	1784088786569	1231499021
5340	1525	1784088794172	4229521087
5341	1543	1784088794172	2588969054
5342	1511	1784088794173	3570907959
5343	1549	1784088794173	3527096977
5344	1518	1784088794174	1871777844
5345	1536	1784088794174	2342917693
5346	1523	1784088794175	767559135
5347	1512	1784088794175	2090931836
5348	1505	1784088794176	546417668
5349	1542	1784088794176	3299696570
535	1506	1784088786570	1362210092
5350	1523	1784088794177	3705995552
5351	1516	1784088794177	1760405547
5352	1693	1784088794178	1286003395
5353	1523	1784088794178	3796091952
5354	1519	1784088794178	2718894401
5355	1516	1784088794179	23080723
5356	1548	1784088794179	1249133450
5357	1457	1784088794180	4097467452
5358	1465	1784088794180	2373907032
5359	1468	1784088794180	311204892
536	1508	1784088786571	1640691263
5360	1467	1784088794182	1897805060
5361	1465	1784088794182	3190759290
5362	1467	1784088794184	3418530797
5363	1468	1784088794184	201348806
5364	1465	1784088794185	3573389259
5365	1468	1784088794185	2179127188
5366	1467	1784088794186	4284112068
5367	1465	1784088794186	925622628
5368	1467	1784088794186	2189369324
5369	1468	1784088794187	2068765676
537	1502	1784088786571	3625182619
5370	1512	1784088794187	586200193
5371	1514	1784088794188	2290249901
5372	1513	1784088794188	2251082127
5373	1511	1784088794188	101922789
5374	1513	1784088794189	1131057898
5375	1514	1784088794189	3226586840
5376	1529	1784088794190	1243727279
5377	1518	1784088794190	3757988341
5378	1547	1784088794190	3569006404
5379	1527	1784088794191	3702919453
538	1863	1784088786572	2254207234
5380	1550	1784088794191	1121962931
5381	1527	1784088794191	522247087
5382	1550	1784088794193	3175623854
5383	1527	1784088794193	1873423160
5384	1550	1784088794194	4071603912
5385	1527	1784088794194	1355548081
5386	1565	1784088794195	3941082246
5387	1543	1784088794195	2234448544
5388	1633	1784088794196	2713506046
5389	1528	1784088794196	3701405779
539	1678	1784088786573	672194163
5390	1636	1784088794197	2566442239
5391	1528	1784088794197	2903225159
5392	1636	1784088794198	3546348725
5393	1528	1784088794198	2881228391
5394	1636	1784088794198	4105501692
5395	1528	1784088794198	245233207
5396	1651	1784088794200	2858419205
5397	1544	1784088794200	4200128849
5398	1637	1784088794201	20960899
5399	1533	1784088794201	4061048489
54	1619	1784088786236	1335184123
540	1881	1784088786574	3676463247
5400	1640	1784088794201	2651264116
5401	1533	1784088794202	3975083910
5402	1640	1784088794202	231995102
5403	1533	1784088794203	1951121217
5404	1640	1784088794203	656847476
5405	1533	1784088794204	2821480313
5406	1655	1784088794204	2586117243
5407	1549	1784088794205	3363944563
5408	1548	1784088794205	3698410320
5409	1528	1784088794206	3307583186
541	1678	1784088786574	2455408722
5410	1551	1784088794206	3299052538
5411	1528	1784088794207	3031498182
5412	1551	1784088794207	924541102
5413	1528	1784088794208	2986819814
5414	1551	1784088794208	4087022705
5415	1528	1784088794208	388413622
5416	1566	1784088794208	3971809045
5417	1544	1784088794209	2068497077
5418	1551	1784088794209	3507414064
5419	1537	1784088794210	461364022
542	1693	1784088786575	109775237
5420	1567	1784088794210	3898339038
5421	1544	1784088794210	1661225119
5422	1570	1784088794211	2526109415
5423	1544	1784088794211	1065597662
5424	1570	1784088794211	2458120756
5425	1544	1784088794213	3877816819
5426	1570	1784088794213	3595528440
5427	1544	1784088794213	2257346140
5428	1570	1784088794214	331196785
5429	1544	1784088794214	2956479494
543	1678	1784088786575	4060770427
5430	1570	1784088794215	1932512538
5431	1544	1784088794215	553548114
5432	1570	1784088794216	399333220
5433	1544	1784088794216	1659714020
5434	1570	1784088794217	4206295170
5435	1544	1784088794217	3819132428
5436	1570	1784088794217	2656330492
5437	1544	1784088794218	2712671930
5438	1586	1784088794219	4070617701
5439	1561	1784088794219	3112029369
544	1782	1784088786576	303849321
5440	1565	1784088794219	1047288274
5441	1542	1784088794219	1615124346
5442	1568	1784088794221	731440102
5443	1542	1784088794221	945265409
5444	1568	1784088794222	1786441606
5445	1542	1784088794222	3981126242
5446	1568	1784088794222	303688411
5447	1542	1784088794223	2289107959
5448	1568	1784088794223	1621489061
5449	1542	1784088794224	2703895307
545	1678	1784088786576	354929999
5450	1568	1784088794224	1554737804
5451	1542	1784088794225	1085980721
5452	1568	1784088794225	82210659
5453	1542	1784088794226	104677053
5454	1568	1784088794226	2892849206
5455	1542	1784088794226	2328793883
5456	1568	1784088794226	4095763929
5457	1542	1784088794227	3427364247
5458	1584	1784088794227	3236257095
5459	1559	1784088794228	2679866711
546	1748	1784088786577	1909556406
5460	1567	1784088794229	3469457891
5461	1544	1784088794229	1309034987
5462	1570	1784088794230	1389431625
5463	1544	1784088794230	310492074
5464	1570	1784088794231	1455663002
5465	1544	1784088794231	3391146119
5466	1570	1784088794231	302988630
5467	1544	1784088794231	2878234408
5468	1570	1784088794233	3623746783
5469	1544	1784088794233	2637843826
547	1455	1784088786578	117071359
5470	1570	1784088794233	3077544116
5471	1544	1784088794234	234649638
5472	1570	1784088794234	3549233866
5473	1544	1784088794235	1341077648
5474	1570	1784088794235	1056353580
5475	1544	1784088794236	3466680184
5476	1570	1784088794236	1511274322
5477	1544	1784088794237	2360481742
5478	1586	1784088794237	3088687397
5479	1561	1784088794238	3823860101
548	1748	1784088786578	2329530545
5480	1551	1784088794238	3245981984
5481	1552	1784088794239	1876417224
5482	1552	1784088794239	2250416659
5483	1551	1784088794239	2066116805
5484	1555	1784088794240	3076721338
5485	1552	1784088794240	2046903003
5486	1550	1784088794241	379239235
5487	1553	1784088794241	1805978539
5488	1551	1784088794241	3142995894
5489	1552	1784088794241	1992409911
549	1455	1784088786579	3415844561
5490	1552	1784088794242	4078443214
5491	1551	1784088794242	725430535
5492	1555	1784088794243	1564264144
5493	1552	1784088794243	3993531865
5494	1550	1784088794244	145376563
5495	1553	1784088794244	2477956986
5496	1603	1784088794244	779490486
5497	1604	1784088794246	3590665598
5498	1604	1784088794246	1893968426
5499	1603	1784088794247	1436219789
55	1520	1784088786240	3002381909
550	1516	1784088786580	1928546212
5500	1607	1784088794247	2950190315
5501	1604	1784088794247	1355846841
5502	1602	1784088794248	2166433963
5503	1605	1784088794248	3387936585
5504	1521	1784088794248	3788894339
5505	1517	1784088794249	3269775415
5506	1471	1784088794249	1562725838
5507	1551	1784088794250	1883246095
5508	1556	1784088794250	288434512
5509	1557	1784088794250	1091177563
551	1503	1784088786580	1314379426
5510	1557	1784088794251	4128387829
5511	1703	1784088794251	2112196248
5512	1556	1784088794251	640162579
5513	1702	1784088794252	3968400690
5514	1556	1784088794253	4184772644
5515	1702	1784088794254	1061987755
5516	1538	1784088794254	4036157934
5517	1527	1784088794255	1351582557
5518	1506	1784088794255	1863952173
5519	1506	1784088794256	2811347170
552	1518	1784088786581	517513889
5520	1634	1784088794256	2282407422
5521	1520	1784088794257	1821359036
5522	1511	1784088794257	2575258850
5523	1524	1784088794258	1577014219
5524	1506	1784088794258	1773825290
5525	1547	1784088794258	1609080593
5526	1529	1784088794259	3169349024
5527	1634	1784088794259	3653755464
5528	1533	1784088794259	3193662860
5529	1666	1784088794260	4039753848
553	1548	1784088786581	702218319
5530	1563	1784088794260	1835211314
5531	1668	1784088794260	1189055258
5532	1564	1784088794261	428850687
5533	1665	1784088794261	782622263
5534	1564	1784088794262	2818823288
5535	1667	1784088794263	1365979747
5536	1564	1784088794263	146621942
5537	1666	1784088794264	1240017420
5538	1564	1784088794264	2588104920
5539	1654	1784088794264	3109183467
554	1521	1784088786582	3805058499
5540	1550	1784088794265	857632460
5541	1654	1784088794265	2349026065
5542	1550	1784088794266	104078064
5543	1652	1784088794266	1749617607
5544	1549	1784088794268	3057161114
5545	1651	1784088794269	2768639318
5546	1547	1784088794270	131653256
5547	1653	1784088794270	572908631
5548	1549	1784088794270	2859015118
5549	1653	1784088794272	2732539839
555	1522	1784088786583	1733884579
5550	1549	1784088794273	4291840075
5551	1607	1784088794274	4131472974
5552	1502	1784088794274	1399976358
5553	1578	1784088794275	3244400608
5554	1560	1784088794275	3480190280
5555	1560	1784088794276	1595429254
5556	1570	1784088794276	3863157276
5557	1557	1784088794277	1741492943
5558	1466	1784088794277	2161042564
5559	1463	1784088794278	617982861
556	1520	1784088786583	562515521
5560	1471	1784088794278	2122394184
5561	1604	1784088794279	2408905555
5562	1466	1784088794279	504492792
5563	1456	1784088794279	2781345919
5564	1456	1784088794280	2157214825
5565	1456	1784088794280	698872817
5566	1456	1784088794281	2906848274
5567	1456	1784088794281	4121232782
5568	1456	1784088794282	773680878
5569	1456	1784088794282	1665721021
557	1522	1784088786584	3328510145
5570	1456	1784088794282	225762510
5571	1456	1784088794284	2749877368
5572	1452	1784088794284	381759024
5573	1542	1784088794285	1805017969
5574	1871	1784088794286	1316621963
5575	1890	1784088794286	3769218408
5576	1881	1784088794287	2062798251
5577	1598	1784088794287	2354118572
5578	1593	1784088794289	3174085675
5579	1586	1784088794289	838713846
558	1521	1784088786584	3730701449
5580	1598	1784088794290	1364767347
5581	1514	1784088794290	717812708
5582	1597	1784088794291	966227851
5583	1594	1784088794291	2371271132
5584	1599	1784088794291	1945033841
5585	1593	1784088794291	1521502335
5586	1515	1784088794292	2421550371
5587	1515	1784088794293	3734568036
5588	1662	1784088794294	2510768769
5589	1594	1784088794294	2916420975
559	1521	1784088786585	3057289230
5590	1594	1784088794294	3011779060
5591	1594	1784088794295	3373822641
5592	1499	1784088794295	873934059
5593	1499	1784088794296	4159527113
5594	1499	1784088794296	83400176
5595	1499	1784088794297	579996707
5596	1499	1784088794297	1210951254
5597	1499	1784088794298	1850163077
5598	1499	1784088794298	1970748005
5599	1584	1784088794298	904009188
56	1603	1784088786241	2824592820
560	1508	1784088786585	717784257
5600	1499	1784088794299	3116079171
5601	1507	1784088794300	230451764
5602	1508	1784088794300	4247109897
5603	1509	1784088794300	2399142811
5604	1501	1784088794301	4247811418
5605	1512	1784088794301	3798042547
5606	1640	1784088794301	3754309036
5607	1518	1784088794302	867008020
5608	1530	1784088794303	174484334
5609	1529	1784088794303	947917789
561	1509	1784088786585	3174432328
5610	1517	1784088794304	232629156
5611	1751	1784088794304	3571446511
5612	1756	1784088794305	2196271192
5613	1752	1784088794305	2259604553
5614	1512	1784088794306	3829538237
5615	1546	1784088794306	1625128534
5616	1846	1784088794306	1806049759
5617	1843	1784088794306	2807022495
5618	1857	1784088794307	3378181484
5619	1880	1784088794309	1079961406
562	1508	1784088786586	560664596
5620	1880	1784088794309	2047362408
5621	1878	1784088794310	194571555
5622	1847	1784088794310	4256986276
5623	1844	1784088794311	1079866677
5624	1858	1784088794311	2653282834
5625	1881	1784088794311	2298443477
5626	1881	1784088794312	2312682605
5627	1879	1784088794312	3442912046
5628	1709	1784088794313	718235898
5629	1686	1784088794313	1145413769
563	1506	1784088786586	2587286434
5630	1716	1784088794314	1824317487
5631	1717	1784088794315	140716720
5632	1723	1784088794316	2806360177
5633	1725	1784088794317	4289626917
5634	1723	1784088794317	2018645109
5635	1710	1784088794318	3895722618
5636	1687	1784088794318	4054314733
5637	1717	1784088794319	688097222
5638	1718	1784088794319	578884786
5639	1724	1784088794319	1972080132
564	1509	1784088786587	2685008245
5640	1726	1784088794320	28104268
5641	1724	1784088794320	2114691258
5642	1680	1784088794321	968748120
5643	1677	1784088794321	1392429544
5644	1628	1784088794322	1024936274
5645	1715	1784088794322	2600573716
5646	1716	1784088794323	4019804375
5647	1684	1784088794323	3643094406
5648	1679	1784088794323	2985266774
5649	1678	1784088794323	3958406380
565	1507	1784088786587	80569346
5650	1629	1784088794324	659234416
5651	1716	1784088794324	998966187
5652	1717	1784088794325	2617144371
5653	1715	1784088794325	4196812680
5654	1701	1784088794325	3706433433
5655	1697	1784088794326	1952809929
5656	1711	1784088794327	3297865000
5657	1736	1784088794328	861155658
5658	1729	1784088794328	2435571932
5659	1736	1784088794328	3156693755
566	1506	1784088786588	3851650657
5660	1734	1784088794329	1298489379
5661	1702	1784088794329	1921334297
5662	1698	1784088794330	2060061486
5663	1712	1784088794331	2863000022
5664	1737	1784088794331	3065565123
5665	1730	1784088794333	1255268332
5666	1737	1784088794333	404746718
5667	1735	1784088794333	2361004174
5668	1868	1784088794334	878276477
5669	1700	1784088794334	2591072517
567	1610	1784088786589	1587226451
5670	1878	1784088794335	532042946
5671	1702	1784088794335	991815769
5672	1833	1784088794336	2901392994
5673	1730	1784088794336	1047303183
5674	1915	1784088794337	608795481
5675	1735	1784088794337	4237593524
5676	1900	1784088794337	2112183591
5677	1720	1784088794338	3081995744
5678	1902	1784088794339	2123231291
5679	1719	1784088794339	975147186
568	1504	1784088786589	3749141873
5680	1771	1784088794340	4124656832
5681	1751	1784088794340	4011376174
5682	1904	1784088794341	2538401745
5683	1732	1784088794341	3711298360
5684	1706	1784088794342	1487643921
5685	1688	1784088794342	3364987734
5686	1869	1784088794342	733733920
5687	1701	1784088794343	472900691
5688	1879	1784088794343	2690212688
5689	1703	1784088794343	1558895193
569	1586	1784088786590	3222198261
5690	1834	1784088794344	849648874
5691	1731	1784088794344	1242850340
5692	1916	1784088794345	2105207567
5693	1736	1784088794345	3166937395
5694	1901	1784088794345	2830728193
5695	1721	1784088794346	2075356426
5696	1903	1784088794348	3498588831
5697	1720	1784088794349	3975702604
5698	1772	1784088794349	335811309
5699	1752	1784088794350	473386194
57	1504	1784088786244	2254207788
570	1499	1784088786590	843342657
5700	1905	1784088794350	3715966484
5701	1733	1784088794351	1793763323
5702	1707	1784088794351	2403896201
5703	1689	1784088794352	1799491735
5704	1837	1784088794353	642951639
5705	1716	1784088794353	2019414004
5706	1836	1784088794353	1375652545
5707	1715	1784088794354	4167846513
5708	1869	1784088794355	4001916656
5709	1748	1784088794355	851750743
571	1589	1784088786591	4033376142
5710	1872	1784088794356	1133338719
5711	1751	1784088794357	602691118
5712	1858	1784088794357	3093743494
5713	1737	1784088794357	2792595904
5714	1859	1784088794359	2954981521
5715	1735	1784088794359	3523247243
5716	1859	1784088794360	540074600
5717	1751	1784088794360	939700813
5718	1838	1784088794360	2107179730
5719	1717	1784088794361	3968111574
572	1500	1784088786591	92935259
5720	1837	1784088794361	3080900775
5721	1716	1784088794363	4114524134
5722	1870	1784088794364	854718949
5723	1749	1784088794364	91294044
5724	1873	1784088794364	1971845590
5725	1752	1784088794365	1400874669
5726	1859	1784088794365	3178106338
5727	1738	1784088794366	613283334
5728	1860	1784088794366	3590916415
5729	1736	1784088794367	2723835039
573	1501	1784088786592	2206790047
5730	1860	1784088794367	4193549011
5731	1752	1784088794367	3285711611
5732	1458	1784088794369	3739472556
5733	1590	1784088794370	602076492
5734	1855	1784088794370	3423849480
5735	1734	1784088794371	24385736
5736	1856	1784088794371	2645238391
5737	1735	1784088794372	4076529225
5738	1472	1784088794373	3506536932
5739	1646	1784088794373	4056074406
574	1498	1784088786592	1849483091
5740	1509	1784088794374	1690734545
5741	1642	1784088794375	882896378
5742	1502	1784088794375	2974660688
5743	1647	1784088794376	926645351
5744	1510	1784088794376	3574436875
5745	1645	1784088794377	2477651899
5746	1509	1784088794377	576608809
5747	1657	1784088794378	849332544
5748	1524	1784088794379	458563420
5749	1650	1784088794379	2542908535
575	1588	1784088786593	2519016960
5750	1510	1784088794379	2148640573
5751	1622	1784088794380	145139144
5752	1506	1784088794380	3306662870
5753	1647	1784088794381	3678626421
5754	1510	1784088794381	2981554259
5755	1622	1784088794381	1488685971
5756	1506	1784088794382	2038188619
5757	1647	1784088794382	3720873017
5758	1510	1784088794383	329884489
5759	1626	1784088794383	3153418754
576	1500	1784088786593	2487930081
5760	1508	1784088794384	1874049496
5761	1652	1784088794384	3348468863
5762	1512	1784088794384	2256568632
5763	1630	1784088794385	3021431237
5764	1512	1784088794385	3707661460
5765	1659	1784088794386	3868210750
5766	1519	1784088794386	920840765
5767	1590	1784088794387	2335538886
5768	1500	1784088794387	1767874120
5769	1511	1784088794388	2587000647
577	1874	1784088786594	548737482
5770	1503	1784088794388	1193752162
5771	1519	1784088794388	963384399
5772	1509	1784088794389	2289126107
5773	1515	1784088794389	1783150491
5774	1509	1784088794389	714021153
5775	1515	1784088794390	3905824236
5776	1509	1784088794390	2413035859
5777	1515	1784088794391	1981971798
5778	1509	1784088794391	3020077204
5779	1515	1784088794391	3556656577
578	1696	1784088786595	712180608
5780	1509	1784088794391	1163147927
5781	1515	1784088794393	781620635
5782	1509	1784088794393	2713960508
5783	1515	1784088794394	3326180614
5784	1509	1784088794394	1598596624
5785	1515	1784088794395	1495923740
5786	1509	1784088794396	512548888
5787	1516	1784088794396	944190124
5788	1510	1784088794397	1903205483
5789	1516	1784088794398	4142770775
579	1718	1784088786596	4039903680
5790	1510	1784088794398	1508838168
5791	1516	1784088794399	2245529833
5792	1510	1784088794400	1404064251
5793	1516	1784088794400	3248148043
5794	1510	1784088794401	3738428124
5795	1511	1784088794401	731948976
5796	1505	1784088794402	4042163643
5797	1511	1784088794402	3326098624
5798	1505	1784088794402	3489583690
5799	1511	1784088794403	2820470155
58	1607	1784088786245	1089595690
580	1690	1784088786597	4178475603
5800	1505	1784088794403	3004374849
5801	1511	1784088794403	1836557659
5802	1505	1784088794404	99088470
5803	1515	1784088794405	4201298301
5804	1509	1784088794405	2520627027
5805	1515	1784088794406	1941317073
5806	1509	1784088794406	1863555831
5807	1515	1784088794407	4038356486
5808	1509	1784088794407	2958720330
5809	1515	1784088794408	2284395895
581	1873	1784088786598	2227704383
5810	1509	1784088794408	1707436920
5811	1516	1784088794409	2810714627
5812	1510	1784088794409	3927887519
5813	1516	1784088794409	4118731031
5814	1510	1784088794411	3751220756
5815	1516	1784088794411	2130977495
5816	1510	1784088794412	3201201526
5817	1516	1784088794412	1351835455
5818	1510	1784088794413	3028592386
5819	1516	1784088794413	3979226550
582	1695	1784088786598	1123467087
5820	1510	1784088794414	2020193331
5821	1516	1784088794414	1670095355
5822	1510	1784088794415	1058116740
5823	1516	1784088794415	975662132
5824	1510	1784088794415	1458403801
5825	1516	1784088794416	2914223257
5826	1510	1784088794417	3542828225
5827	1516	1784088794417	2054117494
5828	1510	1784088794417	2827421461
5829	1516	1784088794418	3032858765
583	1487	1784088786599	2415885003
5830	1510	1784088794418	2149093478
5831	1516	1784088794418	3354425907
5832	1510	1784088794420	2319960709
5833	1516	1784088794420	2209522833
5834	1510	1784088794421	119830946
5835	1518	1784088794421	2949535773
5836	1512	1784088794422	2930263493
5837	1518	1784088794423	3501205844
5838	1512	1784088794423	1541011063
5839	1518	1784088794424	3899632957
584	1461	1784088786599	1335689925
5840	1512	1784088794425	1723751963
5841	1518	1784088794425	2593885082
5842	1512	1784088794426	737076988
5843	1507	1784088794426	443802344
5844	1501	1784088794427	1217999406
5845	1507	1784088794427	1889155260
5846	1501	1784088794427	2291583186
5847	1507	1784088794429	463752444
5848	1501	1784088794429	4164553703
5849	1507	1784088794429	2518584235
585	1483	1784088786600	3673085764
5850	1501	1784088794430	375275421
5851	1516	1784088794431	732814746
5852	1510	1784088794431	3205693167
5853	1516	1784088794433	2036014734
5854	1510	1784088794433	2325423716
5855	1516	1784088794433	4079084878
5856	1510	1784088794434	3955377414
5857	1516	1784088794434	3702954150
5858	1510	1784088794434	3783825266
5859	1516	1784088794435	1924625457
586	1461	1784088786601	1274444521
5860	1510	1784088794435	1974578073
5861	1516	1784088794436	4229101692
5862	1510	1784088794436	852069166
5863	1516	1784088794437	2780706227
5864	1510	1784088794437	1530226291
5865	1516	1784088794437	841669918
5866	1510	1784088794438	3740490603
5867	1517	1784088794438	4223849289
5868	1511	1784088794439	1955694707
5869	1517	1784088794440	447198403
587	1592	1784088786601	4183134171
5870	1511	1784088794441	2196794159
5871	1517	1784088794441	1922336319
5872	1511	1784088794441	2514232275
5873	1517	1784088794442	3003257696
5874	1511	1784088794442	1059759829
5875	1512	1784088794443	1443679247
5876	1506	1784088794443	1865976533
5877	1512	1784088794444	922298776
5878	1506	1784088794444	3456001490
5879	1512	1784088794444	3338026694
588	1596	1784088786602	2885519612
5880	1506	1784088794445	2613270893
5881	1512	1784088794445	3827055671
5882	1506	1784088794446	2404429157
5883	1516	1784088794446	3904393436
5884	1510	1784088794447	2562812438
5885	1516	1784088794447	1771611591
5886	1510	1784088794448	2783788194
5887	1516	1784088794448	1541524290
5888	1510	1784088794450	1262006444
5889	1516	1784088794451	2214546959
589	1547	1784088786603	2438202234
5890	1510	1784088794451	3679276147
5891	1515	1784088794452	3943029425
5892	1509	1784088794452	4066936895
5893	1515	1784088794453	143146231
5894	1509	1784088794453	1352063941
5895	1515	1784088794454	2316217984
5896	1509	1784088794454	4123902903
5897	1515	1784088794454	350418490
5898	1509	1784088794454	3457907312
5899	1517	1784088794455	1076105511
59	1508	1784088786246	1042551135
590	1545	1784088786603	990663479
5900	1511	1784088794456	2682415038
5901	1517	1784088794456	3438237303
5902	1511	1784088794457	2107211677
5903	1517	1784088794457	278384709
5904	1511	1784088794458	871408865
5905	1517	1784088794458	3524190894
5906	1511	1784088794459	2873461734
5907	1517	1784088794459	4236334384
5908	1511	1784088794459	375936436
5909	1517	1784088794459	501494458
591	1515	1784088786604	1025522897
5910	1511	1784088794461	3758733032
5911	1517	1784088794461	1977024582
5912	1511	1784088794462	4146462228
5913	1517	1784088794462	3024196889
5914	1511	1784088794463	1574140690
5915	1517	1784088794464	1006372902
5916	1511	1784088794464	908110446
5917	1517	1784088794465	2265654149
5918	1511	1784088794465	3604573675
5919	1517	1784088794466	1047565327
592	1605	1784088786604	3481775259
5920	1511	1784088794466	1443188093
5921	1517	1784088794466	2129581916
5922	1511	1784088794467	3034846329
5923	1508	1784088794468	880719411
5924	1502	1784088794469	4288389655
5925	1508	1784088794469	115018816
5926	1502	1784088794469	2805861554
5927	1508	1784088794471	1512134685
5928	1502	1784088794472	2854710922
5929	1508	1784088794472	1355251481
593	1510	1784088786605	2686026410
5930	1502	1784088794472	1114546389
5931	1526	1784088794473	232099999
5932	1516	1784088794474	2854235773
5933	1518	1784088794474	2463896912
5934	1505	1784088794475	3881377577
5935	1599	1784088794476	4198729477
5936	1562	1784088794476	2876702011
5937	1602	1784088794477	2490312549
5938	1508	1784088794477	2151214844
5939	1564	1784088794477	760575330
594	1518	1784088786605	3804118553
5940	1604	1784088794478	2897465186
5941	1509	1784088794478	2025126409
5942	1560	1784088794479	540372899
5943	1627	1784088794479	2402751521
5944	1530	1784088794479	1322377322
5945	1627	1784088794481	3251901399
5946	1530	1784088794481	374019580
5947	1627	1784088794481	3684014189
5948	1530	1784088794482	2349029676
5949	1627	1784088794482	3145747853
595	1471	1784088786606	2346195625
5950	1530	1784088794483	3064282889
5951	1561	1784088794483	496845044
5952	1628	1784088794483	2680441459
5953	1531	1784088794484	1035885316
5954	1628	1784088794484	353172175
5955	1531	1784088794485	1238347980
5956	1628	1784088794485	830562247
5957	1531	1784088794486	1726121108
5958	1628	1784088794486	4115742117
5959	1531	1784088794486	699044916
596	1515	1784088786607	58609251
5960	1549	1784088794487	2014177114
5961	1529	1784088794487	4210293635
5962	1552	1784088794488	2286418605
5963	1529	1784088794489	4266377817
5964	1552	1784088794490	4269821970
5965	1529	1784088794490	1568323335
5966	1552	1784088794490	879362006
5967	1529	1784088794490	4147884525
5968	1567	1784088794491	359734929
5969	1545	1784088794491	4018081749
597	1501	1784088786607	353119627
5970	1523	1784088794491	482309725
5971	1516	1784088794493	1483062636
5972	1527	1784088794493	3621428497
5973	1519	1784088794494	2812991256
5974	1528	1784088794494	2505679494
5975	1514	1784088794495	5641362
5976	1508	1784088794495	1315717017
5977	1500	1784088794495	3048838508
5978	1619	1784088794496	2037458876
5979	1505	1784088794496	2972518423
598	1747	1784088786608	3391618448
5980	1535	1784088794497	3592839902
5981	1520	1784088794497	1145009401
5982	1535	1784088794498	3793494392
5983	1517	1784088794498	3925435901
5984	1514	1784088794498	168268064
5985	1509	1784088794499	3772612562
5986	1529	1784088794499	2223297027
5987	1514	1784088794500	295446133
5988	1523	1784088794500	4010696852
5989	1508	1784088794501	2135656111
599	1544	1784088786609	1580761110
5990	1584	1784088794502	1188444598
5991	1463	1784088794503	3755903745
5992	1618	1784088794503	2689265566
5993	1517	1784088794504	4142857872
5994	1657	1784088794504	1469533637
5995	1520	1784088794505	3477472254
5996	1525	1784088794505	1989076480
5997	1518	1784088794505	3437790673
5998	1655	1784088794506	3750753357
5999	1519	1784088794506	2093063310
6	1533	1784088786170	3425547020
60	1608	1784088786246	3278860610
600	1531	1784088786610	1258196807
6000	1655	1784088794507	670599676
6001	1521	1784088794507	2264580369
6002	1654	1784088794508	802754374
6003	1520	1784088794508	3435027109
6004	1534	1784088794509	1700304523
6005	1524	1784088794510	3148410577
6006	1536	1784088794510	1459543313
6007	1525	1784088794511	520627685
6008	1642	1784088794511	605530667
6009	1502	1784088794511	1726199860
601	1518	1784088786611	2014066353
6010	1528	1784088794511	3549237405
6011	1514	1784088794513	873488403
6012	1526	1784088794513	145738800
6013	1517	1784088794514	539106130
6014	1527	1784088794514	1928273981
6015	1514	1784088794514	493854501
6016	1515	1784088794515	4222548187
6017	1504	1784088794516	792201444
6018	1656	1784088794517	4175901894
6019	1525	1784088794518	1454481561
602	1514	1784088786612	461697817
6020	1510	1784088794518	2476240120
6021	1498	1784088794519	601562939
6022	1510	1784088794519	3732610542
6023	1498	1784088794520	3434887617
6024	1638	1784088794522	218466764
6025	1498	1784088794522	644109454
6026	1638	1784088794523	3825826431
6027	1498	1784088794523	3372446324
6028	1636	1784088794524	2177875508
6029	1498	1784088794524	681936977
603	1516	1784088786614	3598111807
6030	1639	1784088794525	2589865891
6031	1498	1784088794525	219717929
6032	1614	1784088794526	1369589279
6033	1515	1784088794526	60514492
6034	1605	1784088794527	2472032995
6035	1505	1784088794527	1364127025
6036	1615	1784088794527	2554060747
6037	1518	1784088794528	2412757086
6038	1614	1784088794528	1864715316
6039	1503	1784088794529	1307910741
604	1512	1784088786615	3254527493
6040	1662	1784088794530	3017933948
6041	1641	1784088794530	3526582594
6042	1509	1784088794530	1433779858
6043	1509	1784088794533	194115152
6044	1501	1784088794534	211630383
6045	1596	1784088794534	1079088944
6046	1504	1784088794535	2082412251
6047	1595	1784088794535	1665760207
6048	1503	1784088794535	2092792789
6049	1594	1784088794536	765721499
605	1588	1784088786615	4196376062
6050	1501	1784088794536	2729014961
6051	1595	1784088794537	1453119362
6052	1502	1784088794537	105818897
6053	1553	1784088794537	2958721720
6054	1460	1784088794538	1715105416
6055	1503	1784088794539	4049100302
6056	1496	1784088794539	1907449822
6057	1468	1784088794540	2244380481
6058	1477	1784088794540	3678298825
6059	1478	1784088794540	3719968360
606	1509	1784088786616	1350919846
6060	1454	1784088794542	475028416
6061	1888	1784088794542	2889173017
6062	1889	1784088794543	3809366336
6063	1466	1784088794543	128192916
6064	1514	1784088794544	3805193682
6065	1515	1784088794544	1080913891
6066	1511	1784088794545	2844004145
6067	1524	1784088794546	3772832352
6068	1759	1784088794546	2087053395
6069	1758	1784088794547	465298883
607	1594	1784088786616	3393741159
6070	1617	1784088794547	659431893
6071	1510	1784088794548	2967543803
6072	1506	1784088794548	722275528
6073	1599	1784088794549	628446463
6074	1456	1784088794549	1861589779
6075	1597	1784088794550	2490164792
6076	1456	1784088794550	2695313820
6077	1598	1784088794551	1161591687
6078	1456	1784088794551	2794020594
6079	1596	1784088794551	2223873447
608	1596	1784088786617	2140857774
6080	1456	1784088794552	1349640029
6081	1512	1784088794553	1969493192
6082	1541	1784088794554	2405371005
6083	1595	1784088794554	1087059130
6084	1506	1784088794555	2535016332
6085	1514	1784088794555	3097138659
6086	1515	1784088794556	2209657308
6087	1517	1784088794556	323791019
6088	1516	1784088794556	3678904278
6089	1601	1784088794557	595500992
609	1518	1784088786617	3488500436
6090	1599	1784088794557	2926993149
6091	1602	1784088794558	4239983256
6092	1605	1784088794558	3353334934
6093	1688	1784088794558	2495799474
6094	1657	1784088794559	3635805372
6095	1523	1784088794559	55970624
6096	1602	1784088794560	3867618085
6097	1503	1784088794560	231042308
6098	1595	1784088794561	1350469273
6099	1490	1784088794562	1056884325
61	1509	1784088786247	1534886201
610	1516	1784088786618	1159643678
6100	1490	1784088794563	2063945070
6101	1490	1784088794563	2423943004
6102	1490	1784088794563	2991870819
6103	1477	1784088794564	2289453893
6104	1505	1784088794565	4184294419
6105	1465	1784088794565	4057511431
6106	1522	1784088794566	3449737401
6107	1533	1784088794566	4154040829
6108	1520	1784088794566	2871147939
6109	1534	1784088794567	2740361759
611	1519	1784088786619	3864441383
6110	1523	1784088794567	884434047
6111	1523	1784088794568	1059810197
6112	1799	1784088794568	4031098645
6113	1683	1784088794568	941418230
6114	1547	1784088794569	1355547968
6115	1547	1784088794569	3442570510
6116	1547	1784088794570	2957501341
6117	1547	1784088794570	767202259
6118	1579	1784088794571	1945334963
6119	1507	1784088794571	3087193270
612	1599	1784088786620	4281406059
6120	1507	1784088794572	4038456431
6121	1505	1784088794573	3014235297
6122	1462	1784088794573	2372787344
6123	1465	1784088794574	230906898
6124	1504	1784088794574	1840799893
6125	1481	1784088794575	2302732974
6126	1481	1784088794576	2948358297
6127	1481	1784088794576	984871527
6128	1750	1784088794577	3654300133
6129	1750	1784088794577	1686463328
613	1599	1784088786620	3641433512
6130	1749	1784088794578	3231216489
6131	1770	1784088794578	2829958300
6132	1748	1784088794579	1623122567
6133	1777	1784088794579	1005381428
6134	1763	1784088794580	2068554766
6135	1774	1784088794580	4192330815
6136	1762	1784088794581	2378813370
6137	1726	1784088794581	1507216134
6138	1699	1784088794581	1092790646
6139	1711	1784088794582	1305064693
614	1599	1784088786621	1245616020
6140	1702	1784088794583	175324438
6141	1715	1784088794583	2688163424
6142	1705	1784088794586	3070673115
6143	1560	1784088794587	1260104927
6144	1544	1784088794587	2133899453
6145	1671	1784088794588	2664280957
6146	1548	1784088794588	4217518974
6147	1668	1784088794589	1238809413
6148	1546	1784088794589	2787373364
6149	1549	1784088794590	3992755911
615	1597	1784088786621	2246280933
6150	1531	1784088794590	1233981649
6151	1661	1784088794591	2548496309
6152	1535	1784088794591	1012848324
6153	1658	1784088794591	3205002812
6154	1533	1784088794591	2092576573
6155	1468	1784088794593	3128045645
6156	1463	1784088794594	2130981699
6157	1470	1784088794594	644196119
6158	1465	1784088794595	2518995942
6159	1470	1784088794595	4048395109
616	1765	1784088786622	4005035492
6160	1465	1784088794596	1920348902
6161	1474	1784088794596	3569234691
6162	1468	1784088794597	623576079
6163	1465	1784088794597	3047082398
6164	1460	1784088794598	1600287014
6165	1471	1784088794598	4056519785
6166	1462	1784088794599	1346747932
6167	1472	1784088794599	2959060231
6168	1461	1784088794600	1176113981
6169	1468	1784088794600	588539031
617	1456	1784088786622	1986846135
6170	1462	1784088794601	3410231818
6171	1468	1784088794601	2004268800
6172	1463	1784088794603	112128275
6173	1468	1784088794603	58839382
6174	1463	1784088794603	3724655859
6175	1737	1784088794604	3447482048
6176	1741	1784088794604	1633612113
6177	1739	1784088794605	4005877443
6178	1510	1784088794605	2457769252
6179	1510	1784088794606	3475626070
618	1463	1784088786622	738684295
6180	1515	1784088794606	2580209401
6181	1518	1784088794606	3691356948
6182	1546	1784088794607	3648362168
6183	1562	1784088794607	72606619
6184	1597	1784088794608	2263814282
6185	1624	1784088794608	282994803
6186	1676	1784088794609	255440591
6187	1699	1784088794609	585699036
6188	1511	1784088794610	661441838
6189	1458	1784088794610	3945230966
619	1470	1784088786623	781052692
6190	1458	1784088794611	2973923430
6191	1547	1784088794611	3288300891
6192	1551	1784088794611	4198808421
6193	1543	1784088794613	2287029555
6194	1569	1784088794613	3504564805
6195	1541	1784088794613	3375274134
6196	1541	1784088794614	4147190098
6197	1565	1784088794614	242592078
6198	1556	1784088794615	226439049
6199	1556	1784088794615	2146843009
62	1606	1784088786248	744457527
620	1470	1784088786623	1027234015
6200	1483	1784088794615	1963608431
6201	1545	1784088794616	587760561
6202	1627	1784088794616	1393653055
6203	1545	1784088794617	2073986341
6204	1483	1784088794617	225335781
6205	1545	1784088794618	2451869337
6206	1627	1784088794618	3775567495
6207	1545	1784088794618	3400697869
6208	1477	1784088794619	717131508
6209	1475	1784088794619	1860629099
621	1466	1784088786624	2387294725
6210	1545	1784088794620	2573624182
6211	1643	1784088794620	301191667
6212	1508	1784088794621	2489358667
6213	1647	1784088794621	2776624553
6214	1512	1784088794621	266259101
6215	1952	1784088794621	1146694787
6216	1752	1784088794623	1300201741
6217	1936	1784088794623	3502960744
6218	1735	1784088794624	3289837532
6219	1936	1784088794624	959371793
622	1457	1784088786625	2303363824
6220	1735	1784088794624	3555629504
6221	1936	1784088794625	2482818085
6222	1735	1784088794625	374956118
6223	1936	1784088794626	2667341652
6224	1735	1784088794626	2275399382
6225	1936	1784088794626	3099975290
6226	1735	1784088794627	2758326107
6227	1936	1784088794627	2231185846
6228	1735	1784088794627	2137243031
6229	1936	1784088794627	1313759647
623	1518	1784088786625	2707676403
6230	1735	1784088794629	1591468330
6231	1936	1784088794629	3602118170
6232	1735	1784088794630	1793683073
6233	1936	1784088794630	2855909802
6234	1735	1784088794631	3171619984
6235	1936	1784088794631	2294310360
6236	1747	1784088794632	484131417
6237	1949	1784088794632	3551434698
6238	1752	1784088794633	788526826
6239	1933	1784088794633	3128986676
624	1596	1784088786626	4169554626
6240	1735	1784088794633	3016391345
6241	1933	1784088794634	3500349718
6242	1735	1784088794634	1419234246
6243	1933	1784088794634	4141652558
6244	1735	1784088794635	3437108464
6245	1933	1784088794635	1479472593
6246	1735	1784088794635	2836247020
6247	1933	1784088794636	3844492739
6248	1735	1784088794636	874674097
6249	1933	1784088794637	1682170135
625	1463	1784088786626	1453005740
6250	1735	1784088794638	3757539007
6251	1933	1784088794638	2331069961
6252	1735	1784088794638	564700327
6253	1933	1784088794639	1857332975
6254	1735	1784088794639	2960003623
6255	1933	1784088794640	2821971257
6256	1735	1784088794640	2476307370
6257	1933	1784088794641	2471069839
6258	1747	1784088794641	1843458820
6259	1783	1784088794641	1418539096
626	1656	1784088786627	4277541602
6260	1752	1784088794641	450144890
6261	1767	1784088794643	669865415
6262	1735	1784088794644	3868969876
6263	1767	1784088794644	3333207386
6264	1735	1784088794645	2002615572
6265	1767	1784088794645	3621045095
6266	1735	1784088794645	453095870
6267	1767	1784088794646	128804679
6268	1735	1784088794646	3221928818
6269	1767	1784088794647	3687464756
627	1561	1784088786627	1154534251
6270	1735	1784088794647	1845198573
6271	1767	1784088794648	1261308082
6272	1735	1784088794648	1506406726
6273	1767	1784088794649	3323355804
6274	1735	1784088794649	39981685
6275	1767	1784088794649	2640673385
6276	1735	1784088794650	1739702121
6277	1767	1784088794650	3756303847
6278	1735	1784088794651	4204689716
6279	1767	1784088794651	750436170
628	1659	1784088786628	2511416655
6280	1747	1784088794652	667864059
6281	1618	1784088794652	3924975519
6282	1510	1784088794652	3696660051
6283	1616	1784088794653	1833122004
6284	1508	1784088794653	2237622094
6285	1618	1784088794654	2012182799
6286	1510	1784088794654	626297036
6287	1676	1784088794654	2076038634
6288	1502	1784088794655	4165975601
6289	1506	1784088794655	2186705890
629	1562	1784088786629	4043721241
6290	1501	1784088794656	1263865058
6291	1693	1784088794657	1095399340
6292	1506	1784088794657	3688755729
6293	1605	1784088794657	3350680996
6294	1507	1784088794658	2990780479
6295	1605	1784088794658	3609241210
6296	1507	1784088794659	516545898
6297	1605	1784088794660	2460632501
6298	1508	1784088794660	342952927
6299	1605	1784088794661	1412361168
63	1507	1784088786249	1761431785
630	1658	1784088786629	1894279895
6300	1508	1784088794661	4075897148
6301	1559	1784088794661	1954886509
6302	1460	1784088794661	66789481
6303	1562	1784088794663	3739032562
6304	1463	1784088794663	2770262027
6305	1515	1784088794663	3887064202
6306	1732	1784088794664	1131891898
6307	1467	1784088794664	1174744142
6308	1467	1784088794664	968589759
6309	1467	1784088794665	2500624108
631	1561	1784088786630	1038716178
6310	1467	1784088794665	2988246822
6311	1532	1784088794666	4073667121
6312	1518	1784088794666	1773963398
6313	1802	1784088794666	3257971230
6314	1682	1784088794667	1472261717
6315	1804	1784088794667	3444522510
6316	1684	1784088794668	2802234069
6317	1810	1784088794668	2563353194
6318	1690	1784088794669	2402458102
6319	1661	1784088794669	2109242130
632	1659	1784088786631	3412379190
6320	1456	1784088794669	2459140902
6321	1456	1784088794670	1605072590
6322	1764	1784088794670	2262889532
6323	1750	1784088794671	601096859
6324	1757	1784088794671	893520656
6325	1747	1784088794671	2310939436
6326	1758	1784088794671	1886421476
6327	1745	1784088794673	4126695458
6328	1752	1784088794673	418518827
6329	1743	1784088794673	2686596829
633	1562	1784088786631	1602318935
6330	1756	1784088794674	1751959664
6331	1746	1784088794674	3069235735
6332	1648	1784088794675	2274125637
6333	1644	1784088794675	4005719425
6334	1502	1784088794676	2080887486
6335	1717	1784088794676	1667209599
6336	1519	1784088794676	1956096700
6337	1736	1784088794677	301947890
6338	1519	1784088794677	2399549673
6339	1548	1784088794678	769632145
634	1663	1784088786633	1491000130
6340	1519	1784088794678	1662351819
6341	1601	1784088794679	2737878488
6342	1503	1784088794679	4042185484
6343	1594	1784088794680	4102503560
6344	1506	1784088794681	1549828028
6345	1538	1784088794681	2170753253
6346	1519	1784088794681	2474310899
6347	1522	1784088794683	2318419486
6348	1509	1784088794683	1128107855
6349	1524	1784088794683	2316589318
635	1566	1784088786633	4017819330
6350	1509	1784088794683	1975882056
6351	1706	1784088794684	3591814785
6352	1503	1784088794684	3161936180
6353	1699	1784088794685	372724357
6354	1506	1784088794685	2371233657
6355	1648	1784088794686	1412476431
6356	1519	1784088794686	1724228825
6357	1629	1784088794686	3145152040
6358	1509	1784088794687	963601801
6359	1627	1784088794687	1790064534
636	1653	1784088786634	599355740
6360	1509	1784088794688	3040469354
6361	1706	1784088794688	692597089
6362	1503	1784088794688	1776144252
6363	1699	1784088794689	1220532222
6364	1506	1784088794690	629000311
6365	1645	1784088794690	3800800628
6366	1519	1784088794690	2742373094
6367	1629	1784088794691	262118543
6368	1509	1784088794691	1237876873
6369	1627	1784088794691	108787585
637	1564	1784088786634	1178170295
6370	1509	1784088794693	2133892750
6371	1706	1784088794693	1230912214
6372	1503	1784088794694	625231172
6373	1699	1784088794694	1208880990
6374	1506	1784088794694	4098592946
6375	1645	1784088794695	1170415109
6376	1519	1784088794695	1456083660
6377	1629	1784088794696	3947114900
6378	1509	1784088794696	3498385846
6379	1627	1784088794697	2981516599
638	1656	1784088786635	403758974
6380	1509	1784088794697	1977022351
6381	1545	1784088794698	3667808289
6382	1529	1784088794698	842905713
6383	1509	1784088794698	4141675281
6384	1595	1784088794699	4150779293
6385	1502	1784088794699	822126336
6386	1604	1784088794700	588101333
6387	1504	1784088794700	2517205609
6388	1597	1784088794700	2698902410
6389	1502	1784088794701	3413785267
639	1565	1784088786635	3936238963
6390	1510	1784088794701	19504741
6391	1503	1784088794702	2138676412
6392	1517	1784088794702	1324760010
6393	1506	1784088794703	162236183
6394	1601	1784088794703	469369970
6395	1505	1784088794703	3974486728
6396	1519	1784088794704	4105906237
6397	1506	1784088794704	2873540652
6398	1619	1784088794705	1813080763
6399	1509	1784088794705	3932541541
64	1607	1784088786250	1888835532
640	1655	1784088786636	2996256423
6400	1603	1784088794706	342248649
6401	1506	1784088794706	3625673280
6402	1601	1784088794707	4064894743
6403	1505	1784088794707	3244510543
6404	1624	1784088794708	4233422124
6405	1506	1784088794708	2062951803
6406	1619	1784088794709	3518448722
6407	1509	1784088794709	3745020642
6408	1625	1784088794709	3654672227
6409	1612	1784088794710	2672001578
641	1564	1784088786638	92709408
6410	1625	1784088794710	1173075636
6411	1612	1784088794711	1584274920
6412	1712	1784088794711	76927826
6413	1615	1784088794711	2458906814
6414	1712	1784088794713	2522415015
6415	1615	1784088794713	3620329577
6416	1668	1784088794713	3627639300
6417	1571	1784088794714	2359959102
6418	1714	1784088794714	470398427
6419	1617	1784088794715	2204099659
642	1656	1784088786639	2935905879
6420	1714	1784088794715	2857651648
6421	1617	1784088794715	1644729314
6422	1464	1784088794716	2051507882
6423	1457	1784088794716	1658684608
6424	1466	1784088794717	1288556171
6425	1459	1784088794718	4028003758
6426	1466	1784088794718	97677860
6427	1459	1784088794719	1253604521
6428	1465	1784088794719	3855549330
6429	1458	1784088794720	636609578
643	1565	1784088786639	238418190
6430	1466	1784088794720	3007109823
6431	1459	1784088794720	177143145
6432	1466	1784088794721	417556404
6433	1459	1784088794721	1021538985
6434	1464	1784088794722	3034023511
6435	1457	1784088794722	167797451
6436	1465	1784088794723	1768392159
6437	1458	1784088794723	885390216
6438	1465	1784088794724	2910966885
6439	1458	1784088794724	1166431930
644	1660	1784088786640	101585474
6440	1463	1784088794724	2510847773
6441	1463	1784088794725	2192816931
6442	1463	1784088794725	1403627882
6443	1463	1784088794725	2369381473
6444	1463	1784088794726	1939059695
6445	1463	1784088794726	1039617927
6446	1463	1784088794727	3974979022
6447	1463	1784088794728	2522813111
6448	1601	1784088794728	2888072630
6449	1455	1784088794728	3413286460
645	1569	1784088786641	2841360296
6450	1542	1784088794729	2034321709
6451	1455	1784088794729	1915381561
6452	1542	1784088794730	2208264746
6453	1842	1784088794730	4023854905
6454	1839	1784088794731	352931448
6455	1734	1784088794731	3828898345
6456	1814	1784088794732	2282716134
6457	1843	1784088794732	169922409
6458	1846	1784088794733	2666029857
6459	1860	1784088794733	3994506590
646	1657	1784088786642	2317479210
6460	1718	1784088794734	3445741830
6461	1682	1784088794734	1250670885
6462	1641	1784088794734	576587107
6463	1641	1784088794734	2777312710
6464	1655	1784088794735	3210429590
6465	1620	1784088794735	4180235363
6466	1515	1784088794737	1174977287
6467	1592	1784088794737	3368630369
6468	1594	1784088794738	4179223227
6469	1622	1784088794738	3652773957
647	1568	1784088786642	2679096095
6470	1608	1784088794739	2015833870
6471	1512	1784088794739	4165916532
6472	1607	1784088794740	710513840
6473	1511	1784088794740	1540529504
6474	1607	1784088794740	527405536
6475	1511	1784088794741	3293332680
6476	1607	1784088794742	1608103578
6477	1511	1784088794742	1298068215
6478	1655	1784088794742	217745386
6479	1590	1784088794743	2314349403
648	1660	1784088786643	994269562
6480	1571	1784088794743	4047518128
6481	1571	1784088794744	3855958119
6482	1571	1784088794744	534069460
6483	1571	1784088794745	713134382
6484	1569	1784088794745	4168030293
6485	1569	1784088794745	3117187292
6486	1569	1784088794747	2229643925
6487	1569	1784088794747	4085095134
6488	1463	1784088794747	1442948127
6489	1463	1784088794748	2838249002
649	1569	1784088786644	4158539088
6490	1463	1784088794748	2974746
6491	1463	1784088794749	2252316839
6492	1563	1784088794749	607279110
6493	1563	1784088794750	4098172989
6494	1563	1784088794750	639820346
6495	1563	1784088794751	3523594614
6496	1571	1784088794751	1985256753
6497	1571	1784088794751	1656874214
6498	1571	1784088794752	443845513
6499	1571	1784088794753	790649459
65	1508	1784088786251	1650188018
650	1659	1784088786644	3481382722
6500	1593	1784088794753	2817877153
6501	1593	1784088794754	1856616803
6502	1593	1784088794754	2795433852
6503	1593	1784088794754	1267968434
6504	1592	1784088794755	2296544951
6505	1592	1784088794755	3625925316
6506	1592	1784088794756	941139446
6507	1592	1784088794756	2380090230
6508	1463	1784088794756	3938113282
6509	1463	1784088794757	4255191868
651	1568	1784088786645	2125620827
6510	1463	1784088794757	1419790604
6511	1463	1784088794758	3659014423
6512	1452	1784088794758	2303269829
6513	1456	1784088794759	1728098035
6514	1550	1784088794759	140094297
6515	1557	1784088794760	2166240588
6516	1555	1784088794760	2193275806
6517	1546	1784088794761	3083134024
6518	1551	1784088794761	3570290229
6519	1558	1784088794761	2339573375
652	1660	1784088786645	4218672119
6520	1556	1784088794762	3114404993
6521	1547	1784088794762	609823153
6522	1626	1784088794763	2452707635
6523	1669	1784088794763	3875840488
6524	1698	1784088794763	141053621
6525	1624	1784088794764	4144035308
6526	1763	1784088794764	1228186080
6527	1641	1784088794764	3508358742
6528	1647	1784088794765	2138795738
6529	1668	1784088794765	441120548
653	1569	1784088786646	3810057482
6530	1461	1784088794766	2398344134
6531	1461	1784088794766	2554026454
6532	1461	1784088794767	1207512384
6533	1461	1784088794768	222757170
6534	1461	1784088794768	3571424835
6535	1643	1784088794769	555977859
6536	1676	1784088794769	1267344202
6537	1606	1784088794770	1002177532
6538	1743	1784088794770	450738094
6539	1621	1784088794771	1244092786
654	1664	1784088786647	2974463920
6540	1623	1784088794771	389351614
6541	1731	1784088794771	1556770318
6542	1469	1784088794771	2598849316
6543	1574	1784088794773	520334578
6544	1545	1784088794773	3677709657
6545	1587	1784088794774	661829993
6546	1587	1784088794774	2026481415
6547	1523	1784088794774	3309712098
6548	1599	1784088794774	3309202144
6549	1681	1784088794775	1180004431
655	1573	1784088786647	1755830513
6550	1682	1784088794775	244176454
6551	1667	1784088794777	1465321975
6552	1680	1784088794777	2906788078
6553	1686	1784088794777	3318752546
6554	1612	1784088794777	386046985
6555	1664	1784088794779	1892909681
6556	1682	1784088794779	2859873453
6557	1667	1784088794780	2762025012
6558	1662	1784088794780	2195176650
6559	1686	1784088794780	2616078505
656	1737	1784088786648	197176090
6560	1631	1784088794780	1912991588
6561	1469	1784088794780	2780688347
6562	1819	1784088794781	1058332768
6563	1821	1784088794782	4068529333
6564	1459	1784088794782	1252968724
6565	1463	1784088794783	4012171213
6566	1461	1784088794783	319347853
6567	1457	1784088794784	952352914
6568	1595	1784088794784	80000188
6569	1583	1784088794784	3264930008
657	1633	1784088786648	4247354879
6570	1671	1784088794786	587438292
6571	1604	1784088794786	1193094635
6572	1507	1784088794787	2544467541
6573	1653	1784088794787	2035102719
6574	1500	1784088794787	2968600540
6575	1644	1784088794788	511030104
6576	1506	1784088794788	1555232376
6577	1526	1784088794789	2183858880
6578	1510	1784088794789	543599661
6579	1517	1784088794790	1177258837
658	1740	1784088786649	1017864222
6580	1508	1784088794790	3580592661
6581	1517	1784088794790	1704768215
6582	1508	1784088794791	545423226
6583	1647	1784088794791	4198126705
6584	1510	1784088794791	1655881920
6585	1802	1784088794791	2221908470
6586	1684	1784088794793	3991648553
6587	1921	1784088794793	3703451893
6588	1773	1784088794794	1369566075
6589	1882	1784088794794	3190690224
659	1634	1784088786650	3332515401
6590	1779	1784088794795	3216973504
6591	1944	1784088794795	1782812723
6592	1772	1784088794795	3865376117
6593	1948	1784088794795	593142097
6594	1776	1784088794796	637917176
6595	1949	1784088794796	619393959
6596	1777	1784088794797	2437407623
6597	1950	1784088794797	1000075743
6598	1778	1784088794798	3878065922
6599	1899	1784088794798	4177605503
66	1604	1784088786252	3417510478
660	1739	1784088786650	1323101969
6600	1793	1784088794799	3302505385
6601	1889	1784088794799	2513981079
6602	1771	1784088794800	810829078
6603	1912	1784088794800	1662462191
6604	1794	1784088794801	1314373674
6605	1953	1784088794801	2712912757
6606	1790	1784088794801	3631345242
6607	1815	1784088794801	3295493933
6608	1794	1784088794803	4032878520
6609	1960	1784088794803	1280384008
661	1633	1784088786651	115327608
6610	1795	1784088794804	2295353063
6611	1957	1784088794804	47040351
6612	1792	1784088794805	3018380326
6613	1871	1784088794805	300245644
6614	1779	1784088794805	1091238986
6615	2000	1784088794806	228671618
6616	1782	1784088794806	1165075110
6617	1916	1784088794807	2617283705
6618	1784	1784088794807	3025662427
6619	1816	1784088794808	2787891812
662	1740	1784088786652	1093019518
6620	1683	1784088794808	582544951
6621	1868	1784088794808	2137678186
6622	1748	1784088794809	3046341717
6623	1854	1784088794809	455878152
6624	1753	1784088794810	3441436689
6625	1909	1784088794810	1501488931
6626	1782	1784088794811	974377999
6627	1911	1784088794811	2593038870
6628	1783	1784088794811	3704409926
6629	1852	1784088794813	4201156131
663	1634	1784088786653	871505403
6630	1753	1784088794813	1350927026
6631	1894	1784088794814	4187623674
6632	1780	1784088794815	2709587029
6633	1905	1784088794815	3194969368
6634	1783	1784088794815	1109477024
6635	1528	1784088794815	607300757
6636	1467	1784088794816	1339668829
6637	1473	1784088794816	840397599
6638	1507	1784088794817	4033063218
6639	1521	1784088794817	1643798564
664	1744	1784088786654	175592068
6640	1591	1784088794818	3954469635
6641	1609	1784088794818	2440182096
6642	1608	1784088794818	1436727895
6643	1607	1784088794819	1410861841
6644	1607	1784088794819	1305247319
6645	1610	1784088794820	2853448179
6646	1528	1784088794820	224253581
6647	1528	1784088794820	3891340916
6648	1510	1784088794821	1466841060
6649	1596	1784088794821	3711781912
665	1638	1784088786655	2118814850
6650	1596	1784088794821	648912683
6651	1516	1784088794823	3465103308
6652	1513	1784088794823	2688123278
6653	1513	1784088794824	2759495415
6654	1596	1784088794824	1425566611
6655	1515	1784088794825	3771617554
6656	1529	1784088794825	3941533812
6657	1464	1784088794825	2126974273
6658	1465	1784088794826	581426336
6659	1508	1784088794826	2549948831
666	1502	1784088786656	2571781418
6660	1469	1784088794827	213352938
6661	1468	1784088794827	1684262258
6662	1478	1784088794827	1802981729
6663	1473	1784088794828	2268222181
6664	1538	1784088794828	2594859653
6665	1485	1784088794829	1881531965
6666	1745	1784088794829	943690331
6667	1512	1784088794830	3998581764
6668	1555	1784088794830	570959837
6669	1555	1784088794831	2354143651
667	1703	1784088786656	2444039694
6670	1573	1784088794831	2526613602
6671	1617	1784088794831	231713568
6672	1616	1784088794831	258182101
6673	1488	1784088794833	1066160616
6674	1468	1784088794833	58292974
6675	1473	1784088794834	2849447251
6676	1458	1784088794834	3135901343
6677	1477	1784088794835	829493302
6678	1478	1784088794835	2780025955
6679	1480	1784088794835	1120488601
668	1551	1784088786658	3907970627
6680	1481	1784088794835	276191586
6681	1553	1784088794836	440638094
6682	1459	1784088794836	2663274336
6683	1556	1784088794837	662183001
6684	1462	1784088794837	1178246877
6685	1612	1784088794837	3345674390
6686	1512	1784088794838	719698097
6687	1612	1784088794838	1189950878
6688	1512	1784088794839	1130276388
6689	1612	1784088794839	158045398
669	1512	1784088786659	1969248758
6690	1512	1784088794840	2663694408
6691	1612	1784088794840	1023788518
6692	1512	1784088794840	2084347126
6693	1508	1784088794841	896768405
6694	1504	1784088794841	2762794224
6695	1465	1784088794841	4270090893
6696	1533	1784088794843	312807212
6697	1599	1784088794843	2292944556
6698	1504	1784088794843	2917634222
6699	1472	1784088794844	3713409428
67	1505	1784088786256	1360773180
670	1513	1784088786660	3033491466
6700	1460	1784088794844	3121438871
6701	1529	1784088794845	1078378150
6702	1519	1784088794845	843748830
6703	1520	1784088794845	3644289764
6704	1510	1784088794845	2886186661
6705	1522	1784088794846	3102226201
6706	1512	1784088794846	1008702829
6707	1544	1784088794847	2257725371
6708	1463	1784088794848	3668284233
6709	1466	1784088794848	870702940
671	1511	1784088786660	4081973553
6710	1820	1784088794849	2326953477
6711	1519	1784088794849	10371486
6712	1606	1784088794849	2611868280
6713	1510	1784088794850	816110840
6714	1516	1784088794850	4218871507
6715	1512	1784088794851	660620702
6716	1512	1784088794851	2002523762
6717	1515	1784088794852	3733661210
6718	1523	1784088794852	3287597490
6719	1603	1784088794852	930521431
672	1510	1784088786661	255440445
6720	1698	1784088794853	2570441985
6721	1479	1784088794853	3079032015
6722	1529	1784088794854	483270287
6723	1500	1784088794854	1406955695
6724	1718	1784088794854	3034152943
6725	1615	1784088794855	2963245030
6726	1794	1784088794855	2243287162
6727	1796	1784088794855	931759451
6728	1549	1784088794855	841608568
6729	1597	1784088794857	3425606578
673	1509	1784088786662	1558964595
6730	1507	1784088794857	201297465
6731	1546	1784088794858	1772236443
6732	1531	1784088794858	897959231
6733	1548	1784088794858	549190289
6734	1533	1784088794859	1877569315
6735	1546	1784088794859	627932155
6736	1532	1784088794860	3533062634
6737	1552	1784088794861	3900159817
6738	1537	1784088794861	1983765168
6739	1699	1784088794861	2731415206
674	1515	1784088786663	1607891362
6740	1676	1784088794861	2967937409
6741	1529	1784088794862	3033579367
6742	1504	1784088794863	1506387444
6743	1521	1784088794863	3564328659
6744	1502	1784088794864	318196168
6745	1699	1784088794864	1183611972
6746	1713	1784088794865	182256701
6747	1514	1784088794865	3020942401
6748	1519	1784088794865	3587065959
6749	1509	1784088794867	2092871661
675	1519	1784088786663	2718600143
6750	1557	1784088794867	650559152
6751	1458	1784088794868	273160608
6752	1556	1784088794868	1024925911
6753	1456	1784088794868	75448009
6754	1535	1784088794869	2328127996
6755	1656	1784088794869	3059108113
6756	1504	1784088794870	110024352
6757	1504	1784088794870	2383261909
6758	1590	1784088794871	2414613808
6759	1635	1784088794871	2565264195
676	1506	1784088786664	1168573779
6760	1606	1784088794871	1099246923
6761	1579	1784088794871	2425907104
6762	1609	1784088794873	1114619510
6763	1582	1784088794873	3745291209
6764	1607	1784088794874	2079423987
6765	1580	1784088794874	3660267604
6766	1599	1784088794874	4290560160
6767	1569	1784088794875	3240635851
6768	1553	1784088794875	1646234137
6769	1511	1784088794876	666304776
677	1522	1784088786664	366139460
6770	1509	1784088795161	1809281428
6771	1512	1784088795161	199293868
6772	1523	1784088795162	467583350
6773	1693	1784088795162	2317940335
6774	1707	1784088795163	3594254554
6775	1707	1784088795164	665392373
6776	1707	1784088795164	1515194038
6777	1707	1784088795165	536726250
6778	1707	1784088795165	4205754263
6779	1707	1784088795166	188505016
678	1512	1784088786665	909290384
6780	1580	1784088795166	3428942620
6781	1572	1784088795167	2218082534
6782	1572	1784088795167	2815199746
6783	1459	1784088795168	2721999908
6784	1542	1784088795168	2243161599
6785	1597	1784088795168	1017498530
6786	1606	1784088795169	3204578421
6787	1521	1784088795169	1278553917
6788	1662	1784088795170	3638655183
6789	1662	1784088795170	2066165606
679	1512	1784088786665	1845142019
6790	1523	1784088795171	127387305
6791	1500	1784088795171	3679822438
6792	1634	1784088795172	1148570291
6793	1510	1784088795172	30975902
6794	1512	1784088795172	3353138930
6795	1501	1784088795173	4090867282
6796	1565	1784088795173	1222197428
6797	1471	1784088795174	3074385576
6798	1626	1784088795174	3405638492
6799	1628	1784088795175	105033061
68	1605	1784088786257	2406100600
680	1501	1784088786666	3754968926
6800	1626	1784088795176	2023711294
6801	1628	1784088795176	2187083861
6802	1626	1784088795177	3132899715
6803	1624	1784088795177	937550475
6804	1628	1784088795178	2717925932
6805	1624	1784088795178	1787963401
6806	1628	1784088795179	3748003429
6807	1628	1784088795179	2876149822
6808	1626	1784088795179	132178871
6809	1720	1784088795180	43547067
681	1516	1784088786667	4183967660
6810	1546	1784088795180	4120581956
6811	1590	1784088795181	228147730
6812	1522	1784088795181	307586677
6813	1702	1784088795181	203726252
6814	1463	1784088795182	3747456656
6815	1453	1784088795182	201162645
6816	1504	1784088795183	2957246415
6817	1610	1784088795183	1939387862
6818	1620	1784088795184	4233478538
6819	1660	1784088795184	3170189654
682	1520	1784088786667	19412800
6820	1506	1784088795184	760719596
6821	1637	1784088795185	2883703264
6822	1464	1784088795185	231797714
6823	1464	1784088795186	2524614480
6824	1548	1784088795186	2362554148
6825	1550	1784088795187	1192651856
6826	1550	1784088795187	2603283534
6827	1550	1784088795187	1422480138
6828	1469	1784088795188	3416245393
6829	1469	1784088795189	792766388
683	1508	1784088786668	3670424439
6830	1553	1784088795189	253280742
6831	1555	1784088795190	2387299882
6832	1555	1784088795190	320770287
6833	1555	1784088795191	1426782173
6834	1468	1784088795191	2170659730
6835	1468	1784088795191	438577015
6836	1552	1784088795192	1650661186
6837	1554	1784088795192	339632406
6838	1554	1784088795193	1165066744
6839	1554	1784088795193	1019980417
684	1467	1784088786669	89113527
6840	1460	1784088795194	3665700538
6841	1460	1784088795194	216512389
6842	1544	1784088795195	3092422824
6843	1546	1784088795195	2162036567
6844	1546	1784088795196	3353352947
6845	1546	1784088795196	3677272243
6846	1468	1784088795196	1104799023
6847	1468	1784088795197	110867495
6848	1552	1784088795197	3104912265
6849	1554	1784088795198	3362864
685	1464	1784088786669	42263684
6850	1554	1784088795198	3690455898
6851	1554	1784088795198	2723006499
6852	1476	1784088795199	441924945
6853	1481	1784088795199	764010347
6854	1467	1784088795200	3856241405
6855	1472	1784088795200	3710450547
6856	1526	1784088795201	1799545276
6857	1479	1784088795201	774167166
6858	1522	1784088795201	1371802003
6859	1479	1784088795202	3768795638
686	1467	1784088786670	3397457238
6860	1531	1784088795202	1908016623
6861	1483	1784088795203	1177943534
6862	1533	1784088795203	3917133352
6863	1479	1784088795203	3460802510
6864	1486	1784088795204	1825104268
6865	1604	1784088795204	760625315
6866	1605	1784088795205	4260060518
6867	1597	1784088795205	3761396881
6868	1597	1784088795206	4263747206
6869	1598	1784088795206	667897590
687	1471	1784088786670	3532461731
6870	1590	1784088795206	880983782
6871	1590	1784088795207	1429739199
6872	1590	1784088795207	2930731075
6873	1590	1784088795208	234946609
6874	1590	1784088795208	2196804602
6875	1597	1784088795209	2301455248
6876	1597	1784088795209	697974058
6877	1597	1784088795210	884361709
6878	1597	1784088795210	4237067407
6879	1598	1784088795210	3730895829
688	1466	1784088786671	2954841626
6880	1598	1784088795211	479712465
6881	1598	1784088795211	428519350
6882	1598	1784088795212	849232498
6883	1458	1784088795212	454456490
6884	1457	1784088795213	2155782263
6885	1549	1784088795213	2088036751
6886	1696	1784088795214	1131530802
6887	1740	1784088795214	3442395726
6888	1481	1784088795214	2220902341
6889	1591	1784088795215	1224946699
689	1469	1784088786672	701990274
6890	1575	1784088795215	2581637360
6891	1465	1784088795216	3460793124
6892	1458	1784088795216	2822438901
6893	1554	1784088795217	3847440320
6894	1584	1784088795217	2668625176
6895	1557	1784088795217	1508656955
6896	1610	1784088795218	3262304195
6897	1473	1784088795218	3982421192
6898	1476	1784088795219	1816873033
6899	1458	1784088795219	2999141001
69	1506	1784088786258	2054550407
690	1461	1784088786673	858278367
6900	1464	1784088795219	2172197434
6901	1472	1784088795220	1427760291
6902	1454	1784088795220	1002765746
6903	1594	1784088795221	569156377
6904	1468	1784088795221	2177433827
6905	1474	1784088795222	3168377028
6906	1474	1784088795222	674048098
6907	1473	1784088795223	385631496
6908	1604	1784088795223	2175869882
6909	1592	1784088795223	3774736367
691	1528	1784088786674	538245463
6910	1618	1784088795224	489896039
6911	1596	1784088795224	2658743916
6912	1611	1784088795226	3965375920
6913	1593	1784088795226	3386155253
6914	1631	1784088795227	2334153831
6915	1607	1784088795227	2142203342
6916	1659	1784088795228	3705326818
6917	1636	1784088795228	3800154780
6918	1663	1784088795228	3878463534
6919	1646	1784088795229	2804016730
692	1672	1784088786675	4218242971
6920	1623	1784088795229	3023065319
6921	1606	1784088795230	3871771090
6922	1693	1784088795230	3185353184
6923	1593	1784088795230	33913767
6924	1651	1784088795231	2619742235
6925	1639	1784088795231	4168398057
6926	1469	1784088795231	3308978869
6927	1453	1784088795233	2266647562
6928	1453	1784088795233	1379696956
6929	1453	1784088795233	3605204490
693	1680	1784088786676	1089976110
6930	1453	1784088795234	1624811292
6931	1453	1784088795234	3825674282
6932	1453	1784088795235	2987835185
6933	1453	1784088795235	919154695
6934	1453	1784088795236	506827015
6935	1453	1784088795236	2599034417
6936	1453	1784088795236	3439036714
6937	1453	1784088795237	1210320412
6938	1453	1784088795237	2634205994
6939	1453	1784088795238	433931292
694	1571	1784088786677	1534951272
6940	1453	1784088795238	1626364861
6941	1453	1784088795239	3828339851
6942	1453	1784088795239	2990424976
6943	1453	1784088795240	920767654
6944	1453	1784088795240	505245094
6945	1511	1784088795241	826496768
6946	1602	1784088795241	3996788395
6947	1513	1784088795243	1043710734
6948	1514	1784088795244	768546057
6949	1514	1784088795244	2027287687
695	1461	1784088786678	2806193623
6950	1601	1784088795245	1438552404
6951	1599	1784088795245	1065811558
6952	1595	1784088795246	750176739
6953	1601	1784088795246	211142408
6954	1518	1784088795246	2678229043
6955	1593	1784088795247	2380517391
6956	1607	1784088795247	4029920231
6957	1513	1784088795248	3267753283
6958	1590	1784088795248	2558967345
6959	1805	1784088795248	3891794243
696	1691	1784088786678	3267551331
6960	1655	1784088795249	604011585
6961	1474	1784088795249	1496090626
6962	1531	1784088795250	1911600741
6963	1458	1784088795250	1245918197
6964	1463	1784088795251	1921524758
6965	1470	1784088795251	2641770935
6966	1596	1784088795251	2165725415
6967	1472	1784088795252	880660717
6968	1511	1784088795252	2143855886
6969	1560	1784088795253	412195365
697	1547	1784088786679	1829311394
6970	1476	1784088795253	3860701217
6971	1514	1784088795254	483319701
6972	1507	1784088795254	299290595
6973	1521	1784088795255	4125164529
6974	1507	1784088795255	284700288
6975	1520	1784088795256	569471837
6976	1507	1784088795256	994005930
6977	1516	1784088795257	3251246105
6978	1508	1784088795257	1694742047
6979	1599	1784088795258	2692093420
698	1545	1784088786680	2019880675
6980	1506	1784088795258	2490742255
6981	1603	1784088795258	364048735
6982	1505	1784088795259	1364974485
6983	1607	1784088795259	1931719119
6984	1505	1784088795260	874407143
6985	1485	1784088795260	3400416330
6986	1479	1784088795260	1311016903
6987	1520	1784088795261	2589401594
6988	1510	1784088795261	141518457
6989	1519	1784088795262	3261749709
699	1514	1784088786680	2726850592
6990	1521	1784088795262	2541556918
6991	1513	1784088795262	2688130146
6992	1515	1784088795263	487653968
6993	1506	1784088795263	115432517
6994	1506	1784088795264	4108233289
6995	1506	1784088795264	1804612494
6996	1506	1784088795265	2536649684
6997	1519	1784088795265	1944882418
6998	1521	1784088795266	3954597461
6999	1520	1784088795266	1360430941
7	1517	1784088786171	146531602
70	1608	1784088786259	4218484656
700	1596	1784088786681	2089757808
7000	1514	1784088795267	2029458984
7001	1666	1784088795267	3823712152
7002	1515	1784088795268	366753440
7003	1484	1784088795268	3878248189
7004	1463	1784088795269	752177650
7005	1455	1784088795269	3351479948
7006	1455	1784088795270	126236910
7007	1455	1784088795270	3538627243
7008	1455	1784088795271	2155463009
7009	1455	1784088795272	3748191349
701	1597	1784088786681	2702685412
7010	1455	1784088795272	33296048
7011	1455	1784088795272	2168635967
7012	1455	1784088795273	1734983693
7013	1455	1784088795273	2355086300
7014	1455	1784088795274	1910039069
7015	1455	1784088795274	2599346636
7016	1455	1784088795275	2093343742
7017	1455	1784088795275	3947217671
7018	1455	1784088795275	1345358974
7019	1455	1784088795276	642018440
702	1602	1784088786682	1264500707
7020	1455	1784088795276	657651087
7021	1455	1784088795277	3560004506
7022	1455	1784088795277	2432936731
7023	1455	1784088795278	670372540
7024	1455	1784088795278	4068601514
7025	1455	1784088795279	1805430740
7026	1455	1784088795279	2071822751
7027	1455	1784088795280	218718569
7028	1455	1784088795280	2705506918
7029	1455	1784088795281	3600810661
703	1593	1784088786683	533392392
7030	1455	1784088795281	1145340763
7031	1455	1784088795282	2943516810
7032	1455	1784088795282	3274018281
7033	1455	1784088795283	672370232
7034	1455	1784088795283	2830413028
7035	1455	1784088795283	425341005
7036	1455	1784088795284	3764173493
7037	1455	1784088795284	892446960
7038	1455	1784088795285	454385682
7039	1455	1784088795285	951213614
704	1595	1784088786683	3930827895
7040	1455	1784088795285	69771877
7041	1455	1784088795286	4011762100
7042	1455	1784088795287	154510214
7043	1455	1784088795287	2662695807
7044	1455	1784088795287	528777622
7045	1455	1784088795288	1777361248
7046	1455	1784088795288	1848615773
7047	1455	1784088795289	4002508754
7048	1455	1784088795289	2737704146
7049	1455	1784088795290	1209536259
705	1595	1784088786684	4115115499
7050	1476	1784088795290	3913169465
7051	1622	1784088795291	4200915749
7052	1599	1784088795291	1096673133
7053	1569	1784088795292	615565435
7054	1517	1784088795292	1724485501
7055	1506	1784088795292	3249982269
7056	1514	1784088795293	477381187
7057	1503	1784088795293	2884599631
7058	1519	1784088795294	1125957572
7059	1508	1784088795294	3601419947
706	1595	1784088786684	252096221
7060	1516	1784088795294	3512740985
7061	1505	1784088795295	483285993
7062	1528	1784088795295	2784997399
7063	1524	1784088795296	405605128
7064	1511	1784088795296	2447370818
7065	1507	1784088795296	608118757
7066	1513	1784088795297	2310740100
7067	1509	1784088795297	2797654810
7068	1511	1784088795298	587089953
7069	1507	1784088795298	529721310
707	1595	1784088786685	1688302621
7070	1522	1784088795298	2525494390
7071	1518	1784088795299	2546867252
7072	1522	1784088795299	2002131086
7073	1518	1784088795300	1305520422
7074	1524	1784088795300	2825494880
7075	1520	1784088795301	2948701490
7076	1522	1784088795301	2924593990
7077	1518	1784088795302	2245928168
7078	1609	1784088795302	734217205
7079	1520	1784088795303	2463623790
708	1547	1784088786685	530286662
7080	1512	1784088795303	1859353922
7081	1508	1784088795304	2792789001
7082	1512	1784088795304	1632113915
7083	1508	1784088795305	3218687963
7084	1508	1784088795305	2628817538
7085	1504	1784088795306	3284367417
7086	1510	1784088795306	1234825079
7087	1506	1784088795307	3712344606
7088	1506	1784088795307	3032374099
7089	1502	1784088795307	2614784113
709	1506	1784088786686	431396499
7090	1465	1784088795308	2569557923
7091	1457	1784088795308	266089472
7092	1467	1784088795309	4227452258
7093	1459	1784088795309	1562675608
7094	1470	1784088795310	2827403268
7095	1462	1784088795310	2576903092
7096	1469	1784088795311	1696369746
7097	1469	1784088795312	479555172
7098	1469	1784088795312	2591930882
7099	1469	1784088795313	3340972652
71	1508	1784088786260	35993625
710	1544	1784088786687	2651122644
7100	1469	1784088795313	3243142827
7101	1469	1784088795314	3573430518
7102	1469	1784088795314	2094936758
7103	1469	1784088795314	1631013615
7104	1469	1784088795315	2127037682
7105	1469	1784088795315	1470186920
7106	1469	1784088795316	2856227926
7107	1469	1784088795316	1113929165
7108	1592	1784088795317	2437422684
7109	1614	1784088795317	484861792
711	1643	1784088786687	3736915343
7110	1522	1784088795318	2520523187
7111	1512	1784088795318	2351569813
7112	1523	1784088795318	4002548095
7113	1507	1784088795319	1843076308
7114	1522	1784088795319	1278045317
7115	1505	1784088795320	108804503
7116	1523	1784088795320	2147436942
7117	1508	1784088795321	2155472734
7118	1527	1784088795321	1375083274
7119	1525	1784088795321	1779434653
712	1473	1784088786688	166270434
7120	1520	1784088795322	3180725315
7121	1637	1784088795322	3837726273
7122	1605	1784088795323	1522202502
7123	1512	1784088795324	897050920
7124	1626	1784088795324	531672274
7125	1507	1784088795325	3089285518
7126	1606	1784088795325	3284839262
7127	1508	1784088795325	1457341638
7128	1607	1784088795326	298817862
7129	1512	1784088795326	671387644
713	1544	1784088787877	3182884837
7130	1607	1784088795326	899448337
7131	1507	1784088795328	4262857184
7132	1608	1784088795328	4211925326
7133	1508	1784088795328	2738985934
7134	1625	1784088795329	2942497423
7135	1512	1784088795329	2872994922
7136	1627	1784088795330	3078070741
7137	1507	1784088795330	1113229447
7138	1607	1784088795330	3486347579
7139	1508	1784088795331	1412546127
714	1619	1784088789171	241424153
7140	1629	1784088795331	237118258
7141	1632	1784088795331	1447888565
7142	1683	1784088795333	162795223
7143	1521	1784088795333	4250632530
7144	1512	1784088795334	2219927251
7145	1523	1784088795334	3737001059
7146	1533	1784088795334	2791782386
7147	1526	1784088795335	3704921750
7148	1631	1784088795335	3075498931
7149	1521	1784088795336	681566150
715	1615	1784088790473	4236428590
7150	1802	1784088795336	3855326914
7151	1584	1784088795337	3354523746
7152	1584	1784088795337	758395165
7153	1584	1784088795338	4060250950
7154	1584	1784088795338	2074641614
7155	1594	1784088795338	4278690454
7156	1508	1784088795339	4129240487
7157	1579	1784088795339	3213225493
7158	1704	1784088795340	3720053617
7159	1592	1784088795340	3853561497
716	1509	1784088791075	2897892255
7160	1460	1784088795340	963217688
7161	1575	1784088795341	3907241438
7162	1618	1784088795341	2602304850
7163	1507	1784088795342	3571387747
7164	1599	1784088795342	2609613046
7165	1504	1784088795343	2058482213
7166	1515	1784088795343	328214417
7167	1504	1784088795343	538170531
7168	1514	1784088795344	3738149871
7169	1503	1784088795344	1954610549
717	1688	1784088791075	1183638006
7170	1679	1784088795345	70415602
7171	1532	1784088795345	1865820167
7172	1602	1784088795346	2723681728
7173	1506	1784088795346	3048335538
7174	1603	1784088795346	2658656173
7175	1507	1784088795347	2167313445
7176	1518	1784088795348	1318512411
7177	1506	1784088795349	1306370252
7178	1639	1784088795349	2316401565
7179	1503	1784088795350	3218102902
718	1691	1784088791076	787989819
7180	1646	1784088795350	2657808440
7181	1510	1784088795351	3402278415
7182	1638	1784088795351	2006049107
7183	1505	1784088795351	824353983
7184	1678	1784088795352	921437419
7185	1505	1784088795353	116637651
7186	1619	1784088795353	2916255054
7187	1504	1784088795354	1988864158
7188	1677	1784088795354	3003994945
7189	1502	1784088795355	1484814290
719	1697	1784088791077	532185159
7190	1683	1784088795355	2166896297
7191	1508	1784088795356	2367824420
7192	1641	1784088795356	1264378058
7193	1508	1784088795357	2865410765
7194	1678	1784088795357	3748633963
7195	1509	1784088795358	4165839815
7196	1621	1784088795358	3555995628
7197	1508	1784088795359	533432639
7198	1678	1784088795359	2408087053
7199	1505	1784088795359	3583654205
72	1608	1784088786261	2467659200
720	1608	1784088791077	4202811859
7200	1686	1784088795360	1727572339
7201	1513	1784088795360	3698029540
7202	1600	1784088795361	1893181507
7203	1504	1784088795361	1930910156
7204	1601	1784088795362	1961838568
7205	1505	1784088795362	182516466
7206	1516	1784088795363	1967061611
7207	1504	1784088795363	2810122186
7208	1638	1784088795364	2174629196
7209	1502	1784088795364	1611870030
721	1609	1784088791078	468936274
7210	1644	1784088795365	4183907268
7211	1508	1784088795365	3249658653
7212	1603	1784088795366	515504843
7213	1507	1784088795366	3050600326
7214	1603	1784088795367	3205425598
7215	1507	1784088795367	3500387869
7216	1518	1784088795368	252621328
7217	1506	1784088795368	41147639
7218	1640	1784088795369	3099789204
7219	1504	1784088795370	2559539916
722	1617	1784088791078	690192216
7220	1646	1784088795370	974690476
7221	1510	1784088795371	296363652
7222	1564	1784088795371	2283345690
7223	1627	1784088795372	1680370406
7224	1528	1784088795373	727343718
7225	1530	1784088795373	1046538046
7226	1552	1784088795373	3385008273
7227	1460	1784088795374	2471342515
7228	1599	1784088795374	2671414394
7229	1506	1784088795375	1852290994
723	1616	1784088791079	2647353868
7230	1514	1784088795375	427676999
7231	1460	1784088795376	1710168436
7232	1520	1784088795376	599920774
7233	1522	1784088795376	2890047007
7234	1517	1784088795377	3339010917
7235	1508	1784088795377	2745052726
7236	1514	1784088795378	4229736109
7237	1516	1784088795378	18788297
7238	1514	1784088795379	1470187803
7239	1514	1784088795379	2289073078
724	1616	1784088791079	1785643170
7240	1516	1784088795380	1261934069
7241	1514	1784088795380	1041442350
7242	1516	1784088795381	942269984
7243	1514	1784088795381	2361001618
7244	1516	1784088795381	2903208543
7245	1514	1784088795382	2150654231
7246	1516	1784088795382	3725918602
7247	1514	1784088795383	848904619
7248	1514	1784088795383	3228581443
7249	1514	1784088795384	2569317917
725	1616	1784088791080	2193593965
7250	1514	1784088795384	3956121107
7251	1514	1784088795384	2996375117
7252	1514	1784088795385	1499774639
7253	1514	1784088795385	3157745
7254	1514	1784088795386	1441716522
7255	1514	1784088795386	213535092
7256	1514	1784088795386	3880253846
7257	1516	1784088795387	1900521300
7258	1514	1784088795387	1291458080
7259	1516	1784088795388	4084070974
726	1616	1784088791080	1623026557
7260	1514	1784088795388	2770526455
7261	1516	1784088795388	1774851863
7262	1514	1784088795389	395034699
7263	1516	1784088795389	450127042
7264	1514	1784088795390	453093326
7265	1516	1784088795390	2415325373
7266	1514	1784088795391	2846394226
7267	1516	1784088795391	4243096424
7268	1514	1784088795392	34957508
7269	1512	1784088795392	252737080
727	1518	1784088791081	1997962978
7270	1514	1784088795393	698927252
7271	1512	1784088795393	1134487348
7272	1514	1784088795394	2600593448
7273	1512	1784088795394	1767248168
7274	1516	1784088795394	2036804816
7275	1512	1784088795395	370084620
7276	1516	1784088795396	175726341
7277	1512	1784088795396	1019739408
7278	1516	1784088795397	2287141487
7279	1512	1784088795397	3904716612
728	1475	1784088791081	208004911
7280	1516	1784088795398	1239119221
7281	1512	1784088795398	3370205543
7282	1516	1784088795399	985990816
7283	1512	1784088795399	3794384763
7284	1516	1784088795400	2951189215
7285	1512	1784088795400	2641407327
7286	1516	1784088795401	3707363594
7287	1518	1784088795401	1122365687
7288	1516	1784088795402	1590934624
7289	1518	1784088795402	3358448825
729	1613	1784088791081	168677886
7290	1516	1784088795402	851339617
7291	1518	1784088795403	663726030
7292	1516	1784088795403	1101011636
7293	1518	1784088795404	315409676
7294	1516	1784088795404	3565326027
7295	1518	1784088795404	1292460618
7296	1516	1784088795405	2812083486
7297	1501	1784088795405	2027736423
7298	1516	1784088795406	632725620
7299	1501	1784088795406	1963870818
73	1508	1784088786261	2918722012
730	1686	1784088791082	2564831022
7300	1516	1784088795406	1051732022
7301	1516	1784088795407	3934753532
7302	1501	1784088795407	392699325
7303	1516	1784088795408	2576998697
7304	1516	1784088795408	3633106844
7305	1516	1784088795409	213611862
7306	1518	1784088795409	2529822578
7307	1516	1784088795409	2141521539
7308	1518	1784088795410	469904188
7309	1516	1784088795410	4254030825
731	1518	1784088791082	2117503927
7310	1518	1784088795411	4087369803
7311	1516	1784088795412	2447544040
7312	1518	1784088795412	3336778377
7313	1516	1784088795413	3808230717
7314	1518	1784088795413	2569442767
7315	1516	1784088795414	2011064642
7316	1518	1784088795415	2892363533
7317	1516	1784088795415	79698583
7318	1518	1784088795415	648928067
7319	1544	1784088795416	4046951349
732	1667	1784088791082	1727633211
7320	1517	1784088795416	4128808068
7321	1630	1784088795417	3032519550
7322	1520	1784088795417	309835909
7323	1630	1784088795417	2631209438
7324	1519	1784088795418	1214035764
7325	1629	1784088795418	62859851
7326	1518	1784088795419	448376216
7327	1626	1784088795419	3887543577
7328	1519	1784088795420	531260257
7329	1532	1784088795420	4032609844
733	1510	1784088791083	3810787274
7330	1619	1784088795421	2876721708
7331	1618	1784088795421	682849426
7332	1834	1784088795421	4157307127
7333	1725	1784088795422	3373097425
7334	1881	1784088795422	1341516187
7335	1727	1784088795423	2119312098
7336	1873	1784088795423	3129095968
7337	1725	1784088795423	1130190378
7338	1835	1784088795424	683690508
7339	1726	1784088795424	1958598646
734	1457	1784088791083	1573635311
7340	1881	1784088795425	469988237
7341	1727	1784088795425	733905527
7342	1873	1784088795426	4210587952
7343	1725	1784088795426	1722110166
7344	1834	1784088795426	2223389069
7345	1725	1784088795427	4220093768
7346	1881	1784088795427	1042706273
7347	1727	1784088795428	3626997951
7348	1873	1784088795428	2508788466
7349	1725	1784088795428	756394390
735	1599	1784088791084	2910345867
7350	1834	1784088795429	1988521441
7351	1725	1784088795429	1702320399
7352	1881	1784088795430	1790724192
7353	1727	1784088795431	3590788377
7354	1873	1784088795431	2933159880
7355	1725	1784088795431	1205835567
7356	1834	1784088795431	3976225453
7357	1725	1784088795433	4108669014
7358	1881	1784088795433	1713912786
7359	1727	1784088795434	422242861
736	1599	1784088791084	774389475
7360	1873	1784088795434	1591929603
7361	1725	1784088795435	125231487
7362	1841	1784088795435	3965108256
7363	1750	1784088795435	2361052909
7364	1841	1784088795436	658498192
7365	1750	1784088795436	3846028686
7366	1815	1784088795437	3224664407
7367	1721	1784088795437	1581908856
7368	1815	1784088795438	2960394056
7369	1721	1784088795438	2048402016
737	1555	1784088791085	3983844720
7370	1868	1784088795439	3471654282
7371	1771	1784088795439	4047132373
7372	1869	1784088795440	27188195
7373	1771	1784088795440	496837630
7374	1897	1784088795441	2486510616
7375	1756	1784088795441	206476162
7376	1898	1784088795442	3962845877
7377	1756	1784088795442	612663603
7378	1841	1784088795442	1923543915
7379	1727	1784088795443	3130417185
738	1553	1784088791085	860922346
7380	1843	1784088795443	3816283574
7381	1727	1784088795444	1601819206
7382	1886	1784088795444	1646377982
7383	1728	1784088795445	1143524215
7384	1888	1784088795445	2344323729
7385	1728	1784088795446	4100801901
7386	1788	1784088795446	3343934493
7387	1674	1784088795446	4276618324
7388	1785	1784088795447	3782845247
7389	1674	1784088795447	1541263465
739	1596	1784088791087	1298566861
7390	1823	1784088795448	1288503815
7391	1687	1784088795448	3906462315
7392	1802	1784088795448	2103136717
7393	1687	1784088795449	1957973189
7394	1791	1784088795449	2171006073
7395	1681	1784088795450	3418821090
7396	1788	1784088795450	2525245292
7397	1681	1784088795451	325146653
7398	1647	1784088795451	483867125
7399	1652	1784088795452	4134311037
74	1785	1784088786262	1389765227
740	1691	1784088791088	1217417735
7400	1669	1784088795452	4281270292
7401	1637	1784088795452	3321498474
7402	1637	1784088795453	3826709465
7403	1647	1784088795453	3348131046
7404	1644	1784088795454	1017740121
7405	1649	1784088795454	4107021830
7406	1648	1784088795455	2723471888
7407	1679	1784088795455	3660453151
7408	1607	1784088795456	2969397471
7409	1827	1784088795456	1115611535
741	1505	1784088791088	59703409
7410	1529	1784088795456	3055454551
7411	1521	1784088795457	313364306
7412	1466	1784088795457	3081326972
7413	1530	1784088795458	3952995312
7414	1515	1784088795458	4141719121
7415	1497	1784088795459	680009411
7416	1467	1784088795459	694782541
7417	1459	1784088795460	2196806796
7418	1469	1784088795460	179222857
7419	1459	1784088795460	108356241
742	1504	1784088791089	730893608
7420	1476	1784088795461	1000940928
7421	1568	1784088795461	2711643339
7422	1565	1784088795462	1408827233
7423	1565	1784088795462	83602597
7424	1565	1784088795463	2662103610
7425	1565	1784088795463	3383699966
7426	1565	1784088795464	816504242
7427	1565	1784088795464	1739165302
7428	1565	1784088795465	678939658
7429	1565	1784088795465	2138349518
743	1505	1784088791089	2817651394
7430	1565	1784088795465	4049441957
7431	1565	1784088795466	2791229281
7432	1523	1784088795466	3378407836
7433	1731	1784088795467	4266895070
7434	1709	1784088795467	4209849158
7435	1728	1784088795468	1301302252
7436	1706	1784088795468	3131744991
7437	1756	1784088795469	2247774632
7438	1734	1784088795469	280181637
7439	1779	1784088795469	3632259694
744	1507	1784088791090	4266457634
7440	1756	1784088795470	207845140
7441	1768	1784088795470	1844323031
7442	1743	1784088795471	2454782392
7443	1758	1784088795471	3355311640
7444	1737	1784088795471	4157380809
7445	1766	1784088795472	4227714839
7446	1744	1784088795472	674723216
7447	1747	1784088795473	3872332911
7448	1730	1784088795474	1758379368
7449	1772	1784088795475	2886028170
745	1507	1784088791090	4147256402
7450	1753	1784088795475	250420472
7451	1752	1784088795476	4022791477
7452	1725	1784088795476	1608683983
7453	1771	1784088795476	1576617029
7454	1772	1784088795477	3616153437
7455	1768	1784088795477	3544393359
7456	1768	1784088795478	1312023985
7457	1771	1784088795478	4057775885
7458	1775	1784088795479	2263244650
7459	1775	1784088795479	512889885
746	1672	1784088791091	3979658175
7460	1775	1784088795480	3861762465
7461	1773	1784088795480	1861516283
7462	1680	1784088795480	2024370159
7463	1592	1784088795481	899218279
7464	1598	1784088795481	3238906384
7465	1515	1784088795482	2329652129
7466	1593	1784088795482	697761331
7467	1458	1784088795483	2154861757
7468	1600	1784088795483	941920932
7469	1458	1784088795483	2832736321
747	1677	1784088791092	555252300
7470	1521	1784088795484	1944772333
7471	1606	1784088795484	3069724673
7472	1509	1784088795485	2021318870
7473	1594	1784088795485	1435042689
7474	1614	1784088795486	1992493567
7475	1624	1784088795486	789294090
7476	1621	1784088795487	1816257854
7477	1521	1784088795487	953570739
7478	1508	1784088795488	2919495912
7479	1513	1784088795488	4223716992
748	1514	1784088791092	4286141260
7480	1653	1784088795489	690877220
7481	1633	1784088795489	279120348
7482	1613	1784088795489	1007289413
7483	1593	1784088795490	1805412977
7484	1660	1784088795490	2149952354
7485	1639	1784088795491	4210001711
7486	1618	1784088795491	490559092
7487	1597	1784088795491	3793382170
7488	1659	1784088795491	4114611763
7489	1638	1784088795493	3278397481
749	1518	1784088791093	1756163904
7490	1617	1784088795493	3988910136
7491	1596	1784088795494	370842384
7492	1660	1784088795494	3132982913
7493	1639	1784088795495	3190248338
7494	1618	1784088795495	992652391
7495	1597	1784088795495	3601820964
7496	1514	1784088795496	4258516494
7497	1644	1784088795496	2348304810
7498	1574	1784088795497	3703399580
7499	1468	1784088795497	530256758
75	1678	1784088786263	776110263
750	1670	1784088791093	3920234254
7500	1459	1784088795497	1933809546
7501	1464	1784088795498	3253543596
7502	1474	1784088795498	1980475758
7503	1460	1784088795499	3042597379
7504	1457	1784088795499	3079506684
7505	1466	1784088795499	1757159463
7506	1467	1784088795500	1403178469
7507	1461	1784088795500	167979345
7508	1641	1784088795501	560009393
7509	1530	1784088795501	3239474261
751	1468	1784088791094	1861497683
7510	1624	1784088795501	502055820
7511	1514	1784088795502	3228808329
7512	1589	1784088795502	242634075
7513	1597	1784088795503	3122576387
7514	1607	1784088795503	1254775482
7515	1513	1784088795503	924243777
7516	1504	1784088795504	2098597949
7517	1595	1784088795504	2196286223
7518	1513	1784088795505	1327319166
7519	1511	1784088795505	2462907448
752	1455	1784088791094	548612315
7520	1625	1784088795506	1272032649
7521	1536	1784088795506	2927828735
7522	1524	1784088795507	36134548
7523	1519	1784088795507	159832877
7524	1519	1784088795507	2771951962
7525	1519	1784088795508	2053862944
7526	1519	1784088795508	2921669510
7527	1598	1784088795509	43602428
7528	1590	1784088795509	2769013410
7529	1510	1784088795509	727349745
753	1607	1784088791095	324875168
7530	1617	1784088795510	1576208415
7531	1614	1784088795510	28131597
7532	1512	1784088795511	2470432579
7533	1522	1784088795511	3898865460
7534	1527	1784088795512	2732165261
7535	1524	1784088795512	937222913
7536	1470	1784088795513	1418773752
7537	1671	1784088795513	2939157435
7538	1481	1784088795513	199486577
7539	1643	1784088795514	2664755179
754	1519	1784088791095	3846405217
7540	1514	1784088795514	1287750702
7541	1525	1784088795515	1290608382
7542	1521	1784088795515	3875233227
7543	1512	1784088795516	193982957
7544	1509	1784088795516	126733454
7545	1603	1784088795517	3689648112
7546	1516	1784088795517	2972266676
7547	1579	1784088795518	436209562
7548	1465	1784088795518	1180811613
7549	1459	1784088795519	4099164981
755	1491	1784088791095	2769692585
7550	1464	1784088795519	3569224737
7551	1458	1784088795520	2937320888
7552	1576	1784088795520	3294562290
7553	1462	1784088795521	2509148189
7554	1465	1784088795521	3110193249
7555	1458	1784088795522	2871625280
7556	1466	1784088795522	3290882736
7557	1459	1784088795523	1038061487
7558	1464	1784088795524	527803207
7559	1457	1784088795524	759984039
756	1554	1784088791097	3114042027
7560	1466	1784088795524	2397355445
7561	1459	1784088795525	916442704
7562	1463	1784088795525	4078696417
7563	1459	1784088795526	4293061434
7564	1531	1784088795526	1226460118
7565	1613	1784088795527	4122118424
7566	1521	1784088795527	1382802076
7567	1503	1784088795527	1467012435
7568	1609	1784088795527	1463584696
7569	1507	1784088795528	2165639589
757	1506	1784088791097	1573232903
7570	1563	1784088795528	930469549
7571	1460	1784088795529	295782412
7572	1665	1784088795529	2882674571
7573	1624	1784088795529	2689162291
7574	1614	1784088795530	13527340
7575	1599	1784088795530	2327688402
7576	1509	1784088795531	1000465578
7577	1700	1784088795531	1207326763
7578	1514	1784088795531	1728503838
7579	1696	1784088795533	2262350210
758	1512	1784088791098	781064295
7580	1674	1784088795533	1821541198
7581	1517	1784088795534	3255299725
7582	1507	1784088795534	2573841790
7583	1511	1784088795535	864197226
7584	1512	1784088795535	1800401932
7585	1512	1784088795535	1395900806
7586	1456	1784088795536	4275912948
7587	1505	1784088795536	270434756
7588	1505	1784088795537	786604294
7589	1505	1784088795537	235251667
759	1515	1784088791099	3297235023
7590	1505	1784088795538	70406322
7591	1505	1784088795538	617961063
7592	1515	1784088795539	3174107721
7593	1520	1784088795539	4176638605
7594	1528	1784088795539	2578110839
7595	1526	1784088795540	2368229176
7596	1527	1784088795540	986268110
7597	1468	1784088795541	171957528
7598	1458	1784088795541	3135439402
7599	1456	1784088795541	2230570393
76	1469	1784088786265	1779227417
760	1506	1784088791099	3857183870
7600	1462	1784088795542	1388733143
7601	1460	1784088795542	3445924364
7602	1467	1784088795543	299498464
7603	1465	1784088795543	2024426739
7604	1461	1784088795544	476255909
7605	1469	1784088795544	2274099448
7606	1458	1784088795544	172545275
7607	1470	1784088795545	90833187
7608	1459	1784088795545	3324088440
7609	1458	1784088795546	2424850783
761	1511	1784088791100	553087853
7610	1464	1784088795546	2065646431
7611	1470	1784088795546	3492065278
7612	1464	1784088795547	2782830488
7613	1460	1784088795547	2684312891
7614	1461	1784088795548	251635902
7615	1461	1784088795548	1779510762
7616	1461	1784088795548	842297237
7617	1461	1784088795549	3691070195
7618	1461	1784088795549	2395684005
7619	1457	1784088795550	1106472181
762	1544	1784088791100	1725263835
7620	1464	1784088795550	985747766
7621	1576	1784088795550	2186358643
7622	1607	1784088795551	3607639617
7623	1458	1784088795551	4095417883
7624	1607	1784088795552	2247686291
7625	1458	1784088795552	2720956524
7626	1607	1784088795552	2625132352
7627	1458	1784088795553	653068414
7628	1518	1784088795553	617292400
7629	1688	1784088795554	3284286062
763	1521	1784088791101	3476393567
7630	1706	1784088795554	663596203
7631	1458	1784088795555	155602793
7632	1604	1784088795555	1687786336
7633	1641	1784088795556	3980734200
7634	1647	1784088795556	1922990619
7635	1643	1784088795557	602092639
7636	1471	1784088795557	1244735268
7637	1655	1784088795557	3958545016
7638	1646	1784088795558	3908653658
7639	1852	1784088795558	2445371550
764	1544	1784088791101	3639495490
7640	1851	1784088795559	519326789
7641	1850	1784088795559	3561019120
7642	1851	1784088795560	3356724224
7643	1851	1784088795560	3063233380
7644	1851	1784088795561	221029218
7645	1851	1784088795561	1940526086
7646	1851	1784088795562	3916978129
7647	1851	1784088795563	2550063285
7648	1851	1784088795563	1545862119
7649	1473	1784088795563	3799534420
765	1520	1784088791102	4170467112
7650	1596	1784088795564	2548032370
7651	1505	1784088795564	2504616732
7652	1609	1784088795565	2409699088
7653	1514	1784088795565	2492648055
7654	1609	1784088795565	332989246
7655	1514	1784088795566	1842728607
7656	1609	1784088795566	1052100048
7657	1514	1784088795567	2352492792
7658	1609	1784088795567	278294710
7659	1514	1784088795568	1143652622
766	1544	1784088791102	69752074
7660	1649	1784088795568	389246151
7661	1512	1784088795568	1902623260
7662	1649	1784088795569	849649460
7663	1512	1784088795569	4239975820
7664	1649	1784088795570	2949238597
7665	1512	1784088795570	3682394754
7666	1649	1784088795571	2721649901
7667	1512	1784088795571	2389790413
7668	1745	1784088795572	2020595879
7669	1717	1784088795572	2617251226
767	1797	1784088791103	2021829272
7670	1461	1784088795573	3900499238
7671	1584	1784088795573	45126860
7672	1545	1784088795574	2534178964
7673	1668	1784088795574	3444811155
7674	1545	1784088795575	2001748419
7675	1709	1784088795575	2717177711
7676	1641	1784088795575	2500379700
7677	1522	1784088795576	345895161
7678	1604	1784088795576	1587650264
7679	1536	1784088795577	675855748
768	1590	1784088791104	3062263550
7680	1523	1784088795578	106565451
7681	1466	1784088795578	2643890030
7682	1523	1784088795578	3808229106
7683	1508	1784088795579	728209905
7684	1528	1784088795579	392488419
7685	1508	1784088795580	205962733
7686	1551	1784088795580	220623361
7687	1531	1784088795581	2786036110
7688	1530	1784088795581	1687939648
7689	1509	1784088795581	1262753606
769	1522	1784088791104	1117284975
7690	1534	1784088795582	3801306939
7691	1529	1784088795582	3806173185
7692	1617	1784088795583	917117772
7693	1518	1784088795583	1904572871
7694	1617	1784088795584	4162742117
7695	1518	1784088795584	4114718014
7696	1617	1784088795584	3651594242
7697	1518	1784088795585	3257846817
7698	1617	1784088795585	2448468407
7699	1518	1784088795586	2606197924
77	1553	1784088786266	801140040
770	1544	1784088791105	2256467533
7700	1618	1784088795586	4096126534
7701	1522	1784088795587	1019650146
7702	1605	1784088795587	2256689929
7703	1510	1784088795587	3224924392
7704	1617	1784088795588	26413590
7705	1518	1784088795588	2251329871
7706	1617	1784088795589	3664289329
7707	1518	1784088795589	43015268
7708	1617	1784088795590	3288344900
7709	1518	1784088795590	894662413
771	1480	1784088791105	1998790621
7710	1617	1784088795590	825356019
7711	1518	1784088795591	9952983
7712	1618	1784088795591	1533080183
7713	1522	1784088795592	738740730
7714	1605	1784088795592	1661514695
7715	1510	1784088795593	1664860350
7716	1617	1784088795593	1082222160
7717	1518	1784088795593	3941183938
7718	1617	1784088795594	2762656357
7719	1518	1784088795594	1860503199
772	1704	1784088791107	3309514878
7720	1617	1784088795595	2580269381
7721	1518	1784088795595	3964488801
7722	1617	1784088795596	3998068962
7723	1518	1784088795596	3046676114
7724	1618	1784088795597	664740163
7725	1522	1784088795597	492532562
7726	1605	1784088795597	623239616
7727	1510	1784088795598	262320122
7728	1539	1784088795598	1529656717
7729	1512	1784088795599	2400449835
773	1602	1784088791107	1036160282
7730	1627	1784088795599	3975875968
7731	1627	1784088795599	3589196882
7732	1641	1784088795600	3644488728
7733	1663	1784088795600	3429051631
7734	1663	1784088795601	3948406095
7735	1643	1784088795601	2264771126
7736	1665	1784088795602	1273862532
7737	1665	1784088795602	4013517812
7738	1630	1784088795603	1221511622
7739	1514	1784088795604	3919763250
774	1599	1784088791108	1416089560
7740	1525	1784088795604	1959993970
7741	1508	1784088795605	1350042969
7742	1529	1784088795606	4107406217
7743	1514	1784088795606	3061931481
7744	1638	1784088795606	888140941
7745	1517	1784088795607	1373847918
7746	1638	1784088795607	4262552341
7747	1517	1784088795608	2857408280
7748	1635	1784088795608	3375151959
7749	1516	1784088795609	124067850
775	1785	1784088791108	4144711225
7750	1640	1784088795609	1196469035
7751	1517	1784088795610	2490877495
7752	1631	1784088795610	2356392837
7753	1508	1784088795611	3287173573
7754	1638	1784088795611	987376926
7755	1517	1784088795612	2175649352
7756	1468	1784088795612	2076187984
7757	1459	1784088795612	403859418
7758	1474	1784088795613	390262270
7759	1476	1784088795613	287674472
776	1767	1784088791109	2078683306
7760	1460	1784088795614	1809910442
7761	1486	1784088795614	42512652
7762	1468	1784088795615	892962609
7763	1473	1784088795616	3136084956
7764	1457	1784088795616	973530564
7765	1483	1784088795617	2551265691
7766	1465	1784088795617	560731099
7767	1467	1784088795618	3100846033
7768	1458	1784088795619	4246088650
7769	1477	1784088795619	295243645
777	1763	1784088791110	1187854775
7770	1466	1784088795620	2387841317
7771	1480	1784088795620	3509042649
7772	1462	1784088795621	3181879428
7773	1559	1784088795621	629736690
7774	1483	1784088795622	4222524805
7775	1587	1784088795623	3433077086
7776	1589	1784088795623	2674957033
7777	1589	1784088795623	1550903599
7778	1491	1784088795624	718907250
7779	1637	1784088795625	2161067487
778	1751	1784088791111	2311557744
7780	1574	1784088795625	2890497712
7781	1634	1784088795626	804763899
7782	1637	1784088795626	2316703178
7783	1574	1784088795627	2175238843
7784	1634	1784088795627	2546320327
7785	1638	1784088795627	1136636221
7786	1575	1784088795628	2223944558
7787	1635	1784088795628	674078333
7788	1636	1784088795629	249367477
7789	1573	1784088795629	3300842772
779	1506	1784088791112	2075730921
7790	1633	1784088795629	3941149879
7791	1634	1784088795630	2879649193
7792	1571	1784088795630	1839802458
7793	1631	1784088795631	717683799
7794	1638	1784088795631	749599135
7795	1575	1784088795633	3292865000
7796	1635	1784088795633	1925557312
7797	1641	1784088795634	853381761
7798	1578	1784088795634	3756351625
7799	1638	1784088795634	2276549444
78	1884	1784088786267	2280840962
780	1506	1784088791112	3732386954
7800	1468	1784088795635	668729820
7801	1678	1784088795635	3757852798
7802	1502	1784088795636	4140652405
7803	1473	1784088795636	248554752
7804	1571	1784088795637	2997971515
7805	1556	1784088795638	3295715880
7806	1706	1784088795638	482634013
7807	1721	1784088795639	834204246
7808	1710	1784088795640	4149414137
7809	1724	1784088795640	4170342296
781	1506	1784088791113	3479723241
7810	1596	1784088795641	2176857323
7811	1515	1784088795641	2963053999
7812	1615	1784088795642	2434410386
7813	1520	1784088795642	1291140004
7814	1518	1784088795643	3906047204
7815	1618	1784088795643	3002327700
7816	1520	1784088795644	949287183
7817	1521	1784088795644	2834423829
7818	1611	1784088795645	4212536511
7819	1520	1784088795645	2755051250
782	1508	1784088791114	4067340860
7820	1514	1784088795646	318215317
7821	1592	1784088795646	2432132254
7822	1520	1784088795647	3009023591
7823	1516	1784088795647	4265028296
7824	1593	1784088795648	1571021134
7825	1520	1784088795648	2638957623
7826	1517	1784088795649	538756192
7827	1604	1784088795649	1673735335
7828	1520	1784088795650	1536789297
7829	1528	1784088795651	3598355809
783	1592	1784088791114	4270995677
7830	1589	1784088795651	4199797419
7831	1520	1784088795652	1018224715
7832	1513	1784088795652	958352162
7833	1598	1784088795653	3501004243
7834	1520	1784088795653	1221665504
7835	1522	1784088795654	1985894407
7836	1588	1784088795654	3060566210
7837	1520	1784088795655	3525402950
7838	1512	1784088795655	1263915924
7839	1622	1784088795656	3044187122
784	1643	1784088791115	1234223713
7840	1520	1784088795656	2541052832
7841	1525	1784088795657	10187183
7842	1618	1784088795658	1963443800
7843	1520	1784088795658	226828294
7844	1521	1784088795659	3418897848
7845	1590	1784088795659	2774499963
7846	1520	1784088795660	2045043373
7847	1514	1784088795660	1707089406
7848	1611	1784088795661	4006351749
7849	1520	1784088795661	3846612304
785	1622	1784088791115	3199285506
7850	1514	1784088795662	337270258
7851	1590	1784088795662	1351136304
7852	1520	1784088795663	3625930449
7853	1514	1784088795664	1717898612
7854	1597	1784088795664	1282368166
7855	1520	1784088795664	4128115841
7856	1521	1784088795665	1431603502
7857	1623	1784088795666	3465682497
7858	1520	1784088795666	819776391
7859	1526	1784088795667	2424695087
786	1516	1784088791115	3866475656
7860	1601	1784088795667	1043595669
7861	1520	1784088795668	2109799401
7862	1525	1784088795668	2453299215
7863	1612	1784088795669	3799973897
7864	1520	1784088795669	161560898
7865	1515	1784088795670	3587452294
7866	1614	1784088795670	1842235420
7867	1520	1784088795670	2471590628
7868	1517	1784088795671	627401075
7869	1595	1784088795671	2745644940
787	1510	1784088791118	3687433168
7870	1520	1784088795672	2824508734
7871	1519	1784088795672	3753465258
7872	1616	1784088795673	2137074962
7873	1520	1784088795673	850056856
7874	1519	1784088795674	418812223
7875	1623	1784088795674	1580452039
7876	1520	1784088795675	1187714099
7877	1526	1784088795675	1612075509
7878	1605	1784088795676	2145471766
7879	1520	1784088795676	3664335822
788	1512	1784088791118	57157426
7880	1529	1784088795677	3983790385
7881	1590	1784088795677	854658315
7882	1520	1784088795678	834287907
7883	1514	1784088795678	1621362497
7884	1611	1784088795678	3467179237
7885	1520	1784088795679	531331955
7886	1514	1784088795680	4274941527
7887	1602	1784088795680	3876017032
7888	1520	1784088795681	3648633973
7889	1526	1784088795682	2585839721
789	1506	1784088791119	2848417874
7890	1624	1784088795682	2906670704
7891	1520	1784088795683	3192968975
7892	1527	1784088795683	3956454868
7893	1595	1784088795684	2608450555
7894	1520	1784088795684	3392214436
7895	1519	1784088795685	1651732259
7896	1591	1784088795685	4031507772
7897	1520	1784088795686	1354847746
7898	1515	1784088795686	226840253
7899	1614	1784088795687	2483029063
79	1625	1784088786268	1010974005
790	1508	1784088791119	4100540023
7900	1520	1784088795687	3462898971
7901	1517	1784088795688	2107566696
7902	1598	1784088795688	3551622530
7903	1520	1784088795689	1419241149
7904	1522	1784088795689	2652868473
7905	1620	1784088795690	2405201082
7906	1520	1784088795690	553002006
7907	1523	1784088795691	3454527951
7908	1614	1784088795691	3796323799
7909	1520	1784088795692	3159647211
791	1501	1784088791120	3115971076
7910	1517	1784088795692	643872389
7911	1602	1784088795692	1935867919
7912	1520	1784088795693	2165147754
7913	1526	1784088795693	503030671
7914	1591	1784088795694	3303466239
7915	1520	1784088795694	2937899578
7916	1515	1784088795695	1031399144
7917	1674	1784088795695	3965351830
7918	1576	1784088795696	2132674345
7919	1620	1784088795696	1706283697
792	1505	1784088791120	1743092736
7920	1523	1784088795697	3869720904
7921	1602	1784088795697	2645020883
7922	1477	1784088795698	582902249
7923	1547	1784088795699	348025856
7924	1547	1784088795699	1940793704
7925	1547	1784088795700	3998439718
7926	1547	1784088795700	1174277119
7927	1521	1784088795701	1737652490
7928	1509	1784088795701	4211297330
7929	1509	1784088795701	4025185028
793	1601	1784088791121	1084299118
7930	1510	1784088795702	3040112187
7931	1503	1784088795702	942493682
7932	1505	1784088795703	2454857788
7933	1507	1784088795704	3173423397
7934	1515	1784088795704	3531242912
7935	1506	1784088795705	3029769057
7936	1590	1784088795706	3452473060
7937	1505	1784088795706	1333800413
7938	1471	1784088795707	792747693
7939	1474	1784088795707	2585254799
794	1512	1784088791121	1686621096
7940	1465	1784088795708	2023468682
7941	1513	1784088795709	1929155122
7942	1662	1784088795709	3728758304
7943	1518	1784088795709	1081227789
7944	1662	1784088795710	1578320307
7945	1505	1784088795710	4166908628
7946	1598	1784088795711	910135485
7947	1502	1784088795711	1002888828
7948	1656	1784088795712	3322520788
7949	1462	1784088795713	4242770562
795	1506	1784088791121	1444745494
7950	1673	1784088795713	273927718
7951	1594	1784088795714	3183296233
7952	1522	1784088795714	510631469
7953	1504	1784088795715	806630896
7954	1566	1784088795715	65507567
7955	1461	1784088795716	1507701991
7956	1505	1784088795717	1464494417
7957	1504	1784088795717	1258444546
7958	1523	1784088795718	683324894
7959	1515	1784088795718	3937259465
796	1463	1784088791123	182480028
7960	1469	1784088795719	2634687275
7961	1509	1784088795719	3280966122
7962	1509	1784088795719	1347350400
7963	1509	1784088795720	1151783094
7964	1509	1784088795720	2227655172
7965	1509	1784088795721	2419027250
7966	1506	1784088795722	1603363019
7967	1507	1784088795722	2544979295
7968	1515	1784088795723	1494852016
7969	1515	1784088795723	3817185038
797	1467	1784088791124	149398041
7970	1518	1784088795724	3200175293
7971	1530	1784088795724	3461120699
7972	1657	1784088795725	488590949
7973	1508	1784088795725	125201450
7974	1551	1784088795726	57897383
7975	1476	1784088795726	3282590224
7976	1477	1784088795727	3905254531
7977	1467	1784088795727	2350560263
7978	1478	1784088795729	3113350380
7979	1469	1784088795730	2730090106
798	1468	1784088791124	3005189999
7980	1549	1784088795730	3444528567
7981	1477	1784088795731	1873099552
7982	1476	1784088795731	1871777436
7983	1476	1784088795732	823912054
7984	1474	1784088795732	2857183835
7985	1472	1784088795733	3969784263
7986	1469	1784088795733	1954123417
7987	1549	1784088795733	964137801
7988	1477	1784088795735	2091796164
7989	1470	1784088795735	168430206
799	1454	1784088791125	3099875231
7990	1465	1784088795735	4062432103
7991	1475	1784088795735	2342762810
7992	1478	1784088795736	631688300
7993	1466	1784088795736	1746977466
7994	1466	1784088795737	886175536
7995	1475	1784088795737	892023873
7996	1474	1784088795738	3107468148
7997	1478	1784088795738	1802176875
7998	1474	1784088795739	3950066204
7999	1475	1784088795739	4083203166
8	1531	1784088786171	3958251513
80	1625	1784088786269	710009459
800	1683	1784088791125	2858325798
8000	1476	1784088795741	45167665
8001	1476	1784088795741	2122615612
8002	1478	1784088795742	379736745
8003	1478	1784088795742	778534804
8004	1469	1784088795742	3130118549
8005	1470	1784088795744	512532500
8006	1469	1784088795744	2674013983
8007	1520	1784088795745	2983402348
8008	1519	1784088795746	192866519
8009	1520	1784088795746	2348214985
801	1678	1784088791126	3814020681
8010	1517	1784088795747	1200406740
8011	1518	1784088795747	3288432113
8012	1518	1784088795748	440385549
8013	1522	1784088795748	1838448114
8014	1517	1784088795749	2290137194
8015	1517	1784088795749	3453284168
8016	1517	1784088795750	3070090639
8017	1516	1784088795750	2873027780
8018	1513	1784088795751	167739222
8019	1516	1784088795751	3795906739
802	1692	1784088791126	2900590311
8020	1519	1784088795752	1598883166
8021	1513	1784088795752	3031001923
8022	1474	1784088795753	2177498707
8023	1575	1784088795753	412141702
8024	1576	1784088795754	3463299435
8025	1570	1784088795754	3581137415
8026	1550	1784088795755	2690019842
8027	1577	1784088795755	3264358608
8028	1544	1784088795756	216545111
8029	1546	1784088795756	3415894108
803	1720	1784088791126	2140658740
8030	1583	1784088795757	3457856709
8031	1610	1784088795757	2360391966
8032	1577	1784088795758	3517056949
8033	1583	1784088795758	3996450088
8034	1578	1784088795759	4017572400
8035	1584	1784088795759	2605058143
8036	1577	1784088795760	1825828765
8037	1615	1784088795760	4115218142
8038	1566	1784088795761	3332152307
8039	1539	1784088795761	1159993454
804	1720	1784088791126	2750403214
8040	1540	1784088795762	1369817864
8041	1540	1784088795762	3148981213
8042	1541	1784088795763	4235154015
8043	1549	1784088795764	1871782146
8044	1580	1784088795765	3382902912
8045	1610	1784088795766	1954358335
8046	1584	1784088795766	776880309
8047	1581	1784088795767	1990521290
8048	1582	1784088795767	423334624
8049	1588	1784088795767	2194857352
805	1731	1784088791128	827766722
8050	1586	1784088795768	1736451499
8051	1615	1784088795768	2817748569
8052	1577	1784088795769	2592423487
8053	1578	1784088795769	3841340272
8054	1611	1784088795770	4087298326
8055	1553	1784088795770	1354164276
8056	1551	1784088795771	2874674145
8057	1550	1784088795772	2957549608
8058	1571	1784088795772	197827735
8059	1569	1784088795773	78050671
806	1662	1784088791129	3229695098
8060	1565	1784088795773	3175710747
8061	1565	1784088795774	563025076
8062	1543	1784088795774	2162303054
8063	1544	1784088795775	2146618274
8064	1584	1784088795775	1888082625
8065	1579	1784088795776	2824738944
8066	1611	1784088795776	2635478103
8067	1577	1784088795777	4228499464
8068	1608	1784088795778	3555146404
8069	1571	1784088795778	3577943916
807	1658	1784088791129	1986081796
8070	1540	1784088795779	4211799258
8071	1574	1784088795779	3183551353
8072	1573	1784088795780	3651914909
8073	1573	1784088795780	2038021904
8074	1575	1784088795780	2848160486
8075	1573	1784088795781	1418758369
8076	1571	1784088795781	92612221
8077	1552	1784088795782	584075912
8078	1539	1784088795782	3202964469
8079	1605	1784088795783	1131299562
808	1688	1784088791130	4164983149
8080	1569	1784088795784	2455956467
8081	1570	1784088795784	37131474
8082	1546	1784088795785	17691824
8083	1542	1784088795785	3661752587
8084	1546	1784088795786	3185152313
8085	1748	1784088795786	2395585590
8086	1579	1784088795787	473718715
8087	1572	1784088795787	1565570643
8088	1573	1784088795788	2738899918
8089	1607	1784088795788	2607312038
809	1695	1784088791130	3610460129
8090	1576	1784088795789	2291291531
8091	1580	1784088795789	1651156558
8092	1572	1784088795790	4293905803
8093	1579	1784088795790	3808991925
8094	1580	1784088795791	3119965003
8095	1701	1784088795792	3050772002
8096	1549	1784088795792	2408819540
8097	1553	1784088795793	3418656609
8098	1555	1784088795794	2081645963
8099	1577	1784088795795	1255870601
81	1625	1784088786270	304568778
810	1697	1784088791131	4293478987
8100	1574	1784088795795	3498793655
8101	1610	1784088795796	1368895678
8102	1544	1784088795796	834985222
8103	1545	1784088795797	1701595382
8104	1578	1784088795797	1716224273
8105	1545	1784088795797	1223415520
8106	1546	1784088795798	790146757
8107	1541	1784088795799	4015416921
8108	1573	1784088795799	285348537
8109	1540	1784088795800	1594498117
811	1695	1784088791131	3316553292
8110	1547	1784088795800	823266735
8111	1548	1784088795800	426891887
8112	1548	1784088795801	3681060632
8113	1545	1784088795801	3152957497
8114	1574	1784088795802	2592289218
8115	1580	1784088795802	1275145606
8116	1549	1784088795803	2350448801
8117	1549	1784088795803	2281397242
8118	1543	1784088795804	1108405578
8119	1581	1784088795805	1426408248
812	1707	1784088791132	2665991948
8120	1546	1784088795805	3100316198
8121	1638	1784088795806	2130973071
8122	1543	1784088795806	3185912026
8123	1584	1784088795806	690211208
8124	1545	1784088795807	1587438836
8125	1550	1784088795808	2209521933
8126	1548	1784088795808	1698777685
8127	1580	1784088795809	3745479676
8128	1568	1784088795809	4172705717
8129	1569	1784088795810	483775927
813	1684	1784088791132	3637136292
8130	1605	1784088795810	3900569713
8131	1556	1784088795811	3737641642
8132	1539	1784088795811	2407862165
8133	1720	1784088795812	1931976325
8134	1682	1784088795813	1803008527
8135	1737	1784088795813	1780416555
8136	1550	1784088795814	3181710440
8137	1547	1784088795814	2787654281
8138	1548	1784088795815	529635206
8139	1555	1784088795815	41940010
814	1714	1784088791133	2858070472
8140	1540	1784088795816	2546722235
8141	1550	1784088795817	2134291932
8142	1548	1784088795817	3997236117
8143	1552	1784088795818	3975739707
8144	1550	1784088795818	3892381454
8145	1554	1784088795819	4293290761
8146	1554	1784088795819	3150379469
8147	1544	1784088795820	1197888325
8148	1570	1784088795820	148483888
8149	1568	1784088795821	702767882
815	1721	1784088791133	1847658014
8150	1569	1784088795821	3614521665
8151	1573	1784088795822	3526366280
8152	1539	1784088795822	1548946209
8153	1631	1784088795823	1812637137
8154	1541	1784088795824	2693106712
8155	1630	1784088795824	3620604486
8156	1637	1784088795825	661231026
8157	1641	1784088795825	2467380891
8158	1641	1784088795826	3205326351
8159	1540	1784088795826	1996102271
816	1723	1784088791134	721866911
8160	1582	1784088795827	1995568534
8161	1578	1784088795827	4226901786
8162	1552	1784088795828	1814234040
8163	1570	1784088795828	3677638641
8164	1577	1784088795829	2120755685
8165	1543	1784088795829	40798447
8166	1575	1784088795830	4173186569
8167	1573	1784088795831	2377148453
8168	1549	1784088795832	1883350747
8169	1549	1784088795832	4096878041
817	1721	1784088791135	997615288
8170	1533	1784088795833	2393544562
8171	1569	1784088795833	621444092
8172	1550	1784088795834	4215602258
8173	1537	1784088795834	559165122
8174	1544	1784088795834	3412925878
8175	1548	1784088795835	495037613
8176	1552	1784088795835	2351290604
8177	1550	1784088795836	1997634610
8178	1548	1784088795836	2896160423
8179	1547	1784088795837	573421817
818	1562	1784088791135	1444582717
8180	1538	1784088795837	1925820638
8181	1547	1784088795838	3758747661
8182	1538	1784088795839	1269241131
8183	1542	1784088795840	2409199698
8184	1544	1784088795840	994514926
8185	1543	1784088795841	852302363
8186	1537	1784088795841	1220998018
8187	1541	1784088795842	2677433892
8188	1544	1784088795842	3323689054
8189	1544	1784088795843	3498172366
819	1590	1784088791136	849708927
8190	1553	1784088795844	2182257553
8191	1544	1784088795844	1084425114
8192	1576	1784088795846	2572010987
8193	1548	1784088795846	2957212057
8194	1554	1784088795847	2395685500
8195	1552	1784088795847	4007724130
8196	1547	1784088795848	3787061656
8197	1552	1784088795848	3603137905
8198	1551	1784088795848	662082647
8199	1585	1784088795849	213294463
82	1625	1784088786271	1486375527
820	1586	1784088791136	4062724787
8200	1584	1784088795849	3500889676
8201	1584	1784088795850	734488075
8202	1551	1784088795851	1324732611
8203	1551	1784088795852	569696428
8204	1542	1784088795853	1687957889
8205	1547	1784088795854	1653528369
8206	1545	1784088795854	2239528158
8207	1543	1784088795855	1997280986
8208	1553	1784088795856	3689999734
8209	1551	1784088795856	1323080614
821	1587	1784088791136	301174567
8210	1536	1784088795857	1848586244
8211	1537	1784088795858	3724346108
8212	1537	1784088795858	2140874717
8213	1536	1784088795859	2219092257
8214	1543	1784088795859	4195602073
8215	1538	1784088795860	2093406307
8216	1576	1784088795860	1721730152
8217	1587	1784088795861	1794750145
8218	1586	1784088795861	3517642627
8219	1536	1784088795862	917245181
822	1593	1784088791138	4178410431
8220	1542	1784088795862	471550317
8221	1550	1784088795863	1834932647
8222	1549	1784088795864	1366882434
8223	1576	1784088795865	950528563
8224	1608	1784088795865	2182789345
8225	1610	1784088795866	19074974
8226	1575	1784088795866	4092634125
8227	1577	1784088795867	2658199298
8228	1578	1784088795867	1024862593
8229	1609	1784088795868	674385373
823	1593	1784088791138	1305221317
8230	1553	1784088795869	4099298259
8231	1552	1784088795869	3922042197
8232	1544	1784088795870	3411838092
8233	1575	1784088795871	2987530857
8234	1543	1784088795872	750267286
8235	1575	1784088795872	3534930959
8236	1543	1784088795873	3115565963
8237	1573	1784088795873	979253073
8238	1610	1784088795874	818994565
8239	1572	1784088795874	734310280
824	1591	1784088791139	3741478767
8240	1662	1784088795876	3214653449
8241	1633	1784088795876	2311654475
8242	1635	1784088795877	3236620837
8243	1680	1784088795877	217700949
8244	1682	1784088795878	4079461246
8245	1506	1784088795878	2644011732
8246	1576	1784088795879	2408892303
8247	1545	1784088795879	102402867
8248	1546	1784088795880	477468187
8249	1572	1784088795880	4134802068
825	1695	1784088791139	1893809861
8250	1572	1784088795881	3381276302
8251	1572	1784088795881	1643277037
8252	1573	1784088795882	77844590
8253	1573	1784088795882	3501234376
8254	1573	1784088795883	2438687097
8255	1581	1784088795883	969232402
8256	1581	1784088795884	3316110232
8257	1581	1784088795884	659992353
8258	1571	1784088795885	1936396389
8259	1571	1784088795885	1374627263
826	1690	1784088791140	2300450346
8260	1582	1784088795886	3637114054
8261	1575	1784088795887	761338283
8262	1575	1784088795887	3049360777
8263	1573	1784088795888	3266646813
8264	1574	1784088795888	3045264521
8265	1600	1784088795889	1419046485
8266	1610	1784088795889	490455942
8267	1574	1784088795890	962112475
8268	1579	1784088795890	109169834
8269	1575	1784088795891	26631697
827	1705	1784088791140	2634306687
8270	1748	1784088795892	4045990458
8271	1640	1784088795893	3677493526
8272	1745	1784088795893	715265762
8273	1725	1784088795894	4222145750
8274	1731	1784088795894	1705852213
8275	1733	1784088795895	2108227386
8276	1779	1784088795895	3689213946
8277	1783	1784088795896	2212702856
8278	1779	1784088795896	3167487696
8279	1574	1784088795896	2282430682
828	1731	1784088791141	46825585
8280	1570	1784088795897	3200321922
8281	1572	1784088795897	2356532767
8282	1579	1784088795898	499825451
8283	1638	1784088795898	2056396296
8284	1581	1784088795899	2447798208
8285	1576	1784088795899	3267252234
8286	1570	1784088795900	70670654
8287	1576	1784088795900	615487085
8288	1578	1784088795901	3347338107
8289	1574	1784088795902	1784551914
829	1732	1784088791141	2382010600
8290	1575	1784088795903	1318897313
8291	1574	1784088795904	3142182259
8292	1572	1784088795904	3250603453
8293	1572	1784088795905	1499415727
8294	1574	1784088795906	3223381332
8295	1575	1784088795906	3090099334
8296	1574	1784088795907	1591524348
8297	1569	1784088795907	425027114
8298	1580	1784088795907	1547214513
8299	1540	1784088795908	4029446841
83	1501	1784088786274	1082937374
830	1729	1784088791142	1841887107
8300	1541	1784088795908	3385325241
8301	1570	1784088795909	868818128
8302	1575	1784088795909	2908548957
8303	1576	1784088795910	1639611461
8304	1583	1784088795910	1974052829
8305	1542	1784088795911	3588468416
8306	1538	1784088795911	185768769
8307	1539	1784088795912	3650554551
8308	1543	1784088795912	2939766547
8309	1580	1784088795913	1607426983
831	1678	1784088791142	1948470646
8310	1574	1784088795913	4025807721
8311	1576	1784088795914	775340353
8312	1542	1784088795914	1860954717
8313	1545	1784088795915	1075258840
8314	1546	1784088795915	4255093240
8315	1550	1784088795915	3221565624
8316	1548	1784088795916	231919974
8317	1543	1784088795916	149060295
8318	1581	1784088795917	2602806512
8319	1579	1784088795918	317885900
832	1675	1784088791143	2890686582
8320	1547	1784088795918	3766727106
8321	1551	1784088795919	3426300703
8322	1605	1784088795919	278643708
8323	1571	1784088795920	2380228248
8324	1579	1784088795920	1680896096
8325	1548	1784088795921	4149891906
8326	1553	1784088795921	4261320666
8327	1554	1784088795922	3719663913
8328	1545	1784088795922	3654763659
8329	1549	1784088795923	1009368079
833	1626	1784088791143	1057272047
8330	1547	1784088795923	2167612374
8331	1548	1784088795924	50095409
8332	1547	1784088795924	1367685200
8333	1546	1784088795925	2959633189
8334	1545	1784088795925	1309188162
8335	1547	1784088795926	3375075787
8336	1547	1784088795926	2986215292
8337	1552	1784088795927	1340952212
8338	1552	1784088795927	3243123035
8339	1579	1784088795928	1025922886
834	1713	1784088791143	3819569046
8340	1579	1784088795928	3313709258
8341	1549	1784088795928	3769630072
8342	1554	1784088795929	120744183
8343	1580	1784088795929	2233352145
8344	1584	1784088795929	555621732
8345	1616	1784088795930	2128288133
8346	1581	1784088795931	2150249036
8347	1581	1784088795931	115700029
8348	1590	1784088795931	4152090859
8349	1588	1784088795932	3852533749
835	1714	1784088791144	2453222947
8350	1589	1784088795933	805844842
8351	1576	1784088795934	852018619
8352	1615	1784088795934	421780537
8353	1610	1784088795935	1815509919
8354	1551	1784088795935	3678102589
8355	1553	1784088795935	615767936
8356	1549	1784088795936	2877420935
8357	1580	1784088795936	2929725994
8358	1576	1784088795937	3688058461
8359	1580	1784088795937	976038699
836	1711	1784088791144	935458240
8360	1609	1784088795938	3800748308
8361	1645	1784088795939	784884550
8362	1554	1784088795939	1382754740
8363	1549	1784088795940	1518712253
8364	1543	1784088795940	493001825
8365	1544	1784088795940	2128889508
8366	1548	1784088795941	3569569336
8367	1547	1784088795941	4094450763
8368	1547	1784088795942	332168239
8369	1547	1784088795942	2861348481
837	1805	1784088791145	3845519815
8370	1544	1784088795943	1748836651
8371	1575	1784088795943	24137086
8372	1579	1784088795943	594935010
8373	1583	1784088795944	4033261988
8374	1583	1784088795944	2965838420
8375	1579	1784088795945	1761555765
8376	1546	1784088795945	1047264486
8377	1582	1784088795946	1375932308
8378	1574	1784088795946	4140791054
8379	1575	1784088795946	1171160242
838	1599	1784088791145	2686978588
8380	1550	1784088795947	3829689869
8381	1550	1784088795947	3073316018
8382	1550	1784088795948	976008872
8383	1550	1784088795948	848336362
8384	1545	1784088795949	2655741600
8385	1541	1784088795949	458309528
8386	1541	1784088795950	725640459
8387	1541	1784088795950	517237841
8388	1537	1784088795950	599856420
8389	1540	1784088795951	3335538840
839	1692	1784088791146	1503197459
8390	1574	1784088795951	210701405
8391	1583	1784088795952	3848784813
8392	1552	1784088795952	3334303434
8393	1551	1784088795952	3960219344
8394	1582	1784088795953	1797274452
8395	1500	1784088795953	4149211823
8396	1500	1784088795954	2157106817
8397	1505	1784088795954	1770545060
8398	1502	1784088795955	3152202859
8399	1505	1784088795955	693988405
84	1539	1784088786275	1199938624
840	1597	1784088791146	4162095388
8400	1506	1784088795955	3036943153
8401	1499	1784088795956	3393143254
8402	1499	1784088795956	2692803491
8403	1499	1784088795957	1614134580
8404	1499	1784088795957	2468376589
8405	1501	1784088795957	1841165543
8406	1503	1784088795958	4250235320
8407	1500	1784088795958	1217418135
8408	1510	1784088795959	2979977320
8409	1507	1784088795959	3004561717
841	1693	1784088791147	622043661
8410	1505	1784088795959	3290398108
8411	1510	1784088795960	3790020262
8412	1507	1784088795960	2358323516
8413	1508	1784088795961	1809196358
8414	1509	1784088795961	3440274190
8415	1499	1784088795961	3029098807
8416	1508	1784088795962	1141330110
8417	1548	1784088795962	3173039256
8418	1537	1784088795963	2226877657
8419	1549	1784088795963	3350177958
842	1598	1784088791147	1839633231
8420	1538	1784088795964	1570321908
8421	1579	1784088795964	2927951404
8422	1568	1784088795965	2200591839
8423	1583	1784088795965	591958587
8424	1572	1784088795965	3474927743
8425	1582	1784088795966	273253418
8426	1571	1784088795966	2088689852
8427	1580	1784088795967	1471745389
8428	1569	1784088795967	35727424
8429	1582	1784088795968	2012108666
843	1711	1784088791148	3821760551
8430	1571	1784088795968	543625056
8431	1516	1784088795968	1429606270
8432	1506	1784088795969	2918095775
8433	1546	1784088795969	3532853962
8434	1535	1784088795970	1886726810
8435	1548	1784088795970	2446778267
8436	1537	1784088795971	2152717152
8437	1532	1784088795971	2937924275
8438	1521	1784088795972	997566907
8439	1531	1784088795972	3315023397
844	1616	1784088791148	1216594572
8440	1520	1784088795972	3801944124
8441	1536	1784088795973	231451156
8442	1525	1784088795973	51747922
8443	1534	1784088795974	1645497228
8444	1523	1784088795974	4137897916
8445	1532	1784088795975	1712775170
8446	1521	1784088795975	2424896278
8447	1537	1784088795976	529413993
8448	1526	1784088795977	154579517
8449	1536	1784088795977	1725145477
845	1710	1784088791149	4108905909
8450	1525	1784088795978	403188281
8451	1535	1784088795979	517583152
8452	1524	1784088795979	823474820
8453	1537	1784088795979	2575724100
8454	1526	1784088795980	3649340327
8455	1537	1784088795980	3607325514
8456	1526	1784088795981	1255368296
8457	1536	1784088795981	194083045
8458	1525	1784088795982	2923103035
8459	1537	1784088795982	2613548352
846	1615	1784088791149	1296719690
8460	1526	1784088795982	2591445697
8461	1533	1784088795983	1599151041
8462	1522	1784088795983	1414328355
8463	1475	1784088795984	3658855070
8464	1796	1784088795984	3342530657
8465	1542	1784088795984	1176100408
8466	1796	1784088795985	1715340755
8467	1542	1784088795985	3167216959
8468	1797	1784088795986	476892824
8469	1542	1784088795986	894324457
847	1715	1784088791150	447719567
8470	1798	1784088795986	903396
8471	1542	1784088795987	664505275
8472	1796	1784088795987	2099122884
8473	1542	1784088795988	3712331964
8474	1798	1784088795988	1790543042
8475	1542	1784088795989	156695540
8476	1795	1784088795989	2120627228
8477	1542	1784088795990	4085825779
8478	1792	1784088795990	932145881
8479	1542	1784088795990	2046913317
848	1620	1784088791150	2620396548
8480	1797	1784088795991	3118245377
8481	1542	1784088795991	132993085
8482	1794	1784088795993	4111417101
8483	1542	1784088795993	4248005434
8484	1795	1784088795993	3913116643
8485	1542	1784088795994	689971314
8486	1796	1784088795994	2303163387
8487	1542	1784088795995	3556645749
8488	1796	1784088795995	3341721925
8489	1542	1784088795996	1517793443
849	1716	1784088791151	2586253575
8490	1792	1784088795996	3298952166
8491	1542	1784088795997	1218606577
8492	1794	1784088795997	2857470161
8493	1542	1784088795998	2994491126
8494	1792	1784088795998	1321279246
8495	1542	1784088795999	1718551998
8496	1514	1784088795999	733426923
8497	1510	1784088796000	905432765
8498	1594	1784088796000	4026097948
8499	1504	1784088796001	3597428126
85	1505	1784088786280	2871337314
850	1621	1784088791151	3579210695
8500	1595	1784088796001	419077831
8501	1505	1784088796001	3898581976
8502	1590	1784088796002	2771665254
8503	1501	1784088796002	3265560044
8504	1592	1784088796003	1647518069
8505	1504	1784088796003	3570880717
8506	1595	1784088796004	1816392911
8507	1505	1784088796004	1360991994
8508	1599	1784088796004	1247022555
8509	1509	1784088796005	4109156209
851	1702	1784088791152	279144655
8510	1511	1784088796005	630948990
8511	1507	1784088796006	667942206
8512	1594	1784088796006	2149880575
8513	1504	1784088796007	3325698904
8514	1598	1784088796007	243433033
8515	1508	1784088796008	1593542529
8516	1507	1784088796008	4068064277
8517	1503	1784088796009	1394766099
8518	1594	1784088796009	1031372595
8519	1504	1784088796009	1463202154
852	1604	1784088791153	4034381704
8520	1595	1784088796010	1690552176
8521	1505	1784088796010	1862557344
8522	1595	1784088796011	301295381
8523	1506	1784088796011	1372077801
8524	1593	1784088796012	1034807491
8525	1505	1784088796012	723564190
8526	1596	1784088796012	1836230540
8527	1506	1784088796013	937929251
8528	1514	1784088796014	1868735359
8529	1510	1784088796014	2857967342
853	1703	1784088791153	1483780075
8530	1599	1784088796015	3078683022
8531	1509	1784088796015	2655764823
8532	1600	1784088796016	3988030217
8533	1510	1784088796016	2684528280
8534	1465	1784088796016	2022722418
8535	1460	1784088796017	390858009
8536	1553	1784088796017	386786754
8537	1462	1784088796018	3250012668
8538	1553	1784088796018	1091845566
8539	1462	1784088796018	3407287397
854	1605	1784088791153	936060629
8540	1557	1784088796019	2194203414
8541	1467	1784088796019	1703672097
8542	1556	1784088796020	232007653
8543	1467	1784088796020	2965541798
8544	1554	1784088796021	1866563766
8545	1463	1784088796021	3604686317
8546	1554	1784088796022	29486014
8547	1463	1784088796022	420548549
8548	1513	1784088796022	551775562
8549	1509	1784088796023	484050734
855	1700	1784088791154	692926945
8550	1598	1784088796023	635021847
8551	1508	1784088796024	2637221272
8552	1598	1784088796024	2034442521
8553	1508	1784088796024	3478212224
8554	1591	1784088796025	1384624141
8555	1502	1784088796025	3786216787
8556	1597	1784088796026	1390615929
8557	1509	1784088796026	58467503
8558	1596	1784088796026	1152909356
8559	1506	1784088796027	3342603912
856	1602	1784088791154	3040629680
8560	1595	1784088796028	2366155770
8561	1505	1784088796028	3252970434
8562	1508	1784088796028	2725050114
8563	1504	1784088796028	2011098202
8564	1591	1784088796029	1393442931
8565	1501	1784088796029	2287519702
8566	1598	1784088796030	2389218790
8567	1508	1784088796030	622111448
8568	1598	1784088796031	2000503688
8569	1509	1784088796031	1959190474
857	1700	1784088791155	2595900795
8570	1597	1784088796031	1777098459
8571	1509	1784088796031	2583002276
8572	1596	1784088796033	3359473400
8573	1506	1784088796033	4290804371
8574	1594	1784088796034	586873022
8575	1504	1784088796034	571184613
8576	1506	1784088796034	2946789137
8577	1502	1784088796035	2660986149
8578	1589	1784088796035	2089708396
8579	1499	1784088796036	2320165045
858	1602	1784088791155	3709226612
8580	1595	1784088796036	891601484
8581	1505	1784088796036	532067784
8582	1589	1784088796037	3934493389
8583	1500	1784088796037	1825992933
8584	1594	1784088796038	4113373374
8585	1506	1784088796038	3937109759
8586	1590	1784088796039	15135546
8587	1500	1784088796039	445351800
8588	1597	1784088796039	903127208
8589	1507	1784088796040	777172433
859	1717	1784088791156	4149898847
8590	1505	1784088796041	3750528460
8591	1501	1784088796041	939409197
8592	1592	1784088796041	2545132405
8593	1502	1784088796042	147072514
8594	1594	1784088796042	3870996058
8595	1504	1784088796043	252710891
8596	1509	1784088796043	182767198
8597	1505	1784088796044	1454555762
8598	1599	1784088796044	3248173922
8599	1509	1784088796045	2992839479
86	1605	1784088786281	4122691990
860	1618	1784088791156	490721411
8600	1593	1784088796045	1039475061
8601	1503	1784088796046	1495156103
8602	1593	1784088796046	2167046639
8603	1504	1784088796047	2207545054
8604	1598	1784088796047	1360996772
8605	1510	1784088796047	3823827615
8606	1598	1784088796050	1718764816
8607	1508	1784088796050	3107714996
8608	1596	1784088796051	2214655781
8609	1506	1784088796051	715927070
861	1718	1784088791156	2383859112
8610	1504	1784088796051	4027941937
8611	1500	1784088796052	3018706922
8612	1593	1784088796052	602626037
8613	1503	1784088796053	1377500180
8614	1594	1784088796053	2930046128
8615	1504	1784088796053	2187391530
8616	1593	1784088796054	752522788
8617	1504	1784088796054	1623533404
8618	1593	1784088796055	3049423884
8619	1505	1784088796055	2568049825
862	1619	1784088791156	1007602478
8620	1597	1784088796055	3003266040
8621	1507	1784088796056	2302382716
8622	1597	1784088796056	2518168776
8623	1507	1784088796057	964890578
8624	1466	1784088796057	458317319
8625	1461	1784088796058	3618076630
8626	1556	1784088796059	3859362298
8627	1465	1784088796059	106827300
8628	1556	1784088796060	770773537
8629	1465	1784088796060	3107302552
863	1689	1784088791158	143792732
8630	1459	1784088796061	313165380
8631	1454	1784088796061	2220323465
8632	1556	1784088796061	259425110
8633	1465	1784088796062	1949921278
8634	1551	1784088796062	3428526972
8635	1460	1784088796063	3205982863
8636	1554	1784088796063	2168793435
8637	1464	1784088796064	44498546
8638	1554	1784088796064	3385441846
8639	1465	1784088796064	2764725220
864	1695	1784088791159	539223709
8640	1552	1784088796065	1057305888
8641	1461	1784088796065	3227199
8642	1552	1784088796066	2356052957
8643	1461	1784088796066	1372209014
8644	1470	1784088796066	3898192924
8645	1465	1784088796067	2914431834
8646	1554	1784088796067	3326419308
8647	1463	1784088796068	2134252286
8648	1555	1784088796068	474254541
8649	1464	1784088796068	3238509867
865	1702	1784088791159	2959555450
8650	1528	1784088796069	3694066811
8651	1542	1784088796069	1196377374
8652	1529	1784088796070	3970477528
8653	1542	1784088796070	3180428825
8654	1528	1784088796071	1651119462
8655	1542	1784088796071	1770141009
8656	1528	1784088796071	2250995951
8657	1542	1784088796072	2472283734
8658	1528	1784088796072	954563974
8659	1542	1784088796073	450209152
866	1730	1784088791160	997933088
8660	1528	1784088796073	610815810
8661	1542	1784088796074	2526948170
8662	1528	1784088796074	2414731882
8663	1542	1784088796075	1816137805
8664	1528	1784088796075	811826168
8665	1542	1784088796076	3092470533
8666	1528	1784088796076	4285807338
8667	1542	1784088796077	1116561410
8668	1528	1784088796077	691060924
8669	1542	1784088796078	3406089172
867	1730	1784088791160	323703084
8670	1528	1784088796078	2864750647
8671	1542	1784088796079	3654356614
8672	1528	1784088796079	3046809798
8673	1542	1784088796080	588199297
8674	1529	1784088796080	584888539
8675	1542	1784088796081	4145839817
8676	1528	1784088796081	1232080232
8677	1542	1784088796081	230835662
8678	1528	1784088796082	620876706
8679	1542	1784088796082	2219568664
868	1728	1784088791161	2282303904
8680	1528	1784088796083	802302900
8681	1542	1784088796083	4188525824
8682	1764	1784088796084	4006161319
8683	1542	1784088796084	58322439
8684	1764	1784088796084	3360353495
8685	1542	1784088796085	3614090575
8686	1765	1784088796085	660820333
8687	1542	1784088796086	766811720
8688	1766	1784088796086	3749574941
8689	1542	1784088796087	2755474846
869	1719	1784088791161	2390480384
8690	1764	1784088796087	2985034854
8691	1542	1784088796088	3068719308
8692	1766	1784088796088	1928752197
8693	1542	1784088796089	1278659531
8694	1763	1784088796089	4156038335
8695	1542	1784088796089	2552594563
8696	1760	1784088796090	2406818395
8697	1542	1784088796090	1660664708
8698	1765	1784088796091	2353290114
8699	1542	1784088796092	3950121042
87	1600	1784088786282	3128498304
870	1699	1784088791161	3530353833
8700	1762	1784088796092	3103863575
8701	1542	1784088796093	2094018589
8702	1763	1784088796093	561671878
8703	1542	1784088796094	2249067290
8704	1764	1784088796094	1728544161
8705	1542	1784088796095	1377648722
8706	1764	1784088796095	3926434808
8707	1542	1784088796096	2831383381
8708	1760	1784088796096	491113211
8709	1542	1784088796097	558551171
871	1695	1784088791162	4151147149
8710	1762	1784088796097	3627436981
8711	1542	1784088796097	866063825
8712	1760	1784088796098	189305656
8713	1542	1784088796099	3376492246
8714	1703	1784088796099	3079321854
8715	1542	1784088796100	491939230
8716	1703	1784088796100	1891599831
8717	1542	1784088796101	3884736153
8718	1703	1784088796101	839033468
8719	1542	1784088796101	1845884239
872	1709	1784088791162	3471659886
8720	1703	1784088796102	3823942443
8721	1542	1784088796102	3796794245
8722	1703	1784088796103	2054360273
8723	1542	1784088796103	412106882
8724	1788	1784088796103	2815729783
8725	1542	1784088796104	3431140298
8726	1703	1784088796104	1397526399
8727	1542	1784088796105	912077005
8728	1703	1784088796105	3593168078
8729	1542	1784088796106	3218381595
873	1734	1784088791163	451162247
8730	1703	1784088796106	752954729
8731	1542	1784088796106	2902548041
8732	1703	1784088796107	3327790660
8733	1542	1784088796107	1474258254
8734	1703	1784088796108	1954520492
8735	1542	1784088796108	2211196422
8736	1703	1784088796109	851864008
8737	1542	1784088796109	2031228161
8738	1703	1784088796110	1625541306
8739	1542	1784088796110	4036738775
874	1727	1784088791163	2861298721
8740	1703	1784088796110	3694676269
8741	1542	1784088796111	2594021740
8742	1703	1784088796111	2145360522
8743	1542	1784088796112	1615043179
8744	1703	1784088796112	1867372134
8745	1542	1784088796112	3025195299
8746	1673	1784088796113	2069376334
8747	1542	1784088796113	1317988900
8748	1673	1784088796114	3821868365
8749	1542	1784088796114	3339141618
875	1734	1784088791163	1311149266
8750	1673	1784088796114	2302648077
8751	1542	1784088796115	3587343520
8752	1673	1784088796115	671699268
8753	1542	1784088796116	789364647
8754	1673	1784088796116	18875472
8755	1542	1784088796117	4213175535
8756	1758	1784088796117	2443963863
8757	1542	1784088796118	29478888
8758	1673	1784088796118	622410531
8759	1542	1784088796118	2286445630
876	1732	1784088791164	539270457
8760	1673	1784088796119	1554044014
8761	1542	1784088796119	67365620
8762	1673	1784088796120	1227898029
8763	1542	1784088796120	4275950067
8764	1673	1784088796121	4182069273
8765	1542	1784088796121	718183099
8766	1673	1784088796122	1645341995
8767	1542	1784088796123	3490750908
8768	1673	1784088796123	2526190714
8769	1542	1784088796124	1503201898
877	1904	1784088791165	18502934
8770	1673	1784088796124	3249747694
8771	1542	1784088796125	1263324984
8772	1673	1784088796125	3649624926
8773	1542	1784088796125	2979198015
8774	1673	1784088796126	1236053427
8775	1542	1784088796126	1703001975
8776	1672	1784088796127	1701203916
8777	1542	1784088796127	2673837168
8778	1615	1784088796127	3395535570
8779	1502	1784088796128	839092477
878	1886	1784088791165	1469084536
8780	1616	1784088796128	68196465
8781	1503	1784088796128	1985322016
8782	1621	1784088796129	1789789909
8783	1508	1784088796129	22316545
8784	1518	1784088796129	54759223
8785	1505	1784088796130	1468631511
8786	1525	1784088796130	1293964601
8787	1508	1784088796131	747754243
8788	1518	1784088796131	3702286332
8789	1507	1784088796131	2270005923
879	1901	1784088791166	3414450115
8790	1513	1784088796131	3044809116
8791	1506	1784088796133	704053628
8792	1512	1784088796133	3293988043
8793	1502	1784088796134	1491349189
8794	1530	1784088796134	1203593811
8795	1496	1784088796134	1455162800
8796	1554	1784088796135	1825848804
8797	1456	1784088796135	1173258260
8798	1458	1784088796136	2171982488
8799	1458	1784088796136	449583831
88	1748	1784088786283	1952928388
880	1926	1784088791166	962617039
8800	1458	1784088796136	1407330113
8801	1458	1784088796137	722361825
8802	1458	1784088796137	491933070
8803	1458	1784088796138	1706964782
8804	1458	1784088796138	2821873942
8805	1458	1784088796139	2452392741
8806	1458	1784088796139	2169605945
8807	1458	1784088796139	3476492145
8808	1458	1784088796140	2675163437
8809	1458	1784088796140	392292345
881	1830	1784088791166	3586635567
8810	1458	1784088796141	496309216
8811	1458	1784088796141	720349883
8812	1458	1784088796142	3356485114
8813	1458	1784088796142	1075692334
8814	1458	1784088796142	400039658
8815	1458	1784088796143	2753860030
8816	1458	1784088796143	1477141260
8817	1458	1784088796144	3935632241
8818	1458	1784088796144	148699594
8819	1458	1784088796145	2899991995
882	1855	1784088791168	3724035324
8820	1458	1784088796145	1660614307
8821	1458	1784088796146	3155397671
8822	1458	1784088796146	47115782
8823	1458	1784088796146	2001127374
8824	1458	1784088796147	460174218
8825	1458	1784088796147	3515680205
8826	1458	1784088796148	765654911
8827	1458	1784088796148	3879878968
8828	1457	1784088796149	3655359817
8829	1458	1784088796149	3784822897
883	1844	1784088791168	1460171438
8830	1458	1784088796149	3700083113
8831	1562	1784088796150	45701715
8832	1458	1784088796150	1671948347
8833	1458	1784088796151	1505296904
8834	1458	1784088796151	3172140034
8835	1458	1784088796151	2265837105
8836	1506	1784088796152	3382423134
8837	1467	1784088796152	2733328874
8838	1459	1784088796153	2743831117
8839	1661	1784088796153	4110940304
884	1836	1784088791168	123983700
8840	1658	1784088796154	3387142958
8841	1733	1784088796155	3495220685
8842	1672	1784088796155	4105544592
8843	1466	1784088796156	582451771
8844	1777	1784088796156	1389692312
8845	1772	1784088796156	795251226
8846	1774	1784088796157	196275244
8847	1772	1784088796157	1422342218
8848	1784	1784088796158	1979038303
8849	1788	1784088796158	1624721206
885	1841	1784088791169	510462162
8850	1785	1784088796159	3321729102
8851	1478	1784088796159	4275044123
8852	1469	1784088796160	533536810
8853	1463	1784088796160	1569403366
8854	1460	1784088796161	3896472636
8855	1464	1784088796161	3400631313
8856	1651	1784088796161	2802612927
8857	1463	1784088796162	4203561313
8858	1468	1784088796162	2149815053
8859	1468	1784088796163	245082908
886	1769	1784088791169	2145271219
8860	1473	1784088796163	1217992047
8861	1473	1784088796164	3460422668
8862	1474	1784088796164	906289098
8863	1473	1784088796164	59870206
8864	1473	1784088796165	972803562
8865	1478	1784088796165	3012677920
8866	1510	1784088796166	908442940
8867	1635	1784088796166	701724797
8868	1635	1784088796166	2369742984
8869	1633	1784088796167	4020360005
887	1855	1784088791170	157948094
8870	1508	1784088796167	2541819557
8871	1549	1784088796168	832440345
8872	1711	1784088796168	4225083522
8873	1696	1784088796169	943529385
8874	1715	1784088796169	1560102214
8875	1700	1784088796170	2685810550
8876	1716	1784088796170	1055338887
8877	1701	1784088796171	1173376033
8878	1717	1784088796171	4185739759
8879	1702	1784088796171	1877660408
888	1875	1784088791171	2613976164
8880	1658	1784088796172	70713359
8881	1640	1784088796172	4278805264
8882	1771	1784088796173	311127307
8883	1461	1784088796173	959239
8884	1461	1784088796173	454619944
8885	1461	1784088796174	2913486724
8886	1464	1784088796174	1714375272
8887	1468	1784088796175	4250510519
8888	1474	1784088796175	1894742262
8889	1479	1784088796176	676599224
889	1878	1784088791171	1372070199
8890	1687	1784088796176	3086956437
8891	1457	1784088796176	1466182777
8892	1457	1784088796177	3545028860
8893	1457	1784088796177	2941553535
8894	1457	1784088796178	2048561440
8895	1457	1784088796178	488788662
8896	1457	1784088796179	4497641
8897	1462	1784088796179	1690328235
8898	1459	1784088796179	1702802865
8899	1458	1784088796180	476600872
89	1748	1784088786283	2852935599
890	1876	1784088791172	2535091427
8900	1471	1784088796180	3920597338
8901	1768	1784088796181	3446481291
8902	1734	1784088796181	3474787029
8903	1752	1784088796181	1521220676
8904	1717	1784088796182	2311926865
8905	1752	1784088796182	2286109853
8906	1717	1784088796183	1022243120
8907	1752	1784088796183	1083440396
8908	1717	1784088796184	3805819182
8909	1752	1784088796184	3511120391
891	1878	1784088791172	911398181
8910	1717	1784088796184	2743036704
8911	1752	1784088796185	2437156760
8912	1717	1784088796185	2238001026
8913	1752	1784088796186	1349637314
8914	1717	1784088796186	539848925
8915	1752	1784088796187	1320204261
8916	1717	1784088796187	3899927420
8917	1752	1784088796188	2170161507
8918	1717	1784088796188	3885980834
8919	1752	1784088796188	2599707524
892	1872	1784088791173	1798838048
8920	1717	1784088796189	1177291755
8921	1752	1784088796189	4161607931
8922	1729	1784088796190	2528364713
8923	1558	1784088796190	330703371
8924	1494	1784088796190	3192626952
8925	1578	1784088796191	904542823
8926	1583	1784088796191	3838328329
8927	1582	1784088796192	1356158851
8928	1544	1784088796192	1080554350
8929	1672	1784088796193	1523198581
893	1876	1784088791173	3763894522
8930	1468	1784088796193	2822463574
8931	1460	1784088796194	2568246342
8932	1473	1784088796194	3613392672
8933	1460	1784088796195	1313508280
8934	1483	1784088796195	464367143
8935	1465	1784088796196	2500832092
8936	1554	1784088796196	3093645300
8937	1460	1784088796196	1207092449
8938	1551	1784088796197	292299790
8939	1459	1784088796197	1172361372
894	1562	1784088791173	760305198
8940	1553	1784088796198	4178618751
8941	1555	1784088796198	1067847970
8942	1462	1784088796199	360045560
8943	1550	1784088796199	1769774692
8944	1550	1784088796200	1765222810
8945	1550	1784088796200	742379283
8946	1547	1784088796200	3856031747
8947	1547	1784088796201	1984543357
8948	1547	1784088796202	2108454899
8949	1639	1784088796202	3811634382
895	1562	1784088791174	3321487306
8950	1630	1784088796203	16779007
8951	1668	1784088796203	1433994519
8952	1481	1784088796204	2707667532
8953	1612	1784088796204	137312338
8954	1604	1784088796205	3705850565
8955	1609	1784088796205	812377807
8956	1604	1784088796206	3059228758
8957	1613	1784088796206	2233905849
8958	1602	1784088796207	4112310401
8959	1531	1784088796207	696837658
896	1562	1784088791174	3475037050
8960	1640	1784088796208	2764824379
8961	1694	1784088796208	711881332
8962	1701	1784088796209	4247321834
8963	1706	1784088796209	2112187383
8964	1707	1784088796209	3986537043
8965	1690	1784088796210	1222182321
8966	1536	1784088796210	1029691463
8967	1540	1784088796211	1954171294
8968	1538	1784088796211	2796333879
8969	1537	1784088796211	1174865152
897	1562	1784088791175	3487156803
8970	1535	1784088796212	3041313563
8971	1536	1784088796212	806609282
8972	1556	1784088796213	3763445550
8973	1465	1784088796213	2955125423
8974	1558	1784088796214	2652189642
8975	1466	1784088796214	3151870425
8976	1462	1784088796214	2748109168
8977	1550	1784088796215	3267412962
8978	1460	1784088796215	387617107
8979	1469	1784088796216	3439831596
898	1563	1784088791175	460006738
8980	1462	1784088796216	2952881179
8981	1553	1784088796217	4223608998
8982	1458	1784088796217	248238676
8983	1463	1784088796218	3952145395
8984	1462	1784088796218	364445640
8985	1461	1784088796218	208686402
8986	1460	1784088796219	3662580678
8987	1470	1784088796219	3940447346
8988	1463	1784088796220	3696634835
8989	1550	1784088796220	2852570481
899	1563	1784088791176	3169102778
8990	1549	1784088796220	978698919
8991	1484	1784088796221	47832943
8992	1615	1784088796221	2510906763
8993	1607	1784088796222	3755604691
8994	1612	1784088796223	1794793672
8995	1589	1784088796223	1881418781
8996	1616	1784088796224	4086959599
8997	1605	1784088796224	2687638079
8998	1470	1784088796225	164970550
8999	1470	1784088796225	3003635558
9	1518	1784088786174	1833697915
90	1512	1784088786284	2466423669
900	1563	1784088791176	173567819
9000	1470	1784088796225	1012659120
9001	1470	1784088796226	2257151200
9002	1508	1784088796226	365379340
9003	1514	1784088796227	676610359
9004	1647	1784088796227	2940030851
9005	1575	1784088796227	111999069
9006	1573	1784088796227	402330654
9007	1479	1784088796228	3668058017
9008	1479	1784088796228	47027953
9009	1467	1784088796229	1860879431
901	1563	1784088791177	1432165970
9010	1470	1784088796229	1491320175
9011	1472	1784088796230	2227087320
9012	1472	1784088796230	3859743988
9013	1739	1784088796230	2380485090
9014	1506	1784088796233	1685691595
9015	1509	1784088796583	50234594
9016	1482	1784088796583	3890248589
9017	1471	1784088796584	3010025299
9018	1482	1784088796584	4038881958
9019	1579	1784088796585	2919521717
902	1558	1784088791178	3944590913
9020	1523	1784088796585	1864715898
9021	1582	1784088796585	4108347012
9022	1582	1784088796586	2085917717
9023	1582	1784088796586	1154720016
9024	1582	1784088796587	4066109996
9025	1520	1784088796587	3537878996
9026	1464	1784088796587	2417656680
9027	1459	1784088796588	915621172
9028	1466	1784088796588	1283117738
9029	1462	1784088796588	4203143997
903	1558	1784088791178	1608537190
9030	1572	1784088796588	2935107183
9031	1461	1784088796590	3990609500
9032	1572	1784088796590	491297429
9033	1463	1784088796591	1141225985
9034	1477	1784088796591	770460639
9035	1465	1784088796591	133363913
9036	1603	1784088796592	1225645730
9037	1466	1784088796592	3147216851
9038	1604	1784088796593	4247653697
9039	1464	1784088796593	1214875302
904	1558	1784088791179	897468606
9040	1572	1784088796593	936681125
9041	1458	1784088796593	2367596990
9042	1469	1784088796594	2544227903
9043	1459	1784088796594	4026340950
9044	1877	1784088796595	403889015
9045	1847	1784088796595	2962611415
9046	1878	1784088796595	863478783
9047	1847	1784088796596	4284788938
9048	1878	1784088796596	1666234332
9049	1847	1784088796597	93973326
905	1558	1784088791179	1000417386
9050	1819	1784088796597	2787138335
9051	1789	1784088796598	2933896647
9052	1512	1784088796598	3122908803
9053	1502	1784088796598	1792930652
9054	1618	1784088796598	833482607
9055	1617	1784088796600	1318096137
9056	1625	1784088796600	1488320348
9057	1624	1784088796601	2698631889
9058	1625	1784088796602	1276806632
9059	1623	1784088796602	797314409
906	1561	1784088791180	1695712098
9060	1459	1784088796603	141050076
9061	1459	1784088796603	1911986620
9062	1459	1784088796610	827133113
9063	1459	1784088796611	1221842393
9064	1598	1784088796611	29804518
9065	1612	1784088796611	650669327
9066	1598	1784088796612	4055867051
9067	1505	1784088796612	3787480720
9068	1616	1784088796613	2366896571
9069	1612	1784088796613	196382587
907	1561	1784088791180	1968133157
9070	1617	1784088796614	1840000495
9071	1594	1784088796614	4183228156
9072	1601	1784088796615	1279241107
9073	1594	1784088796615	1460543799
9074	1592	1784088796615	2634173082
9075	1510	1784088796615	1116150128
9076	1613	1784088796616	1681738913
9077	1597	1784088796616	3933224375
9078	1617	1784088796617	2518313314
9079	1512	1784088796617	3199488682
908	1561	1784088791181	2340746620
9080	1508	1784088796618	3325197888
9081	1665	1784088796618	2697098433
9082	1596	1784088796618	3348125880
9083	1485	1784088796618	3075454294
9084	1709	1784088796620	2473619890
9085	1486	1784088796621	446279768
9086	1489	1784088796621	1276010564
9087	1493	1784088796621	3974977497
9088	1485	1784088796622	4252016194
9089	1485	1784088796622	2995862984
909	1561	1784088791181	1922419836
9090	1490	1784088796623	1113688150
9091	1713	1784088796623	2436869626
9092	1713	1784088796624	3994912029
9093	1713	1784088796624	1915527039
9094	1507	1784088796624	2872417708
9095	1514	1784088796625	3073992536
9096	1753	1784088796625	303379042
9097	1779	1784088796626	1255523463
9098	1753	1784088796626	475043469
9099	1715	1784088796627	1538570650
91	1615	1784088786285	3841027378
910	1462	1784088791182	2242743790
9100	1701	1784088796627	2195781612
9101	1750	1784088796628	3943493495
9102	1532	1784088796628	2154440846
9103	1525	1784088796628	2177263545
9104	1525	1784088796628	3348198636
9105	1471	1784088796629	1313921466
9106	1637	1784088796630	1189972424
9107	1457	1784088796630	1781674793
9108	1457	1784088796631	325203000
9109	1457	1784088796631	3225309457
911	1462	1784088791183	665500760
9110	1457	1784088796632	2102773308
9111	1457	1784088796632	2919867157
9112	1457	1784088796632	10226223
9113	1457	1784088796633	3552603910
9114	1457	1784088796633	2261147162
9115	1457	1784088796634	1436171059
9116	1457	1784088796634	4212101641
9117	1457	1784088796635	676591392
9118	1457	1784088796635	1359212593
9119	1457	1784088796635	2187302168
912	1462	1784088791183	309871717
9120	1457	1784088796635	3153562151
9121	1457	1784088796636	1756098318
9122	1457	1784088796637	3325969972
9123	1457	1784088796637	358753053
9124	1457	1784088796637	1080300033
9125	1457	1784088796638	2469951272
9126	1457	1784088796638	1034804754
9127	1457	1784088796638	4008819515
9128	1457	1784088796640	2543959082
9129	1457	1784088796640	1157486851
913	1462	1784088791183	3101022581
9130	1457	1784088796640	4187377198
9131	1457	1784088796641	717892359
9132	1457	1784088796641	2220851773
9133	1457	1784088796642	1459873556
9134	1457	1784088796642	33936904
9135	1457	1784088796643	3512316705
9136	1457	1784088796643	2144082459
9137	1457	1784088796644	2895150898
9138	1561	1784088796645	2760056961
9139	1926	1784088796645	1949199003
914	1545	1784088791184	2541802434
9140	1922	1784088796646	1011068786
9141	1923	1784088796646	861944530
9142	1941	1784088796647	4191627804
9143	1942	1784088796647	4167369134
9144	1942	1784088796648	2467619919
9145	1939	1784088796648	3511232040
9146	1627	1784088796648	2707943365
9147	1627	1784088796648	2002808305
9148	1627	1784088796650	720197076
9149	1627	1784088796650	1770428824
915	1545	1784088791184	315577876
9150	1612	1784088796650	747059013
9151	1612	1784088796651	460106838
9152	1612	1784088796651	2199681657
9153	1612	1784088796652	3570523367
9154	1612	1784088796653	2390243299
9155	1612	1784088796654	3113463024
9156	1612	1784088796655	568556255
9157	1612	1784088796655	1982782529
9158	1627	1784088796655	2086414589
9159	1627	1784088796656	2858134217
916	1545	1784088791185	884679081
9160	1627	1784088796657	3563215361
9161	1627	1784088796657	2533987917
9162	1627	1784088796658	2483998649
9163	1627	1784088796658	1107905933
9164	1627	1784088796658	2697114777
9165	1627	1784088796659	3819534549
9166	1627	1784088796660	3000614959
9167	1627	1784088796660	1692287515
9168	1627	1784088796660	961772094
9169	1627	1784088796661	2050537074
917	1545	1784088791185	3273743353
9170	1627	1784088796662	767534514
9171	1627	1784088796662	4223149958
9172	1627	1784088796663	2875735338
9173	1627	1784088796663	3892572518
9174	1624	1784088796663	16145366
9175	1608	1784088796664	2076057829
9176	1825	1784088796664	366862956
9177	1816	1784088796665	190123057
9178	1622	1784088796665	2084390293
9179	1817	1784088796665	3413573615
918	1564	1784088791186	1138292560
9180	1623	1784088796665	4087814549
9181	1825	1784088796666	1560811868
9182	1622	1784088796667	3723811624
9183	1829	1784088796667	2099980393
9184	1626	1784088796668	3970046572
9185	1830	1784088796668	648580860
9186	1624	1784088796668	2602229920
9187	1797	1784088796668	1736705685
9188	1798	1784088796670	1957513342
9189	1801	1784088796670	2955361110
919	1564	1784088791186	3987608212
9190	1800	1784088796671	3693469120
9191	1795	1784088796671	3841331963
9192	1799	1784088796671	1172474108
9193	1800	1784088796672	1085110221
9194	1796	1784088796672	34201206
9195	1541	1784088796673	2067249946
9196	1541	1784088796673	1403364804
9197	1541	1784088796674	3832730689
9198	1541	1784088796674	1197905944
9199	1541	1784088796675	3162254121
92	1520	1784088786286	1978283758
920	1564	1784088791186	1319132194
9200	1541	1784088796675	2878332282
9201	1541	1784088796675	475573503
9202	1541	1784088796675	885699105
9203	1455	1784088796676	192228171
9204	1455	1784088796676	378596016
9205	1455	1784088796676	3303398907
9206	1455	1784088796677	3213638894
9207	1541	1784088796677	2584364890
9208	1541	1784088796677	958270211
9209	1541	1784088796678	2395568774
921	1564	1784088791188	714404243
9210	1541	1784088796678	359727647
9211	1541	1784088796678	999838343
9212	1541	1784088796680	319442009
9213	1541	1784088796681	2765962716
9214	1541	1784088796681	4113755519
9215	1541	1784088796681	2034698055
9216	1541	1784088796683	1372920217
9217	1541	1784088796684	3858917404
9218	1541	1784088796684	1159078981
9219	1539	1784088796684	2788600247
922	1564	1784088791188	3679901372
9220	1539	1784088796685	1997621565
9221	1539	1784088796685	3935290668
9222	1539	1784088796686	4090653731
9223	1539	1784088796686	1678305560
9224	1539	1784088796687	3659478966
9225	1539	1784088796687	1199684519
9226	1539	1784088796688	1591481000
9227	1541	1784088796688	2150566255
9228	1541	1784088796689	591086902
9229	1541	1784088796689	2498507955
923	1564	1784088791188	1965044600
9230	1541	1784088796689	257182762
9231	1538	1784088796690	4239725321
9232	1538	1784088796690	3442109855
9233	1538	1784088796691	2178011930
9234	1538	1784088796691	2636082536
9235	1610	1784088796691	1601573902
9236	1928	1784088796691	1476794707
9237	1950	1784088796696	3938784875
9238	1931	1784088796697	1173089971
9239	1950	1784088796698	3851429710
924	1564	1784088791189	914493400
9240	1968	1784088796698	756827143
9241	1967	1784088796699	1326544431
9242	1964	1784088796699	122552819
9243	1967	1784088796700	5910420
9244	1970	1784088796700	1270299394
9245	1966	1784088796701	1915693043
9246	1644	1784088796701	2959938928
9247	1644	1784088796701	2046298376
9248	1644	1784088796703	4193950583
9249	1644	1784088796704	812615439
925	1564	1784088791189	1387700841
9250	1615	1784088796704	2146408898
9251	1615	1784088796705	3178138613
9252	1615	1784088796705	4071583219
9253	1615	1784088796705	808353732
9254	1649	1784088796705	1774543464
9255	1649	1784088796707	1531459421
9256	1649	1784088796707	3377110850
9257	1649	1784088796707	4224174711
9258	1634	1784088796707	2018579722
9259	1634	1784088796707	3839351298
926	1564	1784088791190	878434903
9260	1634	1784088796708	1394645611
9261	1634	1784088796708	3483784547
9262	1649	1784088796710	3808212586
9263	1649	1784088796710	3497124703
9264	1649	1784088796711	3068534918
9265	1649	1784088796715	2221634995
9266	1649	1784088796716	768296465
9267	1649	1784088796716	524686116
9268	1649	1784088796717	1267335472
9269	1649	1784088796717	2030523397
927	1564	1784088791190	2586656659
9270	1647	1784088796718	2204888244
9271	1647	1784088796718	3214667523
9272	1647	1784088796718	4178171110
9273	1647	1784088796719	3321485137
9274	1647	1784088796719	1405260597
9275	1647	1784088796720	1865584770
9276	1647	1784088796720	698395495
9277	1647	1784088796721	357607632
9278	1650	1784088796721	3039874678
9279	1650	1784088796721	3820062464
928	1564	1784088791191	1122680002
9280	1650	1784088796723	3548447412
9281	1650	1784088796723	2231389122
9282	1647	1784088796724	3229122609
9283	1647	1784088796724	4236804998
9284	1647	1784088796724	1626853064
9285	1647	1784088796725	1544015231
9286	1908	1784088796725	1391380115
9287	1907	1784088796725	1405889556
9288	1908	1784088796726	1890264936
9289	1923	1784088796726	492420207
929	1564	1784088791191	652087667
9290	1924	1784088796727	854204865
9291	1924	1784088796727	469680408
9292	1921	1784088796728	4066279730
9293	1909	1784088796728	3128226473
9294	1908	1784088796729	4206873499
9295	1909	1784088796729	1779841896
9296	1924	1784088796731	1116501004
9297	1925	1784088796731	3881399264
9298	1925	1784088796731	4227637158
9299	1922	1784088796732	3296961784
93	1621	1784088786287	3008117455
930	1564	1784088791192	3210069507
9300	1910	1784088796733	3784158695
9301	1909	1784088796733	3424092906
9302	1910	1784088796733	974124682
9303	1925	1784088796734	1502836897
9304	1926	1784088796734	3506131433
9305	1926	1784088796735	1879649570
9306	1923	1784088796735	4165190575
9307	1605	1784088796736	2584360874
9308	1605	1784088796736	3882638742
9309	1605	1784088796736	1922309598
931	1564	1784088791192	287515591
9310	1605	1784088796737	3045877312
9311	1593	1784088796737	1278636667
9312	1593	1784088796737	1428411905
9313	1593	1784088796738	20501382
9314	1593	1784088796738	2469423009
9315	1593	1784088796739	1494620318
9316	1593	1784088796739	1073986788
9317	1593	1784088796740	337164643
9318	1593	1784088796740	1515943960
9319	1605	1784088796740	1027249441
932	1564	1784088791192	4069213119
9320	1605	1784088796741	456775583
9321	1605	1784088796741	2395051991
9322	1605	1784088796741	3954725198
9323	1605	1784088796742	1537551270
9324	1605	1784088796742	78571228
9325	1605	1784088796742	2438375060
9326	1605	1784088796743	4096745485
9327	1605	1784088796743	1290039171
9328	1605	1784088796743	830604735
9329	1605	1784088796745	2759476727
933	1564	1784088791193	2529160718
9330	1605	1784088796745	1667382889
9331	1605	1784088796745	2218824706
9332	1605	1784088796746	3397225179
9333	1605	1784088796747	1602603667
9334	1605	1784088796747	734715817
9335	1946	1784088796748	1727356566
9336	1946	1784088796748	1209523101
9337	1964	1784088796748	1026558873
9338	1963	1784088796749	405206107
9339	1960	1784088796749	1901305140
934	1564	1784088791193	31908793
9340	1963	1784088796749	241339492
9341	1964	1784088796751	3051779948
9342	1961	1784088796751	3513360416
9343	1649	1784088796751	2750245462
9344	1649	1784088796752	532668742
9345	1649	1784088796752	4160224442
9346	1649	1784088796753	3207601260
9347	1634	1784088796753	435483793
9348	1634	1784088796754	474596406
9349	1634	1784088796754	4203319034
935	1564	1784088791193	2945451645
9350	1634	1784088796754	756983565
9351	1649	1784088796755	1887400351
9352	1649	1784088796755	951619913
9353	1649	1784088796756	3505425589
9354	1649	1784088796756	1822558117
9355	1649	1784088796756	480531715
9356	1649	1784088796757	1415820757
9357	1649	1784088796757	3156977705
9358	1649	1784088796758	841151220
9359	1647	1784088796758	1775284534
936	1564	1784088791194	1278764549
9360	1647	1784088796759	3869979896
9361	1647	1784088796759	553072488
9362	1647	1784088796760	2630421674
9363	1647	1784088796760	3789080301
9364	1647	1784088796761	2265680772
9365	1647	1784088796761	1096255508
9366	1647	1784088796761	4251562966
9367	1649	1784088796762	3285189340
9368	1649	1784088796762	1306089473
9369	1649	1784088796763	2777761277
937	1564	1784088791194	671927220
9370	1649	1784088796763	1413725854
9371	1646	1784088796764	1826406598
9372	1646	1784088796764	878975095
9373	1646	1784088796765	1690188365
9374	1646	1784088796765	2982713751
9375	1859	1784088796766	776890630
9376	1821	1784088796766	3680803965
9377	1849	1784088796766	2448240670
9378	1850	1784088796767	2849839046
9379	1864	1784088796767	3111230554
938	1564	1784088791196	3501828015
9380	1864	1784088796767	2414138938
9381	1863	1784088796768	4149595096
9382	1863	1784088796768	3990037378
9383	1601	1784088796769	474821054
9384	1601	1784088796769	826338860
9385	1601	1784088796769	1228385678
9386	1601	1784088796769	781961957
9387	1605	1784088796771	318458346
9388	1605	1784088796771	1367054262
9389	1605	1784088796772	4200948638
939	1564	1784088791196	2127512171
9390	1605	1784088796772	685732896
9391	1593	1784088796773	2232003102
9392	1593	1784088796773	3858789070
9393	1593	1784088796774	3355904995
9394	1593	1784088796774	3307956637
9395	1593	1784088796774	2418655483
9396	1593	1784088796775	4078966827
9397	1593	1784088796776	3710345478
9398	1593	1784088796776	205551140
9399	1605	1784088796776	3050040161
94	1526	1784088786288	3089043505
940	1564	1784088791196	1432968295
9400	1605	1784088796777	3831540330
9401	1605	1784088796777	1333681730
9402	1605	1784088796777	1067840763
9403	1605	1784088796778	2585453107
9404	1605	1784088796778	4227308329
9405	1605	1784088796779	1357475585
9406	1605	1784088796779	540198328
9407	1605	1784088796779	2371593750
9408	1605	1784088796779	3470489674
9409	1605	1784088796781	1707445346
941	1564	1784088791198	828240342
9410	1605	1784088796781	3078593500
9411	1605	1784088796782	1174363543
9412	1605	1784088796782	891615022
9413	1605	1784088796783	2654601990
9414	1605	1784088796783	4292311580
9415	1456	1784088796784	819350497
9416	1647	1784088796784	1414561081
9417	1509	1784088796785	1262656984
9418	1639	1784088796785	1188384237
9419	1659	1784088796786	985513555
942	1743	1784088791198	1127512132
9420	1552	1784088796786	1995024041
9421	1533	1784088796786	3183219512
9422	1678	1784088796787	671725794
9423	1669	1784088796787	2682578037
9424	1532	1784088796788	1745331870
9425	1671	1784088796788	1263648520
9426	1534	1784088796789	678132135
9427	1682	1784088796789	2507674906
9428	1536	1784088796790	3796204271
9429	1686	1784088796790	391672192
943	1455	1784088791199	3946762939
9430	1540	1784088796790	1303887787
9431	1683	1784088796791	1511084917
9432	1537	1784088796791	2118134306
9433	1519	1784088796792	1307263619
9434	1521	1784088796792	1415860669
9435	1503	1784088796793	2222194111
9436	1505	1784088796793	2988141637
9437	1496	1784088796794	1331889209
9438	1511	1784088796794	326192984
9439	1507	1784088796795	4267507707
944	1450	1784088791200	1436579800
9440	1557	1784088796795	4207229921
9441	1533	1784088796795	1532550753
9442	1693	1784088796795	2042287467
9443	1545	1784088796796	1934901287
9444	1682	1784088796796	2372803559
9445	1534	1784088796797	3469284342
9446	1680	1784088796797	1029495480
9447	1532	1784088796797	2742250564
9448	1682	1784088796798	83624469
9449	1534	1784088796798	3376458733
945	1472	1784088791200	2449849872
9450	1685	1784088796799	4079543681
9451	1537	1784088796799	2227267447
9452	1680	1784088796799	3061792118
9453	1532	1784088796800	1692304889
9454	1525	1784088796800	863782337
9455	1509	1784088796801	598280407
9456	1668	1784088796801	3255606951
9457	1702	1784088796801	3531493571
9458	1508	1784088796801	2216931280
9459	1703	1784088796803	1218378686
946	1549	1784088791201	735463129
9460	1509	1784088796803	1120645903
9461	1714	1784088796804	805695225
9462	1511	1784088796804	2622633149
9463	1715	1784088796805	755596995
9464	1512	1784088796805	1507892271
9465	1715	1784088796805	2415721789
9466	1512	1784088796805	3017484152
9467	1597	1784088796806	3665455594
9468	1468	1784088796807	2137971402
9469	1530	1784088796808	3870492323
947	1512	1784088791201	2964321691
9470	1519	1784088796808	212900308
9471	1505	1784088796808	385056258
9472	1543	1784088796809	2980987494
9473	1521	1784088796810	4276019592
9474	1476	1784088796810	2490151782
9475	1530	1784088796810	3473751149
9476	1522	1784088796811	4287971789
9477	1476	1784088796811	2713176747
9478	1553	1784088796811	3925260809
9479	1554	1784088796811	2536367439
948	1466	1784088791202	2855043552
9480	1553	1784088796813	2256998646
9481	1554	1784088796813	3124788072
9482	1553	1784088796814	2378296979
9483	1553	1784088796814	1708790401
9484	1554	1784088796815	850835342
9485	1553	1784088796815	2014384174
9486	1554	1784088796815	258303143
9487	1475	1784088796817	2297080070
9488	1463	1784088796817	1797630276
9489	1595	1784088796818	1660325259
949	1456	1784088791202	1464908514
9490	1456	1784088796818	4190447320
9491	1580	1784088796818	4180236934
9492	1540	1784088796819	4071693188
9493	1538	1784088796819	2434305325
9494	1539	1784088796820	4079671002
9495	1633	1784088796820	244272851
9496	1565	1784088796821	3744227093
9497	1594	1784088796821	1431994021
9498	1542	1784088796821	1792979794
9499	1548	1784088796822	3892699542
95	1620	1784088786289	1857988682
950	1589	1784088791203	1483614253
9500	1560	1784088796822	2929639281
9501	1565	1784088796822	3435208288
9502	1558	1784088796823	3940895710
9503	1562	1784088796823	2063349342
9504	1538	1784088796824	3115583224
9505	1619	1784088796824	45055606
9506	1544	1784088796825	2585172678
9507	1540	1784088796825	4254718788
9508	1675	1784088796825	4118671005
9509	1463	1784088796825	1721308429
951	1496	1784088791203	2256995796
9510	1674	1784088796827	3644081268
9511	1463	1784088796828	2555807080
9512	1671	1784088796828	4198961113
9513	1463	1784088796828	687513570
9514	1648	1784088796828	3796007883
9515	1459	1784088796829	1436460518
9516	1586	1784088796829	113097940
9517	1460	1784088796830	22401424
9518	1589	1784088796830	860175305
9519	1461	1784088796830	732611326
952	1655	1784088791203	3312222873
9520	1672	1784088796832	237801970
9521	1465	1784088796832	124302129
9522	1465	1784088796832	3114515647
9523	1457	1784088796833	4133604653
9524	1465	1784088796833	1232576805
9525	1457	1784088796834	202843603
9526	1541	1784088796834	4245652520
9527	1550	1784088796834	234025869
9528	1459	1784088796835	1771900643
9529	1466	1784088796835	2722092364
953	1511	1784088791204	1664788402
9530	1458	1784088796836	3560259958
9531	1466	1784088796836	640657138
9532	1458	1784088796837	307683413
9533	1575	1784088796837	54372363
9534	1463	1784088796837	3975504557
9535	1472	1784088796838	296857421
9536	1464	1784088797095	85722116
9537	1541	1784088797096	1286031651
9538	1471	1784088797096	2015137861
9539	1462	1784088797096	1324952935
954	1622	1784088791204	3288546327
9540	1473	1784088797097	3656815912
9541	1464	1784088797098	1186281925
9542	1471	1784088797098	2058674529
9543	1462	1784088797099	1337693686
9544	1578	1784088797099	2778882679
9545	1466	1784088797100	3717126438
9546	1557	1784088797100	782177522
9547	1463	1784088797101	1515478224
9548	1457	1784088797101	3559938122
9549	1571	1784088797101	1521364047
955	1511	1784088791205	2315876538
9550	1456	1784088797101	1610549397
9551	1473	1784088797103	3875054137
9552	1467	1784088797103	2803889236
9553	1552	1784088797104	3627071561
9554	1462	1784088797105	3075037931
9555	1540	1784088797105	1550707218
9556	1556	1784088797106	2699598973
9557	1556	1784088797106	1589938898
9558	1466	1784088797107	1768803150
9559	1466	1784088797107	2951461931
956	1457	1784088791205	2974501143
9560	1467	1784088797108	655258887
9561	1466	1784088797108	1783573670
9562	1467	1784088797108	1563578951
9563	1466	1784088797109	1009959981
9564	1467	1784088797109	3547741063
9565	1463	1784088797110	3202158212
9566	1472	1784088797110	2278221630
9567	1467	1784088797111	573153422
9568	1469	1784088797111	3074597675
9569	1469	1784088797111	1749206091
957	1457	1784088791206	1758352780
9570	1481	1784088797113	395857899
9571	1472	1784088797113	3993540947
9572	1562	1784088797113	481658980
9573	1571	1784088797113	540732093
9574	1470	1784088797114	3998746790
9575	1570	1784088797114	926098283
9576	1561	1784088797115	468348451
9577	1556	1784088797116	2079643352
9578	1559	1784088797116	2201445688
9579	1556	1784088797117	575747643
958	1549	1784088791207	1402780159
9580	1556	1784088797117	3049222459
9581	1556	1784088797118	4012054384
9582	1556	1784088797119	3995291757
9583	1556	1784088797119	3032430118
9584	1556	1784088797120	42414999
9585	1458	1784088797120	2863874791
9586	1461	1784088797121	3656737673
9587	1464	1784088797121	3617737636
9588	1504	1784088797121	3063413896
9589	1514	1784088797123	3818784360
959	1461	1784088791207	2299904237
9590	1516	1784088797123	460561691
9591	1524	1784088797124	162079160
9592	1600	1784088797124	3821692776
9593	1602	1784088797124	2198375178
9594	1513	1784088797125	86436853
9595	1596	1784088797125	360608434
9596	1460	1784088797126	2950553084
9597	1505	1784088797126	1847554429
9598	1507	1784088797127	3836779895
9599	1504	1784088797127	1883265069
96	1525	1784088786290	3796937414
960	1506	1784088791208	2950194726
9600	1507	1784088797128	627767303
9601	1629	1784088797128	792751827
9602	1631	1784088797128	2874133592
9603	1628	1784088797129	1708652349
9604	1631	1784088797130	1968462492
9605	1631	1784088797130	2743294420
9606	1633	1784088797131	1841469690
9607	1630	1784088797131	963043928
9608	1633	1784088797131	2954283381
9609	1631	1784088797132	3503463593
961	1497	1784088791208	363615548
9610	1633	1784088797132	2275495974
9611	1630	1784088797133	217664313
9612	1633	1784088797133	2495668951
9613	1630	1784088797133	3364106284
9614	1632	1784088797135	2880885649
9615	1629	1784088797135	3516250226
9616	1632	1784088797136	3676891823
9617	1632	1784088797137	4027465691
9618	1634	1784088797137	481251992
9619	1631	1784088797138	84119411
962	1519	1784088791209	687095226
9620	1634	1784088797138	2843340146
9621	1632	1784088797139	365302411
9622	1634	1784088797139	2419714887
9623	1631	1784088797140	907302070
9624	1634	1784088797140	2883662197
9625	1498	1784088797141	341965962
9626	1557	1784088797141	1765333090
9627	1598	1784088797143	3529869695
9628	1468	1784088797143	1321623336
9629	1716	1784088797144	3594386451
963	1507	1784088791209	4078052294
9630	1699	1784088797144	2207475072
9631	1474	1784088797145	3430942595
9632	1574	1784088797145	4025350155
9633	1683	1784088797145	2168387617
9634	1551	1784088797145	4043103743
9635	1530	1784088797146	698710603
9636	1544	1784088797146	4265118658
9637	1531	1784088797147	1092741296
9638	1554	1784088797148	4129464827
9639	1532	1784088797148	311850229
964	1553	1784088791210	3487047067
9640	1669	1784088797149	3611421656
9641	1526	1784088797149	3949500044
9642	1657	1784088797150	1143423970
9643	1531	1784088797151	1485947476
9644	1626	1784088797151	846916028
9645	1528	1784088797153	3056130860
9646	1525	1784088797153	539868891
9647	1526	1784088797153	3347559478
9648	1525	1784088797154	52638340
9649	1512	1784088797154	1566116821
965	1553	1784088791210	1733922373
9650	1513	1784088797155	347362366
9651	1519	1784088797155	907313874
9652	1520	1784088797156	4293061848
9653	1514	1784088797156	3320265253
9654	1616	1784088797157	560464251
9655	1517	1784088797157	701267704
9656	1680	1784088797158	4002114632
9657	1681	1784088797158	905274350
9658	1680	1784088797158	1242645269
9659	1667	1784088797159	1364145284
966	1460	1784088791210	1144639950
9660	1639	1784088797160	3341277520
9661	1453	1784088797160	1411985083
9662	1511	1784088797161	2483830284
9663	1455	1784088797161	916021197
9664	1455	1784088797162	3974554217
9665	1515	1784088797162	4052402397
9666	1655	1784088797163	1450744633
9667	1514	1784088797163	1885315620
9668	1531	1784088797164	741192563
9669	1514	1784088797164	166864145
967	1457	1784088791211	179358009
9670	1655	1784088797165	1660584938
9671	1514	1784088797166	3273398420
9672	1886	1784088797166	755532867
9673	1766	1784088797167	2022851492
9674	1905	1784088797168	3080999016
9675	1771	1784088797168	38448500
9676	1898	1784088797169	2093432754
9677	1769	1784088797169	620211310
9678	1896	1784088797169	1099427385
9679	1769	1784088797170	3478715473
968	1464	1784088791211	1164822361
9680	1509	1784088797170	4165531139
9681	1531	1784088797171	1528742831
9682	1602	1784088797171	1271940408
9683	1520	1784088797172	2986036097
9684	1524	1784088797173	3694506824
9685	1524	1784088797173	2244272823
9686	1517	1784088797173	1231832706
9687	1507	1784088797174	3248101693
9688	1514	1784088797174	2458084744
9689	1510	1784088797175	2222381627
969	1457	1784088791213	735586018
9690	1521	1784088797175	288613163
9691	1515	1784088797175	1333728687
9692	1516	1784088797175	3510111781
9693	1510	1784088797176	1336929239
9694	1517	1784088797177	298792219
9695	1511	1784088797177	4209022704
9696	1514	1784088797178	3907973344
9697	1508	1784088797178	2832290791
9698	1524	1784088797179	16607952
9699	1518	1784088797179	3221806795
97	1606	1784088786293	4233239861
970	1508	1784088791213	3893347726
9700	1469	1784088797179	3254906479
9701	1497	1784088797180	3683602032
9702	1528	1784088797180	249297351
9703	1686	1784088797181	3635093341
9704	1756	1784088797181	2438867923
9705	1653	1784088797183	4161621442
9706	1873	1784088797184	1573850003
9707	1602	1784088797184	560526824
9708	1602	1784088797184	3324689997
9709	1602	1784088797185	3160120987
971	1498	1784088791213	2557006021
9710	1602	1784088797185	1224300814
9711	1625	1784088797186	4018333413
9712	1457	1784088797186	3467369262
9713	1461	1784088797187	2491305208
9714	1462	1784088797187	2912142091
9715	1684	1784088797187	3848051036
9716	1453	1784088797188	1856778523
9717	1635	1784088797189	1320675132
9718	1513	1784088797189	1184362117
9719	1513	1784088797190	1737396403
972	1506	1784088791214	478394282
9720	1594	1784088797190	1125014337
9721	1502	1784088797191	656498674
9722	1504	1784088797191	1453556473
9723	1604	1784088797191	1373031642
9724	1506	1784088797193	1569911895
9725	1506	1784088797194	19173503
9726	1505	1784088797194	91538335
9727	1548	1784088797194	475066851
9728	1545	1784088797195	3878286907
9729	1681	1784088797195	2896417923
973	1515	1784088791214	884665903
9730	1550	1784088797196	1488939269
9731	1675	1784088797196	3338449544
9732	1548	1784088797196	2391050620
9733	1760	1784088797198	2851236369
9734	1547	1784088797198	3358205216
9735	1521	1784088797198	1564222844
9736	1599	1784088797199	2316237175
9737	1507	1784088797199	3684123906
9738	1509	1784088797200	4078224065
9739	1610	1784088797201	3827515092
974	1500	1784088791215	1154064950
9740	1511	1784088797201	2889388863
9741	1610	1784088797201	3220621299
9742	1511	1784088797203	1214092212
9743	1610	1784088797204	2092280004
9744	1511	1784088797204	1114706152
9745	1609	1784088797204	3348891423
9746	1510	1784088797205	1464203320
9747	1904	1784088797206	1653233157
9748	1910	1784088797207	1278733083
9749	1636	1784088797207	2554471064
975	1788	1784088791215	303844840
9750	1910	1784088797208	3844340648
9751	1910	1784088797208	2543973138
9752	1644	1784088797208	4159798673
9753	1909	1784088797209	3902894236
9754	1913	1784088797209	2036740975
9755	1643	1784088797210	1230245200
9756	1909	1784088797210	3181917014
9757	1911	1784088797211	2687527695
9758	1643	1784088797211	1608124076
9759	1904	1784088797211	3902364517
976	1674	1784088791216	3123187892
9760	1910	1784088797211	1821545933
9761	1636	1784088797214	306308099
9762	1905	1784088797214	76582501
9763	1911	1784088797214	264991421
9764	1638	1784088797215	1336970806
9765	1912	1784088797215	3620546627
9766	1914	1784088797216	459439092
9767	1649	1784088797216	210261076
9768	1914	1784088797217	139094474
9769	1914	1784088797217	3731957395
977	1587	1784088791216	2506670779
9770	1645	1784088797218	1535484468
9771	1832	1784088797219	78519054
9772	1832	1784088797219	2133530784
9773	1644	1784088797219	1294093682
9774	1911	1784088797220	1078927662
9775	1913	1784088797220	3623966051
9776	1645	1784088797221	1621739400
9777	1911	1784088797221	823278790
9778	1908	1784088797221	1014045096
9779	1645	1784088797223	3342739119
978	1458	1784088791216	3073856225
9780	1909	1784088797223	1751378201
9781	1913	1784088797224	1874602667
9782	1642	1784088797224	4118473014
9783	1911	1784088797224	1107810869
9784	1913	1784088797225	816151719
9785	1645	1784088797225	3415198413
9786	1902	1784088797226	1593405271
9787	1909	1784088797227	1819902579
9788	1632	1784088797227	479851750
9789	1833	1784088797228	3184005793
979	1455	1784088791217	1766486461
9790	1837	1784088797229	1996379055
9791	1644	1784088797229	3918454398
9792	1831	1784088797230	4291757650
9793	1835	1784088797231	793806006
9794	1643	1784088797231	1892278350
9795	1911	1784088797232	2188887448
9796	1913	1784088797232	1045827891
9797	1645	1784088797233	2252097269
9798	1910	1784088797233	1980843865
9799	1912	1784088797234	597511013
98	1513	1784088786295	3008139019
980	1541	1784088791217	2301504742
9800	1644	1784088797234	3004553549
9801	1909	1784088797236	2409528896
9802	1909	1784088797236	2111666551
9803	1643	1784088797237	3435556280
9804	1911	1784088797237	129423569
9805	1915	1784088797237	262657143
9806	1644	1784088797238	3661016721
9807	1833	1784088797238	1558555087
9808	1836	1784088797239	701211370
9809	1644	1784088797240	3038267102
981	1471	1784088791218	2018220222
9810	1832	1784088797240	133399511
9811	1836	1784088797241	1059540992
9812	1644	1784088797241	486932654
9813	1865	1784088797241	3073967079
9814	1605	1784088797241	2935035915
9815	1478	1784088797242	3231897365
9816	1475	1784088797243	858497196
9817	1552	1784088797244	271054141
9818	1555	1784088797244	3017715421
9819	1552	1784088797245	2958706069
982	1465	1784088791218	1301140198
9820	1583	1784088797245	3170169186
9821	1557	1784088797246	2863565384
9822	1547	1784088797246	3941925496
9823	1558	1784088797247	1542948859
9824	1559	1784088797247	618312562
9825	1559	1784088797248	1051881101
9826	1546	1784088797248	2715447920
9827	1547	1784088797248	2929455793
9828	1548	1784088797249	4225149680
9829	1545	1784088797249	1778157670
983	1592	1784088791219	2498115755
9830	1552	1784088797250	3834677309
9831	1546	1784088797250	2658360065
9832	1553	1784088797251	841631331
9833	1550	1784088797251	81478290
9834	1585	1784088797252	2157963948
9835	1548	1784088797252	3154582638
9836	1548	1784088797253	558488864
9837	1549	1784088797253	1399669715
9838	1553	1784088797253	1471692357
9839	1557	1784088797254	2631936227
984	1500	1784088791219	3495587772
9840	1556	1784088797254	3341943298
9841	1558	1784088797255	713564376
9842	1507	1784088797256	802758719
9843	1595	1784088797256	2047870598
9844	1595	1784088797257	1583432109
9845	1598	1784088797257	599224321
9846	1598	1784088797258	2567932217
9847	1598	1784088797258	3866557569
9848	1599	1784088797258	1181688078
9849	1593	1784088797259	3571203215
985	1516	1784088791219	3769776527
9850	1593	1784088797259	3053045836
9851	1598	1784088797260	4045677574
9852	1600	1784088797260	2472968930
9853	1607	1784088797261	2813695524
9854	1600	1784088797261	2970817191
9855	1607	1784088797261	3332151570
9856	1605	1784088797262	1295439420
9857	1603	1784088797262	3733315325
9858	1603	1784088797264	229527472
9859	1597	1784088797264	2423965715
986	1509	1784088791220	2804974166
9860	1597	1784088797265	3000070017
9861	1599	1784088797265	1046136203
9862	1600	1784088797265	273740328
9863	1598	1784088797266	1863505418
9864	1601	1784088797266	1376890061
9865	1597	1784088797266	597786749
9866	1597	1784088797267	2292961598
9867	1598	1784088797268	1226047827
9868	1505	1784088797269	3288587247
9869	1506	1784088797269	3561956955
987	1515	1784088791220	3370724403
9870	1508	1784088797270	331943788
9871	1508	1784088797270	3227468252
9872	1508	1784088797271	99114652
9873	1509	1784088797271	3707015339
9874	1503	1784088797271	1441787570
9875	1504	1784088797271	1917444577
9876	1508	1784088797273	2235555082
9877	1510	1784088797273	4241412064
9878	1517	1784088797274	3013608805
9879	1511	1784088797274	743631506
988	1508	1784088791221	3354202029
9880	1518	1784088797275	2983035884
9881	1515	1784088797275	312850866
9882	1513	1784088797276	859330122
9883	1513	1784088797276	913321823
9884	1507	1784088797276	1046456801
9885	1508	1784088797276	2213892914
9886	1509	1784088797277	3912484327
9887	1510	1784088797277	745105336
9888	1509	1784088797278	543549564
9889	1511	1784088797278	904288531
989	1594	1784088791223	2578886554
9890	1507	1784088797279	116648032
9891	1508	1784088797279	53968891
9892	1508	1784088797280	1687275419
9893	1464	1784088797280	892609392
9894	1464	1784088797281	373250835
9895	1464	1784088797281	2728471754
9896	1464	1784088797281	3601595382
9897	1464	1784088797282	1576393934
9898	1464	1784088797282	1674325205
9899	1464	1784088797283	1289212325
99	1604	1784088786296	1539093206
990	1501	1784088791223	2059536161
9900	1463	1784088797283	4079110195
9901	1522	1784088797284	4033400187
9902	1525	1784088797284	3195038437
9903	1518	1784088797285	136039038
9904	1468	1784088797285	3687996363
9905	1459	1784088797285	3582781128
9906	1533	1784088797287	1019788131
9907	1631	1784088797287	771996064
9908	1635	1784088797288	3905666790
9909	1635	1784088797288	2930283633
991	1592	1784088791223	162524477
9910	1633	1784088797289	1554102460
9911	1628	1784088797289	2448068693
9912	1528	1784088797289	2650139337
9913	1535	1784088797290	2162264617
9914	1631	1784088797290	4224532435
9915	1636	1784088797291	4123380578
9916	1637	1784088797291	3922342312
9917	1636	1784088797292	4021955798
9918	1630	1784088797292	3710990294
9919	1516	1784088797293	4060914570
992	1500	1784088791224	3806991801
9920	1539	1784088797293	4217370109
9921	1525	1784088797293	1065332280
9922	1529	1784088797294	1092530573
9923	1523	1784088797294	4154037289
9924	1528	1784088797295	146847697
9925	1529	1784088797295	2763383686
9926	1475	1784088797296	1491454294
9927	1573	1784088797296	2594656100
9928	1577	1784088797296	223913583
9929	1577	1784088797297	4112709808
993	1595	1784088791224	933321442
9930	1575	1784088797297	2744289964
9931	1570	1784088797298	1492708843
9932	1535	1784088797298	2103133178
9933	1516	1784088797299	2505961853
9934	1522	1784088797299	1303915434
9935	1669	1784088797300	3975616009
9936	1667	1784088797300	1635193544
9937	1658	1784088797300	273850456
9938	1665	1784088797301	2688719431
9939	1668	1784088797301	3376284152
994	1502	1784088791225	1426500983
9940	1669	1784088797302	495479919
9941	1659	1784088797302	2715340444
9942	1656	1784088797303	2544423863
9943	1519	1784088797303	3961847270
9944	1486	1784088797303	2082012137
9945	1490	1784088797304	4070162839
9946	1496	1784088797304	3142000430
9947	1617	1784088797305	2512844477
9948	1907	1784088797305	2026673039
9949	1911	1784088797306	3207142423
995	1725	1784088791225	725918525
9950	1640	1784088797306	1245412234
9951	1461	1784088797306	1816980964
9952	1465	1784088797307	990013728
9953	1663	1784088797307	419882428
9954	1473	1784088797307	2060009644
9955	1657	1784088797308	1052674948
9956	1657	1784088797308	1005771052
9957	1593	1784088797309	1763727387
9958	1657	1784088797309	2387425333
9959	1663	1784088797310	791742413
996	1456	1784088791226	880665821
9960	1473	1784088797310	3195346543
9961	1657	1784088797311	536468076
9962	1557	1784088797311	3275305235
9963	1649	1784088797311	1248981863
9964	1473	1784088797313	1530970080
9965	1474	1784088797313	3328277879
9966	1473	1784088797313	3514211240
9967	1479	1784088797314	812715411
9968	1472	1784088797314	4024045479
9969	1474	1784088797315	3579819629
997	1456	1784088791226	169434812
9970	1547	1784088797315	3743248470
9971	1549	1784088797315	1161795139
9972	1591	1784088797316	2209686104
9973	1585	1784088797316	2114756628
9974	1473	1784088797316	2733705397
9975	1567	1784088797317	114443572
9976	1467	1784088797317	1574613891
9977	1655	1784088797318	1558640838
9978	1526	1784088797318	677099280
9979	1520	1784088797319	188004318
998	1456	1784088791227	1839194620
9980	1650	1784088797319	2895876190
9981	1523	1784088797319	410557562
9982	1585	1784088797320	2599295297
9983	1463	1784088797320	202141840
9984	1532	1784088797321	1825476851
9985	1525	1784088797321	483034602
9986	1517	1784088797321	3575147956
9987	1506	1784088797323	1227334323
9988	1622	1784088797323	2633288336
9989	1509	1784088797324	3956404836
999	1456	1784088791228	4178455905
9990	1574	1784088797324	4099896260
9991	1464	1784088797325	403518964
9992	1517	1784088797325	2619744161
9993	1506	1784088797325	4004881221
9994	1508	1784088797326	1442037692
9995	1504	1784088797326	3457600560
9996	1513	1784088797327	290164214
9997	1509	1784088797327	1617072516
9998	1607	1784088797327	1073885364
9999	1510	1784088797328	1622333674
